filename,species_label,scientific_name,taxon_id,observation_id,photo_id,observed_on,latitude,longitude,photo_url,license
data\ground_species_dataset\raw\pterois_volitans\pterois_volitans_0001.jpg,pterois_volitans,Pterois volitans,47280,389332067,713138461,2026-08-07,17.6471670459,-63.2556909327,https://inaturalist-open-data.s3.amazonaws.com/photos/713138461/large.jpg,cc-by-nc
data\ground_species_dataset\raw\pterois_volitans\pterois_volitans_0002.jpg,pterois_volitans,Pterois volitans,47280,389332052,713138242,2026-08-07,17.6471670459,-63.2556909327,https://inaturalist-open-data.s3.amazonaws.com/photos/713138242/large.jpg,cc-by-nc
data\ground_species_dataset\raw\pterois_volitans\pterois_volitans_0003.jpg,pterois_volitans,Pterois volitans,47280,389167753,712395330,2026-05-13,-0.6476328021,130.3142028829,https://inaturalist-open-data.s3.amazonaws.com/photos/712395330/large.jpg,cc-by-nc
data\ground_species_dataset\raw\pterois_volitans\pterois_volitans_0004.jpg,pterois_volitans,Pterois volitans,47280,389167682,712394744,2026-05-13,-0.6476328021,130.3142028829,https://inaturalist-open-data.s3.amazonaws.com/photos/712394744/large.jpg,cc-by-nc
data\ground_species_dataset\raw\pterois_volitans\pterois_volitans_0005.jpg,pterois_volitans,Pterois volitans,47280,389167681,712394720,2026-05-13,-0.6476328021,130.3142028829,https://inaturalist-open-data.s3.amazonaws.com/photos/712394720/large.jpg,cc-by-nc
data\ground_species_dataset\raw\pterois_volitans\pterois_volitans_0006.jpg,pterois_volitans,Pterois volitans,47280,389133921,712753650,2026-08-06,10.3209028018,-75.5806240169,https://inaturalist-open-data.s3.amazonaws.com/photos/712753650/large.jpg,cc-by-nc
data\ground_species_dataset\raw\pterois_volitans\pterois_volitans_0007.jpg,pterois_volitans,Pterois volitans,47280,388843337,712207981,2017-05-11,18.458202,-77.3984704,https://static.inaturalist.org/photos/712207981/large.jpg,
data\ground_species_dataset\raw\pterois_volitans\pterois_volitans_0008.jpg,pterois_volitans,Pterois volitans,47280,388655308,711842912,2023-07-21,18.4757005557,-66.3161117679,https://inaturalist-open-data.s3.amazonaws.com/photos/711842912/large.jpg,cc-by-nc
data\ground_species_dataset\raw\pterois_volitans\pterois_volitans_0009.jpg,pterois_volitans,Pterois volitans,47280,388653254,711839390,2023-07-23,18.4764593075,-66.3137055242,https://inaturalist-open-data.s3.amazonaws.com/photos/711839390/large.jpg,cc-by-nc
data\ground_species_dataset\raw\pterois_volitans\pterois_volitans_0010.jpg,pterois_volitans,Pterois volitans,47280,388642331,711818988,2026-08-03,17.9845145764,-63.0472659022,https://inaturalist-open-data.s3.amazonaws.com/photos/711818988/large.jpg,cc-by-nc
data\ground_species_dataset\raw\pterois_volitans\pterois_volitans_0011.jpg,pterois_volitans,Pterois volitans,47280,388556457,711625910,2026-05-30,14.6371776303,-61.1380062337,https://inaturalist-open-data.s3.amazonaws.com/photos/711625910/large.jpg,cc-by
data\ground_species_dataset\raw\pterois_volitans\pterois_volitans_0012.jpg,pterois_volitans,Pterois volitans,47280,388517527,711569559,2026-08-05,26.1121155067,-80.0543045682,https://static.inaturalist.org/photos/711569559/large.jpg,
data\ground_species_dataset\raw\pterois_volitans\pterois_volitans_0013.jpg,pterois_volitans,Pterois volitans,47280,388490885,711521622,2025-07-03,16.9671963147,-88.1605779352,https://inaturalist-open-data.s3.amazonaws.com/photos/711521622/large.jpg,cc-by-nc
data\ground_species_dataset\raw\pterois_volitans\pterois_volitans_0014.jpg,pterois_volitans,Pterois volitans,47280,388309915,711140183,2026-05-12,-0.566787,130.275625,https://inaturalist-open-data.s3.amazonaws.com/photos/711140183/large.jpg,cc-by-nc
data\ground_species_dataset\raw\pterois_volitans\pterois_volitans_0015.jpg,pterois_volitans,Pterois volitans,47280,388309897,711139944,2026-05-12,-0.566787,130.275625,https://inaturalist-open-data.s3.amazonaws.com/photos/711139944/large.jpg,cc-by-nc
data\ground_species_dataset\raw\pterois_volitans\pterois_volitans_0016.jpg,pterois_volitans,Pterois volitans,47280,388261516,711072042,2026-08-04,24.7261006062,-77.7843659802,https://static.inaturalist.org/photos/711072042/large.jpg,
data\ground_species_dataset\raw\pterois_volitans\pterois_volitans_0017.jpg,pterois_volitans,Pterois volitans,47280,388156826,710868040,2026-05-30,-32.1240541418,115.7584903227,https://inaturalist-open-data.s3.amazonaws.com/photos/710868040/large.jpg,cc-by-nc
data\ground_species_dataset\raw\pterois_volitans\pterois_volitans_0018.jpg,pterois_volitans,Pterois volitans,47280,388137116,710832143,2026-07-18,16.3282935956,-86.4999053148,https://inaturalist-open-data.s3.amazonaws.com/photos/710832143/large.jpg,cc-by-nc
data\ground_species_dataset\raw\pterois_volitans\pterois_volitans_0019.jpg,pterois_volitans,Pterois volitans,47280,388094165,710744849,2026-07-09,22.638745,121.4794883333,https://inaturalist-open-data.s3.amazonaws.com/photos/710744849/large.jpg,cc-by-nc
data\ground_species_dataset\raw\pterois_volitans\pterois_volitans_0020.jpg,pterois_volitans,Pterois volitans,47280,388093804,710744204,2026-07-09,22.638745,121.4794883333,https://inaturalist-open-data.s3.amazonaws.com/photos/710744204/large.jpg,cc-by-nc
data\ground_species_dataset\raw\pterois_volitans\pterois_volitans_0021.jpg,pterois_volitans,Pterois volitans,47280,388090587,710737469,2026-07-09,22.638745,121.4794883333,https://inaturalist-open-data.s3.amazonaws.com/photos/710737469/large.jpg,cc-by-nc
data\ground_species_dataset\raw\pterois_volitans\pterois_volitans_0022.jpg,pterois_volitans,Pterois volitans,47280,387959634,710477438,2026-08-03,12.2009849468,-68.3178304885,https://inaturalist-open-data.s3.amazonaws.com/photos/710477438/large.jpg,cc-by-nc
data\ground_species_dataset\raw\pterois_volitans\pterois_volitans_0023.jpg,pterois_volitans,Pterois volitans,47280,387937445,710420961,2026-05-28,14.4615949178,-60.9121347013,https://inaturalist-open-data.s3.amazonaws.com/photos/710420961/large.jpg,cc-by
data\ground_species_dataset\raw\pterois_volitans\pterois_volitans_0024.jpg,pterois_volitans,Pterois volitans,47280,387823014,710154868,2010-10-30,-0.9107,130.6079,https://inaturalist-open-data.s3.amazonaws.com/photos/710154868/large.jpg,cc-by-nc
data\ground_species_dataset\raw\pterois_volitans\pterois_volitans_0025.jpg,pterois_volitans,Pterois volitans,47280,387571778,709720312,2026-08-02,4.2507047883,118.6310070452,https://inaturalist-open-data.s3.amazonaws.com/photos/709720312/large.jpg,cc-by-nc
data\ground_species_dataset\raw\pterois_volitans\pterois_volitans_0026.jpg,pterois_volitans,Pterois volitans,47280,387558586,709688228,2025-05-03,-8.2786335,115.5966361,https://inaturalist-open-data.s3.amazonaws.com/photos/709688228/large.jpg,cc-by-nc
data\ground_species_dataset\raw\pterois_volitans\pterois_volitans_0027.jpg,pterois_volitans,Pterois volitans,47280,387405577,709403207,2026-08-01,20.3707383333,-87.025025,https://inaturalist-open-data.s3.amazonaws.com/photos/709403207/large.jpg,cc-by-nc
data\ground_species_dataset\raw\pterois_volitans\pterois_volitans_0028.jpg,pterois_volitans,Pterois volitans,47280,387398417,709387427,2024-07-10,10.1697267,-75.6568053159,https://inaturalist-open-data.s3.amazonaws.com/photos/709387427/large.jpg,cc-by
data\ground_species_dataset\raw\pterois_volitans\pterois_volitans_0029.jpg,pterois_volitans,Pterois volitans,47280,387373056,709332239,2026-08-01,28.4058751679,129.4967432346,https://inaturalist-open-data.s3.amazonaws.com/photos/709332239/large.jpg,cc-by-nc
data\ground_species_dataset\raw\pterois_volitans\pterois_volitans_0030.jpg,pterois_volitans,Pterois volitans,47280,387057614,708712098,2026-07-29,19.3837727909,-81.4173769511,https://inaturalist-open-data.s3.amazonaws.com/photos/708712098/large.jpg,cc-by-nc
data\ground_species_dataset\raw\pterois_volitans\pterois_volitans_0031.jpg,pterois_volitans,Pterois volitans,47280,386907763,708445504,2026-07-31,12.1241798469,-68.972235025,https://inaturalist-open-data.s3.amazonaws.com/photos/708445504/large.jpg,cc-by-nc
data\ground_species_dataset\raw\pterois_volitans\pterois_volitans_0032.jpg,pterois_volitans,Pterois volitans,47280,386907376,708444594,2026-07-31,12.2346169316,-69.1032493436,https://inaturalist-open-data.s3.amazonaws.com/photos/708444594/large.jpg,cc-by-nc
data\ground_species_dataset\raw\pterois_volitans\pterois_volitans_0033.jpg,pterois_volitans,Pterois volitans,47280,386907350,708444523,2026-07-31,12.3140977211,-69.152201872,https://inaturalist-open-data.s3.amazonaws.com/photos/708444523/large.jpg,cc-by-nc
data\ground_species_dataset\raw\pterois_volitans\pterois_volitans_0034.jpg,pterois_volitans,Pterois volitans,47280,386895574,708418108,2026-07-30,16.1642825124,-61.3787117161,https://inaturalist-open-data.s3.amazonaws.com/photos/708418108/large.jpg,cc-by-nc
data\ground_species_dataset\raw\pterois_volitans\pterois_volitans_0035.jpg,pterois_volitans,Pterois volitans,47280,386895546,708405316,2026-07-25,15.950894345,-61.7102423421,https://inaturalist-open-data.s3.amazonaws.com/photos/708405316/large.jpg,cc-by-nc
data\ground_species_dataset\raw\pterois_volitans\pterois_volitans_0036.jpg,pterois_volitans,Pterois volitans,47280,386845614,708327076,2026-07-31,-27.4738102323,153.4154625993,https://inaturalist-open-data.s3.amazonaws.com/photos/708327076/large.jpg,cc-by-nc
data\ground_species_dataset\raw\pterois_volitans\pterois_volitans_0037.jpg,pterois_volitans,Pterois volitans,47280,386837887,708311755,2026-07-06,1.4807975545,125.2521107115,https://static.inaturalist.org/photos/708311755/large.jpg,
data\ground_species_dataset\raw\pterois_volitans\pterois_volitans_0038.jpg,pterois_volitans,Pterois volitans,47280,386821418,708279225,2026-06-28,1.6053361395,124.7674497943,https://static.inaturalist.org/photos/708279225/large.jpg,
data\ground_species_dataset\raw\pterois_volitans\pterois_volitans_0039.jpg,pterois_volitans,Pterois volitans,47280,386815845,708270082,2026-07-30,-32.1379744085,115.7442251698,https://inaturalist-open-data.s3.amazonaws.com/photos/708270082/large.jpg,cc-by-nc
data\ground_species_dataset\raw\pterois_volitans\pterois_volitans_0040.jpg,pterois_volitans,Pterois volitans,47280,386788883,708217706,2026-07-31,12.3237304971,-69.1557235767,https://inaturalist-open-data.s3.amazonaws.com/photos/708217706/large.jpg,cc-by-nc
data\ground_species_dataset\raw\pterois_volitans\pterois_volitans_0041.jpg,pterois_volitans,Pterois volitans,47280,386788782,708217414,2026-07-31,12.2634954376,-69.1262649917,https://inaturalist-open-data.s3.amazonaws.com/photos/708217414/large.jpg,cc-by-nc
data\ground_species_dataset\raw\pterois_volitans\pterois_volitans_0042.jpg,pterois_volitans,Pterois volitans,47280,386784026,708206979,2017-10-25,-28.1964935803,153.578708476,https://inaturalist-open-data.s3.amazonaws.com/photos/708206979/large.jpg,cc-by-nc
data\ground_species_dataset\raw\pterois_volitans\pterois_volitans_0043.jpg,pterois_volitans,Pterois volitans,47280,386678385,707974889,2026-07-12,9.9837079498,123.3704413658,https://inaturalist-open-data.s3.amazonaws.com/photos/707974889/large.jpg,cc-by-nc
data\ground_species_dataset\raw\pterois_volitans\pterois_volitans_0044.jpg,pterois_volitans,Pterois volitans,47280,386630234,707915081,2026-07-24,20.5737644415,-87.1173397824,https://inaturalist-open-data.s3.amazonaws.com/photos/707915081/large.jpg,cc-by
data\ground_species_dataset\raw\pterois_volitans\pterois_volitans_0045.jpg,pterois_volitans,Pterois volitans,47280,386520909,707708789,2026-07-22,-14.8874263359,145.6981014596,https://static.inaturalist.org/photos/707708789/large.jpg,
data\ground_species_dataset\raw\pterois_volitans\pterois_volitans_0046.jpg,pterois_volitans,Pterois volitans,47280,386510210,707688099,2026-07-17,-14.8874263359,145.6981014596,https://static.inaturalist.org/photos/707688099/large.jpg,
data\ground_species_dataset\raw\pterois_volitans\pterois_volitans_0047.jpg,pterois_volitans,Pterois volitans,47280,386464760,707595481,2026-07-07,-16.0800253981,-145.7149985909,https://static.inaturalist.org/photos/707595481/large.jpg,
data\ground_species_dataset\raw\pterois_volitans\pterois_volitans_0048.jpg,pterois_volitans,Pterois volitans,47280,386421148,707512168,2026-07-27,18.009981498,-63.0064653625,https://inaturalist-open-data.s3.amazonaws.com/photos/707512168/large.jpg,cc-by-nc
data\ground_species_dataset\raw\pterois_volitans\pterois_volitans_0049.jpg,pterois_volitans,Pterois volitans,47280,386336580,707351877,2026-07-24,12.341205,-69.1527555,https://inaturalist-open-data.s3.amazonaws.com/photos/707351877/large.jpg,cc-by-nc
data\ground_species_dataset\raw\pterois_volitans\pterois_volitans_0050.jpg,pterois_volitans,Pterois volitans,47280,386326527,707326492,2026-07-22,19.236409,-96.07056,https://inaturalist-open-data.s3.amazonaws.com/photos/707326492/large.jpg,cc-by-nc
data\ground_species_dataset\raw\sparisoma_viride\sparisoma_viride_0001.jpg,sparisoma_viride,Sparisoma viride,112867,389387307,713241978,2015-12-12,24.5484806,-81.4059137,https://inaturalist-open-data.s3.amazonaws.com/photos/713241978/large.jpg,cc-by-nc-nd
data\ground_species_dataset\raw\sparisoma_viride\sparisoma_viride_0002.jpg,sparisoma_viride,Sparisoma viride,112867,389215476,712915551,2026-08-05,18.4570250065,-66.0802755877,https://static.inaturalist.org/photos/712915551/large.jpg,
data\ground_species_dataset\raw\sparisoma_viride\sparisoma_viride_0003.jpg,sparisoma_viride,Sparisoma viride,112867,388851525,712225831,2026-08-01,25.1218296047,-80.278452558,https://inaturalist-open-data.s3.amazonaws.com/photos/712225831/large.jpg,cc-by-nc
data\ground_species_dataset\raw\sparisoma_viride\sparisoma_viride_0004.jpg,sparisoma_viride,Sparisoma viride,112867,388827478,712177550,2026-07-24,25.1378412436,-80.2888943498,https://static.inaturalist.org/photos/712177550/large.jpg,
data\ground_species_dataset\raw\sparisoma_viride\sparisoma_viride_0005.jpg,sparisoma_viride,Sparisoma viride,112867,388827406,712165784,2026-07-24,25.137839819,-80.2888943498,https://static.inaturalist.org/photos/712165784/large.jpg,
data\ground_species_dataset\raw\sparisoma_viride\sparisoma_viride_0006.jpg,sparisoma_viride,Sparisoma viride,112867,388827362,712159961,2026-07-24,25.1376780833,-80.2891407778,https://static.inaturalist.org/photos/712159961/large.jpg,
data\ground_species_dataset\raw\sparisoma_viride\sparisoma_viride_0007.jpg,sparisoma_viride,Sparisoma viride,112867,388793675,712110983,2024-09-16,12.1671535609,-68.287914531,https://inaturalist-open-data.s3.amazonaws.com/photos/712110983/large.jpg,cc-by
data\ground_species_dataset\raw\sparisoma_viride\sparisoma_viride_0008.jpg,sparisoma_viride,Sparisoma viride,112867,388768516,712063471,2026-08-06,12.462766484,-69.9685184449,https://static.inaturalist.org/photos/712063471/large.jpg,
data\ground_species_dataset\raw\sparisoma_viride\sparisoma_viride_0009.jpg,sparisoma_viride,Sparisoma viride,112867,388742600,712013734,2026-08-01,25.1363681912,-80.2928653119,https://inaturalist-open-data.s3.amazonaws.com/photos/712013734/large.jpg,cc-by-nc
data\ground_species_dataset\raw\sparisoma_viride\sparisoma_viride_0010.jpg,sparisoma_viride,Sparisoma viride,112867,388503400,610755835,2026-01-02,16.2749791549,-86.6021581374,https://inaturalist-open-data.s3.amazonaws.com/photos/610755835/large.jpg,cc-by-nc
data\ground_species_dataset\raw\sparisoma_viride\sparisoma_viride_0011.jpg,sparisoma_viride,Sparisoma viride,112867,388297966,711142644,2026-05-13,19.2899633333,-81.38395,https://static.inaturalist.org/photos/711142644/large.jpg,
data\ground_species_dataset\raw\sparisoma_viride\sparisoma_viride_0012.jpg,sparisoma_viride,Sparisoma viride,112867,388261890,711072952,2026-08-03,24.7269344298,-77.783818716,https://static.inaturalist.org/photos/711072952/large.jpg,
data\ground_species_dataset\raw\sparisoma_viride\sparisoma_viride_0013.jpg,sparisoma_viride,Sparisoma viride,112867,388164655,710885327,2026-08-02,25.0892122946,-80.4037038982,https://inaturalist-open-data.s3.amazonaws.com/photos/710885327/large.jpg,cc-by-nc
data\ground_species_dataset\raw\sparisoma_viride\sparisoma_viride_0014.jpg,sparisoma_viride,Sparisoma viride,112867,388078693,710711526,2026-08-01,25.110213,-80.305996,https://inaturalist-open-data.s3.amazonaws.com/photos/710711526/large.jpg,cc-by-nc
data\ground_species_dataset\raw\sparisoma_viride\sparisoma_viride_0015.jpg,sparisoma_viride,Sparisoma viride,112867,388071614,710694721,2026-07-31,25.123612,-80.296929,https://inaturalist-open-data.s3.amazonaws.com/photos/710694721/large.jpg,cc-by-nc
data\ground_species_dataset\raw\sparisoma_viride\sparisoma_viride_0016.jpg,sparisoma_viride,Sparisoma viride,112867,388048204,710653471,2026-08-03,25.1232388333,-80.2969366667,https://static.inaturalist.org/photos/710653471/large.jpg,
data\ground_species_dataset\raw\sparisoma_viride\sparisoma_viride_0017.jpg,sparisoma_viride,Sparisoma viride,112867,387916445,710374755,2025-07-21,11.2506643128,-74.2219840445,https://inaturalist-open-data.s3.amazonaws.com/photos/710374755/large.jpg,cc-by
data\ground_species_dataset\raw\sparisoma_viride\sparisoma_viride_0018.jpg,sparisoma_viride,Sparisoma viride,112867,387711204,709988795,2026-07-30,16.5953648365,-88.0881170248,https://inaturalist-open-data.s3.amazonaws.com/photos/709988795/large.jpg,cc-by-nc
data\ground_species_dataset\raw\sparisoma_viride\sparisoma_viride_0019.jpg,sparisoma_viride,Sparisoma viride,112867,387689233,709928081,2026-05-29,11.2506643128,-74.2219840445,https://inaturalist-open-data.s3.amazonaws.com/photos/709928081/large.jpg,cc-by
data\ground_species_dataset\raw\sparisoma_viride\sparisoma_viride_0020.jpg,sparisoma_viride,Sparisoma viride,112867,387627163,709824687,2026-05-01,11.2081192928,-74.2329580716,https://inaturalist-open-data.s3.amazonaws.com/photos/709824687/large.jpg,cc-by
data\ground_species_dataset\raw\sparisoma_viride\sparisoma_viride_0021.jpg,sparisoma_viride,Sparisoma viride,112867,387627154,709817974,2026-05-01,11.2081192928,-74.2329580716,https://inaturalist-open-data.s3.amazonaws.com/photos/709817974/large.jpg,cc-by
data\ground_species_dataset\raw\sparisoma_viride\sparisoma_viride_0022.jpg,sparisoma_viride,Sparisoma viride,112867,387580051,709681589,2026-05-04,11.3287082559,-74.1095615662,https://inaturalist-open-data.s3.amazonaws.com/photos/709681589/large.jpg,cc-by
data\ground_species_dataset\raw\sparisoma_viride\sparisoma_viride_0023.jpg,sparisoma_viride,Sparisoma viride,112867,387564967,709706779,2023-01-28,26.7852963556,-80.0425152622,https://static.inaturalist.org/photos/709706779/large.jpg,
data\ground_species_dataset\raw\sparisoma_viride\sparisoma_viride_0024.jpg,sparisoma_viride,Sparisoma viride,112867,387535398,709651041,2026-07-31,25.092893096,-80.3177398556,https://inaturalist-open-data.s3.amazonaws.com/photos/709651041/large.jpg,cc-by-nc
data\ground_species_dataset\raw\sparisoma_viride\sparisoma_viride_0025.jpg,sparisoma_viride,Sparisoma viride,112867,387532650,709646264,2026-08-01,25.1118449179,-80.3052001074,https://inaturalist-open-data.s3.amazonaws.com/photos/709646264/large.jpg,cc-by-nc
data\ground_species_dataset\raw\sparisoma_viride\sparisoma_viride_0026.jpg,sparisoma_viride,Sparisoma viride,112867,387530135,709640858,2026-08-01,25.1118449179,-80.3052001074,https://inaturalist-open-data.s3.amazonaws.com/photos/709640858/large.jpg,cc-by-nc
data\ground_species_dataset\raw\sparisoma_viride\sparisoma_viride_0027.jpg,sparisoma_viride,Sparisoma viride,112867,387528136,709637425,2026-08-02,25.1105142923,-80.3030566871,https://inaturalist-open-data.s3.amazonaws.com/photos/709637425/large.jpg,cc-by-nc
data\ground_species_dataset\raw\sparisoma_viride\sparisoma_viride_0028.jpg,sparisoma_viride,Sparisoma viride,112867,387525901,709633335,2026-08-02,25.1442346231,-80.3209753907,https://inaturalist-open-data.s3.amazonaws.com/photos/709633335/large.jpg,cc-by-nc
data\ground_species_dataset\raw\sparisoma_viride\sparisoma_viride_0029.jpg,sparisoma_viride,Sparisoma viride,112867,387524609,709630982,2026-07-31,25.0954940487,-80.3077927992,https://inaturalist-open-data.s3.amazonaws.com/photos/709630982/large.jpg,cc-by-nc
data\ground_species_dataset\raw\sparisoma_viride\sparisoma_viride_0030.jpg,sparisoma_viride,Sparisoma viride,112867,387524447,709630599,2026-08-01,25.1112972597,-80.3003997365,https://inaturalist-open-data.s3.amazonaws.com/photos/709630599/large.jpg,cc-by-nc
data\ground_species_dataset\raw\sparisoma_viride\sparisoma_viride_0031.jpg,sparisoma_viride,Sparisoma viride,112867,387524423,709630544,2026-08-01,25.0587093711,-80.396894668,https://inaturalist-open-data.s3.amazonaws.com/photos/709630544/large.jpg,cc-by-nc
data\ground_species_dataset\raw\sparisoma_viride\sparisoma_viride_0032.jpg,sparisoma_viride,Sparisoma viride,112867,387522781,709627335,2015-01-04,25.1292524666,-80.3140719009,https://inaturalist-open-data.s3.amazonaws.com/photos/709627335/large.jpg,cc-by-nc
data\ground_species_dataset\raw\sparisoma_viride\sparisoma_viride_0033.jpg,sparisoma_viride,Sparisoma viride,112867,387521709,709625654,2026-07-31,25.0626699325,-80.363126787,https://inaturalist-open-data.s3.amazonaws.com/photos/709625654/large.jpg,cc-by-nc
data\ground_species_dataset\raw\sparisoma_viride\sparisoma_viride_0034.jpg,sparisoma_viride,Sparisoma viride,112867,387513098,709610678,2026-08-01,24.9285820855,-80.5648436574,https://inaturalist-open-data.s3.amazonaws.com/photos/709610678/large.jpg,cc-by
data\ground_species_dataset\raw\sparisoma_viride\sparisoma_viride_0035.jpg,sparisoma_viride,Sparisoma viride,112867,387414585,709421067,2026-08-01,25.0892790644,-80.3443564656,https://inaturalist-open-data.s3.amazonaws.com/photos/709421067/large.jpg,cc-by-nc
data\ground_species_dataset\raw\sparisoma_viride\sparisoma_viride_0036.jpg,sparisoma_viride,Sparisoma viride,112867,387406676,709405200,2026-08-01,25.1321081667,-80.2939866667,https://inaturalist-open-data.s3.amazonaws.com/photos/709405200/large.jpg,cc-by-nc
data\ground_species_dataset\raw\sparisoma_viride\sparisoma_viride_0037.jpg,sparisoma_viride,Sparisoma viride,112867,387398693,709388817,2026-08-01,25.1101833333,-80.3036883333,https://inaturalist-open-data.s3.amazonaws.com/photos/709388817/large.jpg,cc-by-nc
data\ground_species_dataset\raw\sparisoma_viride\sparisoma_viride_0038.jpg,sparisoma_viride,Sparisoma viride,112867,387371404,709336469,2026-08-01,25.1107278333,-80.3015133333,https://static.inaturalist.org/photos/709336469/large.jpg,
data\ground_species_dataset\raw\sparisoma_viride\sparisoma_viride_0039.jpg,sparisoma_viride,Sparisoma viride,112867,387344687,709283586,2026-08-01,25.1102055,-80.3035283333,https://inaturalist-open-data.s3.amazonaws.com/photos/709283586/large.jpg,cc-by-nc
data\ground_species_dataset\raw\sparisoma_viride\sparisoma_viride_0040.jpg,sparisoma_viride,Sparisoma viride,112867,387302973,709201719,2017-06-22,12.2213794847,-68.3269518852,https://inaturalist-open-data.s3.amazonaws.com/photos/709201719/large.jpg,cc-by-nc
data\ground_species_dataset\raw\sparisoma_viride\sparisoma_viride_0041.jpg,sparisoma_viride,Sparisoma viride,112867,387251505,709102411,2026-08-01,25.0429792647,-80.3912737126,https://inaturalist-open-data.s3.amazonaws.com/photos/709102411/large.jpg,cc-by-nc
data\ground_species_dataset\raw\sparisoma_viride\sparisoma_viride_0042.jpg,sparisoma_viride,Sparisoma viride,112867,387241300,709082750,2026-08-01,25.1300445,-80.293495,https://inaturalist-open-data.s3.amazonaws.com/photos/709082750/large.jpg,cc-by-nc
data\ground_species_dataset\raw\sparisoma_viride\sparisoma_viride_0043.jpg,sparisoma_viride,Sparisoma viride,112867,387240358,709080762,2026-08-01,26.782354702,-80.0413935137,https://inaturalist-open-data.s3.amazonaws.com/photos/709080762/large.jpg,cc-by-nc
data\ground_species_dataset\raw\sparisoma_viride\sparisoma_viride_0044.jpg,sparisoma_viride,Sparisoma viride,112867,387181277,708970488,2026-08-01,25.1472214956,-80.2578233339,https://inaturalist-open-data.s3.amazonaws.com/photos/708970488/large.jpg,cc-by-nc
data\ground_species_dataset\raw\sparisoma_viride\sparisoma_viride_0045.jpg,sparisoma_viride,Sparisoma viride,112867,387170486,708949488,2026-07-31,25.1362638333,-80.2900866667,https://static.inaturalist.org/photos/708949488/large.jpg,
data\ground_species_dataset\raw\sparisoma_viride\sparisoma_viride_0046.jpg,sparisoma_viride,Sparisoma viride,112867,387152963,708915639,2026-07-31,25.1362638333,-80.2900866667,https://static.inaturalist.org/photos/708915639/large.jpg,
data\ground_species_dataset\raw\sparisoma_viride\sparisoma_viride_0047.jpg,sparisoma_viride,Sparisoma viride,112867,387067907,708748540,2026-07-31,25.1387861667,-80.2947783333,https://inaturalist-open-data.s3.amazonaws.com/photos/708748540/large.jpg,cc-by-nc
data\ground_species_dataset\raw\sparisoma_viride\sparisoma_viride_0048.jpg,sparisoma_viride,Sparisoma viride,112867,387058634,708723244,2024-09-16,12.1671535609,-68.287914531,https://inaturalist-open-data.s3.amazonaws.com/photos/708723244/large.jpg,cc-by
data\ground_species_dataset\raw\sparisoma_viride\sparisoma_viride_0049.jpg,sparisoma_viride,Sparisoma viride,112867,387009469,708634931,2026-07-31,25.1074534067,-80.3258416245,https://inaturalist-open-data.s3.amazonaws.com/photos/708634931/large.jpg,cc-by-nc
data\ground_species_dataset\raw\sparisoma_viride\sparisoma_viride_0050.jpg,sparisoma_viride,Sparisoma viride,112867,386976437,708574479,2026-07-31,25.1394055,-80.2945866667,https://inaturalist-open-data.s3.amazonaws.com/photos/708574479/large.jpg,cc-by-nc
data\ground_species_dataset\raw\acanthurus_coeruleus\acanthurus_coeruleus_0001.jpg,acanthurus_coeruleus,Acanthurus coeruleus,121196,389387265,713241653,2015-12-12,24.5484806,-81.4059137,https://inaturalist-open-data.s3.amazonaws.com/photos/713241653/large.jpg,cc-by-nc-nd
data\ground_species_dataset\raw\acanthurus_coeruleus\acanthurus_coeruleus_0002.jpg,acanthurus_coeruleus,Acanthurus coeruleus,121196,389202869,712886210,2026-08-07,24.6278896177,-82.8757078492,https://inaturalist-open-data.s3.amazonaws.com/photos/712886210/large.jpg,cc-by-nc
data\ground_species_dataset\raw\acanthurus_coeruleus\acanthurus_coeruleus_0003.jpg,acanthurus_coeruleus,Acanthurus coeruleus,121196,389088030,712664179,2026-08-07,20.3706783309,-87.0249800842,https://inaturalist-open-data.s3.amazonaws.com/photos/712664179/large.jpg,cc-by-nc
data\ground_species_dataset\raw\acanthurus_coeruleus\acanthurus_coeruleus_0004.jpg,acanthurus_coeruleus,Acanthurus coeruleus,121196,388960499,712445946,2023-07-07,13.3310825719,-81.3545878545,https://inaturalist-open-data.s3.amazonaws.com/photos/712445946/large.jpg,cc-by-nc
data\ground_species_dataset\raw\acanthurus_coeruleus\acanthurus_coeruleus_0005.jpg,acanthurus_coeruleus,Acanthurus coeruleus,121196,388917347,712357001,2026-08-01,25.1073,-80.305996,https://inaturalist-open-data.s3.amazonaws.com/photos/712357001/large.jpg,cc-by-nc
data\ground_species_dataset\raw\acanthurus_coeruleus\acanthurus_coeruleus_0006.jpg,acanthurus_coeruleus,Acanthurus coeruleus,121196,388866246,712254869,2004-06-20,18.0986620796,-87.9990318418,https://inaturalist-open-data.s3.amazonaws.com/photos/712254869/large.jpg,cc-by-nc-sa
data\ground_species_dataset\raw\acanthurus_coeruleus\acanthurus_coeruleus_0007.jpg,acanthurus_coeruleus,Acanthurus coeruleus,121196,388827444,712173595,2026-07-24,25.1376780833,-80.2891407778,https://static.inaturalist.org/photos/712173595/large.jpg,
data\ground_species_dataset\raw\acanthurus_coeruleus\acanthurus_coeruleus_0008.jpg,acanthurus_coeruleus,Acanthurus coeruleus,121196,388827396,712164692,2026-07-24,25.1377038413,-80.2891732996,https://static.inaturalist.org/photos/712164692/large.jpg,
data\ground_species_dataset\raw\acanthurus_coeruleus\acanthurus_coeruleus_0009.jpg,acanthurus_coeruleus,Acanthurus coeruleus,121196,388616589,711759708,2026-08-05,11.328819125,-60.5494818368,https://inaturalist-open-data.s3.amazonaws.com/photos/711759708/large.jpg,cc-by
data\ground_species_dataset\raw\acanthurus_coeruleus\acanthurus_coeruleus_0010.jpg,acanthurus_coeruleus,Acanthurus coeruleus,121196,388604532,711743678,2026-08-05,11.3286594887,-60.5494666576,https://inaturalist-open-data.s3.amazonaws.com/photos/711743678/large.jpg,cc-by-nc
data\ground_species_dataset\raw\acanthurus_coeruleus\acanthurus_coeruleus_0011.jpg,acanthurus_coeruleus,Acanthurus coeruleus,121196,388546176,711629099,2026-08-01,25.1202527466,-80.4688793398,https://inaturalist-open-data.s3.amazonaws.com/photos/711629099/large.jpg,cc-by-nc
data\ground_species_dataset\raw\acanthurus_coeruleus\acanthurus_coeruleus_0012.jpg,acanthurus_coeruleus,Acanthurus coeruleus,121196,388491143,711522190,2025-07-23,16.9185816884,-88.143323809,https://inaturalist-open-data.s3.amazonaws.com/photos/711522190/large.jpg,cc-by-nc
data\ground_species_dataset\raw\acanthurus_coeruleus\acanthurus_coeruleus_0013.jpg,acanthurus_coeruleus,Acanthurus coeruleus,121196,388471324,711483315,2026-08-01,25.110213,-80.305996,https://inaturalist-open-data.s3.amazonaws.com/photos/711483315/large.jpg,cc-by-nc
data\ground_species_dataset\raw\acanthurus_coeruleus\acanthurus_coeruleus_0014.jpg,acanthurus_coeruleus,Acanthurus coeruleus,121196,388370308,711287097,2026-07-25,24.4642495853,-81.8440490345,https://inaturalist-open-data.s3.amazonaws.com/photos/711287097/large.jpg,cc-by-nc
data\ground_species_dataset\raw\acanthurus_coeruleus\acanthurus_coeruleus_0015.jpg,acanthurus_coeruleus,Acanthurus coeruleus,121196,388167659,710890589,2026-08-03,24.7262615257,-77.7836568107,https://static.inaturalist.org/photos/710890589/large.jpg,
data\ground_species_dataset\raw\acanthurus_coeruleus\acanthurus_coeruleus_0016.jpg,acanthurus_coeruleus,Acanthurus coeruleus,121196,388167104,710889626,2026-08-03,24.7267253557,-77.7835881615,https://static.inaturalist.org/photos/710889626/large.jpg,
data\ground_species_dataset\raw\acanthurus_coeruleus\acanthurus_coeruleus_0017.jpg,acanthurus_coeruleus,Acanthurus coeruleus,121196,388157205,710871677,2026-08-03,25.1119445,-80.305175,https://static.inaturalist.org/photos/710871677/large.jpg,
data\ground_species_dataset\raw\acanthurus_coeruleus\acanthurus_coeruleus_0018.jpg,acanthurus_coeruleus,Acanthurus coeruleus,121196,387967087,710492742,2026-08-03,25.4003602077,-79.512697749,https://inaturalist-open-data.s3.amazonaws.com/photos/710492742/large.jpg,cc-by-nc
data\ground_species_dataset\raw\acanthurus_coeruleus\acanthurus_coeruleus_0019.jpg,acanthurus_coeruleus,Acanthurus coeruleus,121196,387580089,709695716,2026-05-04,11.3287082559,-74.1095615662,https://inaturalist-open-data.s3.amazonaws.com/photos/709695716/large.jpg,cc-by
data\ground_species_dataset\raw\acanthurus_coeruleus\acanthurus_coeruleus_0020.jpg,acanthurus_coeruleus,Acanthurus coeruleus,121196,387580056,709683350,2026-05-04,11.3287082559,-74.1095615662,https://inaturalist-open-data.s3.amazonaws.com/photos/709683350/large.jpg,cc-by
data\ground_species_dataset\raw\acanthurus_coeruleus\acanthurus_coeruleus_0021.jpg,acanthurus_coeruleus,Acanthurus coeruleus,121196,387531442,709643476,2026-08-01,25.1118449179,-80.3052001074,https://inaturalist-open-data.s3.amazonaws.com/photos/709643476/large.jpg,cc-by-nc
data\ground_species_dataset\raw\acanthurus_coeruleus\acanthurus_coeruleus_0022.jpg,acanthurus_coeruleus,Acanthurus coeruleus,121196,387529532,709639807,2026-08-01,25.1118449179,-80.3052001074,https://inaturalist-open-data.s3.amazonaws.com/photos/709639807/large.jpg,cc-by-nc
data\ground_species_dataset\raw\acanthurus_coeruleus\acanthurus_coeruleus_0023.jpg,acanthurus_coeruleus,Acanthurus coeruleus,121196,387524145,709629916,2026-08-01,25.0682828376,-80.3637550606,https://inaturalist-open-data.s3.amazonaws.com/photos/709629916/large.jpg,cc-by-nc
data\ground_species_dataset\raw\acanthurus_coeruleus\acanthurus_coeruleus_0024.jpg,acanthurus_coeruleus,Acanthurus coeruleus,121196,387522440,709626671,2015-01-04,25.1429269957,-80.314914961,https://inaturalist-open-data.s3.amazonaws.com/photos/709626671/large.jpg,cc-by-nc
data\ground_species_dataset\raw\acanthurus_coeruleus\acanthurus_coeruleus_0025.jpg,acanthurus_coeruleus,Acanthurus coeruleus,121196,387510887,709605804,2026-07-31,25.0764528284,-80.4283407864,https://inaturalist-open-data.s3.amazonaws.com/photos/709605804/large.jpg,cc-by-nc
data\ground_species_dataset\raw\acanthurus_coeruleus\acanthurus_coeruleus_0026.jpg,acanthurus_coeruleus,Acanthurus coeruleus,121196,387479680,709546953,2018-10-26,16.130262,-61.820068,https://inaturalist-open-data.s3.amazonaws.com/photos/709546953/large.jpg,cc-by-nc-nd
data\ground_species_dataset\raw\acanthurus_coeruleus\acanthurus_coeruleus_0027.jpg,acanthurus_coeruleus,Acanthurus coeruleus,121196,387473402,709536646,2026-08-01,25.1107278333,-80.3015133333,https://static.inaturalist.org/photos/709536646/large.jpg,
data\ground_species_dataset\raw\acanthurus_coeruleus\acanthurus_coeruleus_0028.jpg,acanthurus_coeruleus,Acanthurus coeruleus,121196,387431086,709454418,2026-06-23,18.6771005965,-68.3941884711,https://inaturalist-open-data.s3.amazonaws.com/photos/709454418/large.jpg,cc-by-nc
data\ground_species_dataset\raw\acanthurus_coeruleus\acanthurus_coeruleus_0029.jpg,acanthurus_coeruleus,Acanthurus coeruleus,121196,387416379,709424512,2026-08-01,25.1242439663,-80.3787097182,https://inaturalist-open-data.s3.amazonaws.com/photos/709424512/large.jpg,cc-by-nc
data\ground_species_dataset\raw\acanthurus_coeruleus\acanthurus_coeruleus_0030.jpg,acanthurus_coeruleus,Acanthurus coeruleus,121196,387398488,709388406,2026-08-01,25.0846122815,-80.3518817543,https://inaturalist-open-data.s3.amazonaws.com/photos/709388406/large.jpg,cc-by-nc
data\ground_species_dataset\raw\acanthurus_coeruleus\acanthurus_coeruleus_0031.jpg,acanthurus_coeruleus,Acanthurus coeruleus,121196,387395077,709381604,2026-08-01,17.7473,-64.70437,https://inaturalist-open-data.s3.amazonaws.com/photos/709381604/large.jpg,cc-by-nc
data\ground_species_dataset\raw\acanthurus_coeruleus\acanthurus_coeruleus_0032.jpg,acanthurus_coeruleus,Acanthurus coeruleus,121196,387344809,709283749,2026-08-01,25.1102055,-80.3035283333,https://inaturalist-open-data.s3.amazonaws.com/photos/709283749/large.jpg,cc-by-nc
data\ground_species_dataset\raw\acanthurus_coeruleus\acanthurus_coeruleus_0033.jpg,acanthurus_coeruleus,Acanthurus coeruleus,121196,387341713,709277496,2026-08-01,25.0982786761,-80.3569263415,https://inaturalist-open-data.s3.amazonaws.com/photos/709277496/large.jpg,cc-by-nc
data\ground_species_dataset\raw\acanthurus_coeruleus\acanthurus_coeruleus_0034.jpg,acanthurus_coeruleus,Acanthurus coeruleus,121196,387340312,709274754,2026-07-31,26.7340286883,-79.5032752145,https://inaturalist-open-data.s3.amazonaws.com/photos/709274754/large.jpg,cc-by-nc
data\ground_species_dataset\raw\acanthurus_coeruleus\acanthurus_coeruleus_0035.jpg,acanthurus_coeruleus,Acanthurus coeruleus,121196,387255528,709109838,2026-08-01,25.1380464543,-80.2887088805,https://inaturalist-open-data.s3.amazonaws.com/photos/709109838/large.jpg,cc-by-nc
data\ground_species_dataset\raw\acanthurus_coeruleus\acanthurus_coeruleus_0036.jpg,acanthurus_coeruleus,Acanthurus coeruleus,121196,387245308,709090471,2026-07-31,25.1941154651,-80.2172884712,https://inaturalist-open-data.s3.amazonaws.com/photos/709090471/large.jpg,cc-by-nc
data\ground_species_dataset\raw\acanthurus_coeruleus\acanthurus_coeruleus_0037.jpg,acanthurus_coeruleus,Acanthurus coeruleus,121196,387231734,709062865,2026-08-01,25.1300445,-80.293495,https://inaturalist-open-data.s3.amazonaws.com/photos/709062865/large.jpg,cc-by-nc
data\ground_species_dataset\raw\acanthurus_coeruleus\acanthurus_coeruleus_0038.jpg,acanthurus_coeruleus,Acanthurus coeruleus,121196,387224251,709048165,2024-09-16,12.1671535609,-68.287914531,https://inaturalist-open-data.s3.amazonaws.com/photos/709048165/large.jpg,cc-by
data\ground_species_dataset\raw\acanthurus_coeruleus\acanthurus_coeruleus_0039.jpg,acanthurus_coeruleus,Acanthurus coeruleus,121196,387156182,708921821,2026-08-01,25.173001054,-80.2893464426,https://inaturalist-open-data.s3.amazonaws.com/photos/708921821/large.jpg,cc-by-nc
data\ground_species_dataset\raw\acanthurus_coeruleus\acanthurus_coeruleus_0040.jpg,acanthurus_coeruleus,Acanthurus coeruleus,121196,387148729,708907708,2026-07-31,25.1362638333,-80.2900866667,https://static.inaturalist.org/photos/708907708/large.jpg,
data\ground_species_dataset\raw\acanthurus_coeruleus\acanthurus_coeruleus_0041.jpg,acanthurus_coeruleus,Acanthurus coeruleus,121196,387068419,708749330,2026-07-31,25.1387861667,-80.2947783333,https://inaturalist-open-data.s3.amazonaws.com/photos/708749330/large.jpg,cc-by-nc
data\ground_species_dataset\raw\acanthurus_coeruleus\acanthurus_coeruleus_0042.jpg,acanthurus_coeruleus,Acanthurus coeruleus,121196,387066799,708748396,2026-07-31,25.1379010676,-80.2889412269,https://inaturalist-open-data.s3.amazonaws.com/photos/708748396/large.jpg,cc-by-nc
data\ground_species_dataset\raw\acanthurus_coeruleus\acanthurus_coeruleus_0043.jpg,acanthurus_coeruleus,Acanthurus coeruleus,121196,387057496,708710830,2026-07-29,19.3831108073,-81.4170959351,https://inaturalist-open-data.s3.amazonaws.com/photos/708710830/large.jpg,cc-by-nc
data\ground_species_dataset\raw\acanthurus_coeruleus\acanthurus_coeruleus_0044.jpg,acanthurus_coeruleus,Acanthurus coeruleus,121196,387011413,708638774,2026-07-31,25.1091732784,-80.3312472558,https://inaturalist-open-data.s3.amazonaws.com/photos/708638774/large.jpg,cc-by-nc
data\ground_species_dataset\raw\acanthurus_coeruleus\acanthurus_coeruleus_0045.jpg,acanthurus_coeruleus,Acanthurus coeruleus,121196,386977674,708576695,2026-07-31,25.1394936906,-80.3206302254,https://inaturalist-open-data.s3.amazonaws.com/photos/708576695/large.jpg,cc-by-nc
data\ground_species_dataset\raw\acanthurus_coeruleus\acanthurus_coeruleus_0046.jpg,acanthurus_coeruleus,Acanthurus coeruleus,121196,386977178,708575719,2026-07-31,25.1394055,-80.2945866667,https://inaturalist-open-data.s3.amazonaws.com/photos/708575719/large.jpg,cc-by-nc
data\ground_species_dataset\raw\acanthurus_coeruleus\acanthurus_coeruleus_0047.jpg,acanthurus_coeruleus,Acanthurus coeruleus,121196,386972524,708567192,2026-07-30,25.1222280599,-80.3054007401,https://inaturalist-open-data.s3.amazonaws.com/photos/708567192/large.jpg,cc-by-nc
data\ground_species_dataset\raw\acanthurus_coeruleus\acanthurus_coeruleus_0048.jpg,acanthurus_coeruleus,Acanthurus coeruleus,121196,386951645,708526165,2026-07-31,25.1773189701,-80.3399541328,https://inaturalist-open-data.s3.amazonaws.com/photos/708526165/large.jpg,cc-by-nc
data\ground_species_dataset\raw\acanthurus_coeruleus\acanthurus_coeruleus_0049.jpg,acanthurus_coeruleus,Acanthurus coeruleus,121196,386414444,707501810,2026-07-29,15.9439926496,-61.2756808475,https://inaturalist-open-data.s3.amazonaws.com/photos/707501810/large.jpg,cc-by-nc
data\ground_species_dataset\raw\acanthurus_coeruleus\acanthurus_coeruleus_0050.jpg,acanthurus_coeruleus,Acanthurus coeruleus,121196,386323977,707329446,2026-07-23,12.3749446869,-69.157699585,https://inaturalist-open-data.s3.amazonaws.com/photos/707329446/large.jpg,cc-by-nc
data\ground_species_dataset\raw\acanthurus_bahianus\acanthurus_bahianus_0001.jpg,acanthurus_bahianus,Acanthurus bahianus,1032318,387017221,708644291,2026-07-27,-9.7642823585,-35.8349370968,https://inaturalist-open-data.s3.amazonaws.com/photos/708644291/large.jpg,cc-by-nc
data\ground_species_dataset\raw\acanthurus_bahianus\acanthurus_bahianus_0002.jpg,acanthurus_bahianus,Acanthurus bahianus,1032318,386865195,708365015,2026-07-29,-20.5171233721,-29.3024497489,https://inaturalist-open-data.s3.amazonaws.com/photos/708365015/large.jpg,cc-by-nc
data\ground_species_dataset\raw\acanthurus_bahianus\acanthurus_bahianus_0003.jpg,acanthurus_bahianus,Acanthurus bahianus,1032318,386221002,707134284,2025-08-21,-23.114493,-44.293951,https://inaturalist-open-data.s3.amazonaws.com/photos/707134284/large.jpg,cc-by
data\ground_species_dataset\raw\acanthurus_bahianus\acanthurus_bahianus_0004.jpg,acanthurus_bahianus,Acanthurus bahianus,1032318,382625763,700225464,2025-08-20,-23.1402538657,-44.3250536303,https://inaturalist-open-data.s3.amazonaws.com/photos/700225464/large.jpg,cc-by
data\ground_species_dataset\raw\acanthurus_bahianus\acanthurus_bahianus_0005.jpg,acanthurus_bahianus,Acanthurus bahianus,1032318,382120740,699249033,2025-08-20,-23.1391902056,-44.3271590727,https://inaturalist-open-data.s3.amazonaws.com/photos/699249033/large.jpg,cc-by
data\ground_species_dataset\raw\acanthurus_bahianus\acanthurus_bahianus_0006.jpg,acanthurus_bahianus,Acanthurus bahianus,1032318,371075479,677963439,2026-06-12,-13.0148325048,-38.4710124135,https://static.inaturalist.org/photos/677963439/large.jpg,
data\ground_species_dataset\raw\acanthurus_bahianus\acanthurus_bahianus_0007.jpg,acanthurus_bahianus,Acanthurus bahianus,1032318,371075000,677962750,2026-06-12,-13.0148730111,-38.4708776325,https://static.inaturalist.org/photos/677962750/large.jpg,
data\ground_species_dataset\raw\acanthurus_bahianus\acanthurus_bahianus_0008.jpg,acanthurus_bahianus,Acanthurus bahianus,1032318,368816007,673655803,2026-06-05,-9.0395425368,-35.2234037966,https://static.inaturalist.org/photos/673655803/large.jpg,
data\ground_species_dataset\raw\acanthurus_bahianus\acanthurus_bahianus_0009.jpg,acanthurus_bahianus,Acanthurus bahianus,1032318,368508263,673071746,2026-06-04,-23.1620416917,-44.3502113968,https://inaturalist-open-data.s3.amazonaws.com/photos/673071746/large.jpg,cc-by-nc
data\ground_species_dataset\raw\acanthurus_bahianus\acanthurus_bahianus_0010.jpg,acanthurus_bahianus,Acanthurus bahianus,1032318,359072008,655090646,2026-04-09,-23.0349219665,-43.4686243191,https://inaturalist-open-data.s3.amazonaws.com/photos/655090646/large.jpg,cc-by-nc
data\ground_species_dataset\raw\acanthurus_bahianus\acanthurus_bahianus_0011.jpg,acanthurus_bahianus,Acanthurus bahianus,1032318,343104646,624927589,2026-03-15,-5.8796074624,-35.1614474505,https://inaturalist-open-data.s3.amazonaws.com/photos/624927589/large.jpg,cc-by-nc
data\ground_species_dataset\raw\acanthurus_bahianus\acanthurus_bahianus_0012.jpg,acanthurus_bahianus,Acanthurus bahianus,1032318,340058681,618743917,2026-02-21,-23.4592671616,-45.0346086959,https://static.inaturalist.org/photos/618743917/large.jpg,
data\ground_species_dataset\raw\acanthurus_bahianus\acanthurus_bahianus_0013.jpg,acanthurus_bahianus,Acanthurus bahianus,1032318,337344052,613225271,2026-01-21,-9.2727225566,-35.3586853668,https://static.inaturalist.org/photos/613225271/large.jpg,
data\ground_species_dataset\raw\acanthurus_bahianus\acanthurus_bahianus_0014.jpg,acanthurus_bahianus,Acanthurus bahianus,1032318,337154746,612837838,2026-01-20,-8.9371140793,-35.1635080576,https://static.inaturalist.org/photos/612837838/large.jpg,
data\ground_species_dataset\raw\acanthurus_bahianus\acanthurus_bahianus_0015.jpg,acanthurus_bahianus,Acanthurus bahianus,1032318,336897536,612312885,2026-01-31,-13.01278875,-38.4710273611,https://inaturalist-open-data.s3.amazonaws.com/photos/612312885/large.jpg,cc-by-nc
data\ground_species_dataset\raw\acanthurus_bahianus\acanthurus_bahianus_0016.jpg,acanthurus_bahianus,Acanthurus bahianus,1032318,336640464,611791232,2026-01-29,-13.0156730086,-38.4714492783,https://static.inaturalist.org/photos/611791232/large.jpg,
data\ground_species_dataset\raw\acanthurus_bahianus\acanthurus_bahianus_0017.jpg,acanthurus_bahianus,Acanthurus bahianus,1032318,336510304,611519942,2026-01-28,-13.0079090424,-38.5332965903,https://static.inaturalist.org/photos/611519942/large.jpg,
data\ground_species_dataset\raw\acanthurus_bahianus\acanthurus_bahianus_0018.jpg,acanthurus_bahianus,Acanthurus bahianus,1032318,335717045,609935925,2026-01-22,-8.999995,-35.1822083333,https://inaturalist-open-data.s3.amazonaws.com/photos/609935925/large.jpg,cc-by-nc
data\ground_species_dataset\raw\acanthurus_bahianus\acanthurus_bahianus_0019.jpg,acanthurus_bahianus,Acanthurus bahianus,1032318,333477291,605432625,2026-01-04,-8.093184532,-34.8802693095,https://inaturalist-open-data.s3.amazonaws.com/photos/605432625/large.jpg,cc-by-nc
data\ground_species_dataset\raw\acanthurus_bahianus\acanthurus_bahianus_0020.jpg,acanthurus_bahianus,Acanthurus bahianus,1032318,333451340,605380935,2026-01-04,-23.1520450285,-44.2289440334,https://static.inaturalist.org/photos/605380935/large.jpg,
data\ground_species_dataset\raw\acanthurus_bahianus\acanthurus_bahianus_0021.jpg,acanthurus_bahianus,Acanthurus bahianus,1032318,330553349,599434478,2025-12-12,-8.5413875651,-34.9958911166,https://inaturalist-open-data.s3.amazonaws.com/photos/599434478/large.jpg,cc-by
data\ground_species_dataset\raw\acanthurus_bahianus\acanthurus_bahianus_0022.jpg,acanthurus_bahianus,Acanthurus bahianus,1032318,329797002,597888376,2025-12-06,-8.5101154371,-34.9993287027,https://inaturalist-open-data.s3.amazonaws.com/photos/597888376/large.jpg,cc-by
data\ground_species_dataset\raw\acanthurus_bahianus\acanthurus_bahianus_0023.jpg,acanthurus_bahianus,Acanthurus bahianus,1032318,329742230,597777949,2025-12-06,-8.5085748917,-34.9981458485,https://inaturalist-open-data.s3.amazonaws.com/photos/597777949/large.jpg,cc-by
data\ground_species_dataset\raw\acanthurus_bahianus\acanthurus_bahianus_0024.jpg,acanthurus_bahianus,Acanthurus bahianus,1032318,325389571,589122455,2025-10-23,-8.9462224528,-35.1600593762,https://static.inaturalist.org/photos/589122455/large.jpg,
data\ground_species_dataset\raw\acanthurus_bahianus\acanthurus_bahianus_0025.jpg,acanthurus_bahianus,Acanthurus bahianus,1032318,324199848,586741955,2025-10-09,-22.896837324,-41.9840199455,https://inaturalist-open-data.s3.amazonaws.com/photos/586741955/large.jpg,cc-by-nc
data\ground_species_dataset\raw\acanthurus_bahianus\acanthurus_bahianus_0026.jpg,acanthurus_bahianus,Acanthurus bahianus,1032318,320528859,579538071,2020-12-22,-22.966287612,-42.0075148769,https://inaturalist-open-data.s3.amazonaws.com/photos/579538071/large.jpg,cc-by-nc
data\ground_species_dataset\raw\acanthurus_bahianus\acanthurus_bahianus_0027.jpg,acanthurus_bahianus,Acanthurus bahianus,1032318,319937086,578389196,2025-09-21,-15.9250167975,-5.7215542905,https://inaturalist-open-data.s3.amazonaws.com/photos/578389196/large.jpg,cc-by-nc
data\ground_species_dataset\raw\acanthurus_bahianus\acanthurus_bahianus_0028.jpg,acanthurus_bahianus,Acanthurus bahianus,1032318,282907271,508304734,2025-05-21,-22.9680751061,-42.0161432728,https://inaturalist-open-data.s3.amazonaws.com/photos/508304734/large.jpg,cc-by
data\ground_species_dataset\raw\acanthurus_bahianus\acanthurus_bahianus_0029.jpg,acanthurus_bahianus,Acanthurus bahianus,1032318,282777310,508052920,2025-05-20,-22.9680751061,-42.0161432728,https://inaturalist-open-data.s3.amazonaws.com/photos/508052920/large.jpg,cc-by
data\ground_species_dataset\raw\acanthurus_bahianus\acanthurus_bahianus_0030.jpg,acanthurus_bahianus,Acanthurus bahianus,1032318,269866591,485269349,2025-03-29,-8.5066276,-35.0057167,https://static.inaturalist.org/photos/485269349/large.jpg,
data\ground_species_dataset\raw\acanthurus_bahianus\acanthurus_bahianus_0031.jpg,acanthurus_bahianus,Acanthurus bahianus,1032318,260072827,466975536,2025-01-30,-13.0062489875,-38.5334330678,https://static.inaturalist.org/photos/466975536/large.jpg,
data\ground_species_dataset\raw\acanthurus_bahianus\acanthurus_bahianus_0032.jpg,acanthurus_bahianus,Acanthurus bahianus,1032318,259896521,466627669,2025-01-23,-22.8676021716,-41.9811526313,https://static.inaturalist.org/photos/466627669/large.jpeg,
data\ground_species_dataset\raw\acanthurus_bahianus\acanthurus_bahianus_0033.jpg,acanthurus_bahianus,Acanthurus bahianus,1032318,259857675,466555926,2025-01-22,-22.8678042085,-41.9814044237,https://static.inaturalist.org/photos/466555926/large.jpeg,
data\ground_species_dataset\raw\acanthurus_bahianus\acanthurus_bahianus_0034.jpg,acanthurus_bahianus,Acanthurus bahianus,1032318,259626550,466095311,2014-08-29,-13.3804716478,-38.9060120356,https://inaturalist-open-data.s3.amazonaws.com/photos/466095311/large.jpg,cc-by-nc
data\ground_species_dataset\raw\acanthurus_bahianus\acanthurus_bahianus_0035.jpg,acanthurus_bahianus,Acanthurus bahianus,1032318,245495983,438088092,2024-10-03,-8.6135382,-35.0228516,https://inaturalist-open-data.s3.amazonaws.com/photos/438088092/large.jpeg,cc-by-nc
data\ground_species_dataset\raw\acanthurus_bahianus\acanthurus_bahianus_0036.jpg,acanthurus_bahianus,Acanthurus bahianus,1032318,238127218,423889409,2021-05-10,-22.9652042,-41.9903014,https://inaturalist-open-data.s3.amazonaws.com/photos/423889409/large.jpeg,cc-by-nc
data\ground_species_dataset\raw\acanthurus_bahianus\acanthurus_bahianus_0037.jpg,acanthurus_bahianus,Acanthurus bahianus,1032318,237730417,423126025,2024-08-24,-23.117932851,-44.2758239343,https://inaturalist-open-data.s3.amazonaws.com/photos/423126025/large.jpeg,cc-by-nc
data\ground_species_dataset\raw\acanthurus_bahianus\acanthurus_bahianus_0038.jpg,acanthurus_bahianus,Acanthurus bahianus,1032318,232378629,412834096,2024-07-28,-22.970409646,-43.0460513011,https://inaturalist-open-data.s3.amazonaws.com/photos/412834096/large.jpeg,cc-by-nc
data\ground_species_dataset\raw\acanthurus_bahianus\acanthurus_bahianus_0039.jpg,acanthurus_bahianus,Acanthurus bahianus,1032318,231925229,411977596,2024-07-24,-9.2003774444,-35.30289075,https://inaturalist-open-data.s3.amazonaws.com/photos/411977596/large.jpeg,cc-by-nc
data\ground_species_dataset\raw\acanthurus_bahianus\acanthurus_bahianus_0040.jpg,acanthurus_bahianus,Acanthurus bahianus,1032318,218985941,387554362,2024-03-12,-20.2062668438,-40.2710633156,https://static.inaturalist.org/photos/387554362/large.jpg,
data\ground_species_dataset\raw\acanthurus_bahianus\acanthurus_bahianus_0041.jpg,acanthurus_bahianus,Acanthurus bahianus,1032318,218454959,386558735,2024-03-11,-20.2012026151,-40.2534175375,https://static.inaturalist.org/photos/386558735/large.jpg,
data\ground_species_dataset\raw\acanthurus_bahianus\acanthurus_bahianus_0042.jpg,acanthurus_bahianus,Acanthurus bahianus,1032318,217755190,385248687,2024-03-10,-20.2160864702,-40.2769860126,https://static.inaturalist.org/photos/385248687/large.jpg,
data\ground_species_dataset\raw\acanthurus_bahianus\acanthurus_bahianus_0043.jpg,acanthurus_bahianus,Acanthurus bahianus,1032318,202109495,356888867,2024-02-07,-10.3541454968,-36.2934168456,https://inaturalist-open-data.s3.amazonaws.com/photos/356888867/large.jpg,cc-by-nc
data\ground_species_dataset\raw\acanthurus_bahianus\acanthurus_bahianus_0044.jpg,acanthurus_bahianus,Acanthurus bahianus,1032318,199269334,351393180,2024-02-01,-8.5112733772,-34.9992320859,https://inaturalist-open-data.s3.amazonaws.com/photos/351393180/large.jpeg,cc-by-nc
data\ground_species_dataset\raw\acanthurus_bahianus\acanthurus_bahianus_0045.jpg,acanthurus_bahianus,Acanthurus bahianus,1032318,197347120,347557664,2024-01-22,-20.6388505,-40.4310728,https://inaturalist-open-data.s3.amazonaws.com/photos/347557664/large.png,cc-by-nc
data\ground_species_dataset\raw\acanthurus_bahianus\acanthurus_bahianus_0046.jpg,acanthurus_bahianus,Acanthurus bahianus,1032318,196870595,346587793,2024-01-14,-20.2722330124,-40.2541758241,https://inaturalist-open-data.s3.amazonaws.com/photos/346587793/large.jpeg,cc-by-nc
data\ground_species_dataset\raw\acanthurus_bahianus\acanthurus_bahianus_0047.jpg,acanthurus_bahianus,Acanthurus bahianus,1032318,196867854,346586736,2024-01-14,-20.2720916938,-40.2542702896,https://inaturalist-open-data.s3.amazonaws.com/photos/346586736/large.jpeg,cc-by-nc
data\ground_species_dataset\raw\acanthurus_bahianus\acanthurus_bahianus_0048.jpg,acanthurus_bahianus,Acanthurus bahianus,1032318,196864093,346579375,2024-01-15,-23.8294711,-45.39259235,https://static.inaturalist.org/photos/346579375/large.jpg,
data\ground_species_dataset\raw\acanthurus_bahianus\acanthurus_bahianus_0049.jpg,acanthurus_bahianus,Acanthurus bahianus,1032318,196720486,346289433,2024-01-14,-8.6993994829,-35.0761344284,https://inaturalist-open-data.s3.amazonaws.com/photos/346289433/large.jpeg,cc-by-nc
data\ground_species_dataset\raw\acanthurus_bahianus\acanthurus_bahianus_0050.jpg,acanthurus_bahianus,Acanthurus bahianus,1032318,196349157,345661666,2024-01-10,-9.2696157704,-35.3671108559,https://inaturalist-open-data.s3.amazonaws.com/photos/345661666/large.jpeg,cc-by-nc
data\ground_species_dataset\raw\holacanthus_ciliaris\holacanthus_ciliaris_0001.jpg,holacanthus_ciliaris,Holacanthus ciliaris,47235,389473414,713409167,2026-08-06,34.279,-76.643,https://inaturalist-open-data.s3.amazonaws.com/photos/713409167/large.jpg,cc-by-nc
data\ground_species_dataset\raw\holacanthus_ciliaris\holacanthus_ciliaris_0002.jpg,holacanthus_ciliaris,Holacanthus ciliaris,47235,389387157,713241198,2015-12-12,24.5484806,-81.4059137,https://inaturalist-open-data.s3.amazonaws.com/photos/713241198/large.jpg,cc-by-nc-nd
data\ground_species_dataset\raw\holacanthus_ciliaris\holacanthus_ciliaris_0003.jpg,holacanthus_ciliaris,Holacanthus ciliaris,47235,389332058,713138369,2026-08-07,17.6471670459,-63.2556909327,https://inaturalist-open-data.s3.amazonaws.com/photos/713138369/large.jpg,cc-by-nc
data\ground_species_dataset\raw\holacanthus_ciliaris\holacanthus_ciliaris_0004.jpg,holacanthus_ciliaris,Holacanthus ciliaris,47235,389122471,712733809,2026-08-07,24.5481315396,-81.4071285262,https://inaturalist-open-data.s3.amazonaws.com/photos/712733809/large.jpg,cc-by-nc
data\ground_species_dataset\raw\holacanthus_ciliaris\holacanthus_ciliaris_0005.jpg,holacanthus_ciliaris,Holacanthus ciliaris,47235,388960605,712446229,2023-07-05,13.361362434,-81.3375880443,https://inaturalist-open-data.s3.amazonaws.com/photos/712446229/large.jpg,cc-by-nc
data\ground_species_dataset\raw\holacanthus_ciliaris\holacanthus_ciliaris_0006.jpg,holacanthus_ciliaris,Holacanthus ciliaris,47235,388854838,712232206,2006-10-07,17.9178895877,-88.0963239446,https://inaturalist-open-data.s3.amazonaws.com/photos/712232206/large.jpg,cc-by-nc-sa
data\ground_species_dataset\raw\holacanthus_ciliaris\holacanthus_ciliaris_0007.jpg,holacanthus_ciliaris,Holacanthus ciliaris,47235,388742648,712013809,2026-08-01,25.1308840343,-80.294929238,https://inaturalist-open-data.s3.amazonaws.com/photos/712013809/large.jpg,cc-by-nc
data\ground_species_dataset\raw\holacanthus_ciliaris\holacanthus_ciliaris_0008.jpg,holacanthus_ciliaris,Holacanthus ciliaris,47235,388545558,711628040,2026-08-03,25.126241473,-80.3590260442,https://inaturalist-open-data.s3.amazonaws.com/photos/711628040/large.jpg,cc-by-nc
data\ground_species_dataset\raw\holacanthus_ciliaris\holacanthus_ciliaris_0009.jpg,holacanthus_ciliaris,Holacanthus ciliaris,47235,388490848,711521547,2025-07-11,16.9669394284,-88.107766248,https://inaturalist-open-data.s3.amazonaws.com/photos/711521547/large.jpg,cc-by-nc
data\ground_species_dataset\raw\holacanthus_ciliaris\holacanthus_ciliaris_0010.jpg,holacanthus_ciliaris,Holacanthus ciliaris,47235,388261633,711072355,2026-08-04,24.7260749294,-77.784324132,https://static.inaturalist.org/photos/711072355/large.jpg,
data\ground_species_dataset\raw\holacanthus_ciliaris\holacanthus_ciliaris_0011.jpg,holacanthus_ciliaris,Holacanthus ciliaris,47235,388148235,710650932,2015-01-03,16.0714327808,-86.9990917713,https://inaturalist-open-data.s3.amazonaws.com/photos/710650932/large.jpg,cc-by-nc
data\ground_species_dataset\raw\holacanthus_ciliaris\holacanthus_ciliaris_0012.jpg,holacanthus_ciliaris,Holacanthus ciliaris,47235,388148233,710650938,2015-01-03,16.0710328974,-86.9984675474,https://inaturalist-open-data.s3.amazonaws.com/photos/710650938/large.jpg,cc-by-nc
data\ground_species_dataset\raw\holacanthus_ciliaris\holacanthus_ciliaris_0013.jpg,holacanthus_ciliaris,Holacanthus ciliaris,47235,388148228,710650826,2015-01-03,16.0719909634,-86.9999760857,https://inaturalist-open-data.s3.amazonaws.com/photos/710650826/large.jpg,cc-by-nc
data\ground_species_dataset\raw\holacanthus_ciliaris\holacanthus_ciliaris_0014.jpg,holacanthus_ciliaris,Holacanthus ciliaris,47235,388148225,710650814,2015-01-03,16.0720701119,-86.997791306,https://inaturalist-open-data.s3.amazonaws.com/photos/710650814/large.jpg,cc-by-nc
data\ground_species_dataset\raw\holacanthus_ciliaris\holacanthus_ciliaris_0015.jpg,holacanthus_ciliaris,Holacanthus ciliaris,47235,388148224,710650810,2015-01-03,16.0715098612,-86.9994558995,https://inaturalist-open-data.s3.amazonaws.com/photos/710650810/large.jpg,cc-by-nc
data\ground_species_dataset\raw\holacanthus_ciliaris\holacanthus_ciliaris_0016.jpg,holacanthus_ciliaris,Holacanthus ciliaris,47235,388148223,710650807,2015-01-03,16.0716098316,-86.9987796581,https://inaturalist-open-data.s3.amazonaws.com/photos/710650807/large.jpg,cc-by-nc
data\ground_species_dataset\raw\holacanthus_ciliaris\holacanthus_ciliaris_0017.jpg,holacanthus_ciliaris,Holacanthus ciliaris,47235,388148221,710650789,2015-01-03,16.0720097138,-86.9991437889,https://inaturalist-open-data.s3.amazonaws.com/photos/710650789/large.jpg,cc-by-nc
data\ground_species_dataset\raw\holacanthus_ciliaris\holacanthus_ciliaris_0018.jpg,holacanthus_ciliaris,Holacanthus ciliaris,47235,388148220,710650776,2015-01-03,16.0713599037,-86.9983114921,https://inaturalist-open-data.s3.amazonaws.com/photos/710650776/large.jpg,cc-by-nc
data\ground_species_dataset\raw\holacanthus_ciliaris\holacanthus_ciliaris_0019.jpg,holacanthus_ciliaris,Holacanthus ciliaris,47235,388004946,710566203,2026-08-03,32.3247596594,-64.7447659134,https://inaturalist-open-data.s3.amazonaws.com/photos/710566203/large.jpg,cc-by-nc
data\ground_species_dataset\raw\holacanthus_ciliaris\holacanthus_ciliaris_0020.jpg,holacanthus_ciliaris,Holacanthus ciliaris,47235,387953499,710465323,2026-08-03,25.1119445,-80.305175,https://static.inaturalist.org/photos/710465323/large.jpg,
data\ground_species_dataset\raw\holacanthus_ciliaris\holacanthus_ciliaris_0021.jpg,holacanthus_ciliaris,Holacanthus ciliaris,47235,387693990,709952487,2026-05-29,11.212129552,-74.2371934642,https://inaturalist-open-data.s3.amazonaws.com/photos/709952487/large.jpg,cc-by
data\ground_species_dataset\raw\holacanthus_ciliaris\holacanthus_ciliaris_0022.jpg,holacanthus_ciliaris,Holacanthus ciliaris,47235,387689224,709927592,2026-05-29,11.2506643128,-74.2219840445,https://inaturalist-open-data.s3.amazonaws.com/photos/709927592/large.jpg,cc-by
data\ground_species_dataset\raw\holacanthus_ciliaris\holacanthus_ciliaris_0023.jpg,holacanthus_ciliaris,Holacanthus ciliaris,47235,387515579,709614614,2026-08-01,24.9356440777,-80.561460672,https://inaturalist-open-data.s3.amazonaws.com/photos/709614614/large.jpg,cc-by
data\ground_species_dataset\raw\holacanthus_ciliaris\holacanthus_ciliaris_0024.jpg,holacanthus_ciliaris,Holacanthus ciliaris,47235,387471703,709531363,2018-10-22,16.130262,-61.820068,https://inaturalist-open-data.s3.amazonaws.com/photos/709531363/large.jpg,cc-by-nc-nd
data\ground_species_dataset\raw\holacanthus_ciliaris\holacanthus_ciliaris_0025.jpg,holacanthus_ciliaris,Holacanthus ciliaris,47235,387417840,709427627,2026-08-01,25.1260985525,-80.3730200195,https://inaturalist-open-data.s3.amazonaws.com/photos/709427627/large.jpg,cc-by-nc
data\ground_species_dataset\raw\holacanthus_ciliaris\holacanthus_ciliaris_0026.jpg,holacanthus_ciliaris,Holacanthus ciliaris,47235,387398143,709387643,2026-08-01,25.0731239322,-80.3200859394,https://inaturalist-open-data.s3.amazonaws.com/photos/709387643/large.jpg,cc-by-nc
data\ground_species_dataset\raw\holacanthus_ciliaris\holacanthus_ciliaris_0027.jpg,holacanthus_ciliaris,Holacanthus ciliaris,47235,387352925,709299373,2026-08-01,25.1107278333,-80.3015133333,https://static.inaturalist.org/photos/709299373/large.jpg,
data\ground_species_dataset\raw\holacanthus_ciliaris\holacanthus_ciliaris_0028.jpg,holacanthus_ciliaris,Holacanthus ciliaris,47235,387343196,709279997,2026-08-01,25.1103333333,-80.30288,https://inaturalist-open-data.s3.amazonaws.com/photos/709279997/large.jpg,cc-by-nc
data\ground_species_dataset\raw\holacanthus_ciliaris\holacanthus_ciliaris_0029.jpg,holacanthus_ciliaris,Holacanthus ciliaris,47235,387285596,709167305,2026-08-01,26.7823067045,-80.0417564289,https://inaturalist-open-data.s3.amazonaws.com/photos/709167305/large.jpg,cc-by-nc
data\ground_species_dataset\raw\holacanthus_ciliaris\holacanthus_ciliaris_0030.jpg,holacanthus_ciliaris,Holacanthus ciliaris,47235,387254730,709108057,2026-08-01,25.1430546786,-80.3638680848,https://inaturalist-open-data.s3.amazonaws.com/photos/709108057/large.jpg,cc-by-nc
data\ground_species_dataset\raw\holacanthus_ciliaris\holacanthus_ciliaris_0031.jpg,holacanthus_ciliaris,Holacanthus ciliaris,47235,386419281,707483323,2026-07-26,17.9935887001,-63.0679519963,https://inaturalist-open-data.s3.amazonaws.com/photos/707483323/large.jpg,cc-by-nc
data\ground_species_dataset\raw\holacanthus_ciliaris\holacanthus_ciliaris_0032.jpg,holacanthus_ciliaris,Holacanthus ciliaris,47235,386401974,707468360,2026-07-25,15.9487076174,-61.7082797322,https://static.inaturalist.org/photos/707468360/large.jpg,
data\ground_species_dataset\raw\holacanthus_ciliaris\holacanthus_ciliaris_0033.jpg,holacanthus_ciliaris,Holacanthus ciliaris,47235,386108304,706911833,2026-07-24,12.1618590833,-68.284721007,https://static.inaturalist.org/photos/706911833/large.jpg,
data\ground_species_dataset\raw\holacanthus_ciliaris\holacanthus_ciliaris_0034.jpg,holacanthus_ciliaris,Holacanthus ciliaris,47235,385804272,706328684,2004-12-28,25.1465968132,-77.3508365231,https://inaturalist-open-data.s3.amazonaws.com/photos/706328684/large.jpg,cc-by-nc
data\ground_species_dataset\raw\holacanthus_ciliaris\holacanthus_ciliaris_0035.jpg,holacanthus_ciliaris,Holacanthus ciliaris,47235,385472749,705695276,2025-05-27,12.16805,-68.30793,https://inaturalist-open-data.s3.amazonaws.com/photos/705695276/large.jpg,cc-by-nc
data\ground_species_dataset\raw\holacanthus_ciliaris\holacanthus_ciliaris_0036.jpg,holacanthus_ciliaris,Holacanthus ciliaris,47235,385467207,705683800,2026-07-14,20.3881916667,-87.0401111667,https://static.inaturalist.org/photos/705683800/large.jpg,
data\ground_species_dataset\raw\holacanthus_ciliaris\holacanthus_ciliaris_0037.jpg,holacanthus_ciliaris,Holacanthus ciliaris,47235,385003461,704807325,2015-12-22,24.7430716667,-80.8764833333,https://inaturalist-open-data.s3.amazonaws.com/photos/704807325/large.jpg,cc-by-nc
data\ground_species_dataset\raw\holacanthus_ciliaris\holacanthus_ciliaris_0038.jpg,holacanthus_ciliaris,Holacanthus ciliaris,47235,384813932,704449787,2000-09-19,18.341145,-64.9348383333,https://inaturalist-open-data.s3.amazonaws.com/photos/704449787/large.jpg,cc-by-nc
data\ground_species_dataset\raw\holacanthus_ciliaris\holacanthus_ciliaris_0039.jpg,holacanthus_ciliaris,Holacanthus ciliaris,47235,384453299,703743707,2025-11-08,21.1992019,-86.7324638868,https://inaturalist-open-data.s3.amazonaws.com/photos/703743707/large.jpg,cc-by-nc
data\ground_species_dataset\raw\holacanthus_ciliaris\holacanthus_ciliaris_0040.jpg,holacanthus_ciliaris,Holacanthus ciliaris,47235,384113985,703095076,2026-07-15,16.0961256165,-86.8971991222,https://inaturalist-open-data.s3.amazonaws.com/photos/703095076/large.jpg,cc-by-nc
data\ground_species_dataset\raw\holacanthus_ciliaris\holacanthus_ciliaris_0041.jpg,holacanthus_ciliaris,Holacanthus ciliaris,47235,383707571,702309695,2026-06-22,14.4884109437,-61.0816022381,https://inaturalist-open-data.s3.amazonaws.com/photos/702309695/large.jpg,cc-by-nc
data\ground_species_dataset\raw\holacanthus_ciliaris\holacanthus_ciliaris_0042.jpg,holacanthus_ciliaris,Holacanthus ciliaris,47235,383498540,701910457,2026-07-13,16.2818161625,-86.6017108999,https://inaturalist-open-data.s3.amazonaws.com/photos/701910457/large.jpg,cc-by-nc
data\ground_species_dataset\raw\holacanthus_ciliaris\holacanthus_ciliaris_0043.jpg,holacanthus_ciliaris,Holacanthus ciliaris,47235,383067480,701075362,2026-07-12,16.2697030366,-86.5956681002,https://inaturalist-open-data.s3.amazonaws.com/photos/701075362/large.jpg,cc-by-nc
data\ground_species_dataset\raw\holacanthus_ciliaris\holacanthus_ciliaris_0044.jpg,holacanthus_ciliaris,Holacanthus ciliaris,47235,383052228,701043274,2026-07-12,16.2669590288,-86.5983688915,https://inaturalist-open-data.s3.amazonaws.com/photos/701043274/large.jpg,cc-by-nc
data\ground_species_dataset\raw\holacanthus_ciliaris\holacanthus_ciliaris_0045.jpg,holacanthus_ciliaris,Holacanthus ciliaris,47235,382800847,700569847,2026-07-18,24.8423755744,-80.7520883643,https://inaturalist-open-data.s3.amazonaws.com/photos/700569847/large.jpg,cc-by-nc
data\ground_species_dataset\raw\holacanthus_ciliaris\holacanthus_ciliaris_0046.jpg,holacanthus_ciliaris,Holacanthus ciliaris,47235,382673222,700319052,2026-07-18,12.0717737047,-68.8629097486,https://inaturalist-open-data.s3.amazonaws.com/photos/700319052/large.jpg,cc-by-nc
data\ground_species_dataset\raw\holacanthus_ciliaris\holacanthus_ciliaris_0047.jpg,holacanthus_ciliaris,Holacanthus ciliaris,47235,382136816,699292303,2026-07-16,26.7832083119,-80.0403164482,https://inaturalist-open-data.s3.amazonaws.com/photos/699292303/large.jpg,cc-by-nc
data\ground_species_dataset\raw\holacanthus_ciliaris\holacanthus_ciliaris_0048.jpg,holacanthus_ciliaris,Holacanthus ciliaris,47235,382135502,699289731,2026-07-16,26.783019748,-80.0404887065,https://inaturalist-open-data.s3.amazonaws.com/photos/699289731/large.jpg,cc-by-nc
data\ground_species_dataset\raw\holacanthus_ciliaris\holacanthus_ciliaris_0049.jpg,holacanthus_ciliaris,Holacanthus ciliaris,47235,382113327,699246767,2025-06-18,24.5484806,-81.4059137,https://inaturalist-open-data.s3.amazonaws.com/photos/699246767/large.jpg,cc-by-nc
data\ground_species_dataset\raw\holacanthus_ciliaris\holacanthus_ciliaris_0050.jpg,holacanthus_ciliaris,Holacanthus ciliaris,47235,381428574,697922109,2025-06-02,26.78257909,-80.043245684,https://inaturalist-open-data.s3.amazonaws.com/photos/697922109/large.jpg,cc-by
data\ground_species_dataset\raw\pomacanthus_paru\pomacanthus_paru_0001.jpg,pomacanthus_paru,Pomacanthus paru,49257,389387250,713241584,2015-12-12,24.5484806,-81.4059137,https://inaturalist-open-data.s3.amazonaws.com/photos/713241584/large.jpg,cc-by-nc-nd
data\ground_species_dataset\raw\pomacanthus_paru\pomacanthus_paru_0002.jpg,pomacanthus_paru,Pomacanthus paru,49257,389153084,712791031,2026-08-07,24.5481232309,-81.4068703538,https://inaturalist-open-data.s3.amazonaws.com/photos/712791031/large.jpg,cc-by-nc
data\ground_species_dataset\raw\pomacanthus_paru\pomacanthus_paru_0003.jpg,pomacanthus_paru,Pomacanthus paru,49257,389109021,712705494,2026-08-05,26.2576597141,-80.0804162398,https://inaturalist-open-data.s3.amazonaws.com/photos/712705494/large.jpg,cc-by-nc
data\ground_species_dataset\raw\pomacanthus_paru\pomacanthus_paru_0004.jpg,pomacanthus_paru,Pomacanthus paru,49257,389102756,712693148,2026-08-07,20.3707346353,-87.0247277538,https://inaturalist-open-data.s3.amazonaws.com/photos/712693148/large.jpg,cc-by-nc
data\ground_species_dataset\raw\pomacanthus_paru\pomacanthus_paru_0005.jpg,pomacanthus_paru,Pomacanthus paru,49257,388960550,712446104,2023-07-07,13.3302750359,-81.3598443732,https://inaturalist-open-data.s3.amazonaws.com/photos/712446104/large.jpg,cc-by-nc
data\ground_species_dataset\raw\pomacanthus_paru\pomacanthus_paru_0006.jpg,pomacanthus_paru,Pomacanthus paru,49257,388898095,712320189,2026-08-01,25.1073338203,-80.3064091775,https://inaturalist-open-data.s3.amazonaws.com/photos/712320189/large.jpg,cc-by-nc
data\ground_species_dataset\raw\pomacanthus_paru\pomacanthus_paru_0007.jpg,pomacanthus_paru,Pomacanthus paru,49257,388854889,712232294,2006-10-07,18.0344727038,-88.0092829093,https://inaturalist-open-data.s3.amazonaws.com/photos/712232294/large.jpg,cc-by-nc-sa
data\ground_species_dataset\raw\pomacanthus_paru\pomacanthus_paru_0008.jpg,pomacanthus_paru,Pomacanthus paru,49257,388827361,712159674,2026-07-24,25.1376780833,-80.2891407778,https://static.inaturalist.org/photos/712159674/large.jpg,
data\ground_species_dataset\raw\pomacanthus_paru\pomacanthus_paru_0009.jpg,pomacanthus_paru,Pomacanthus paru,49257,388490793,711521470,2025-07-05,16.9546301753,-88.1410803208,https://inaturalist-open-data.s3.amazonaws.com/photos/711521470/large.jpg,cc-by-nc
data\ground_species_dataset\raw\pomacanthus_paru\pomacanthus_paru_0010.jpg,pomacanthus_paru,Pomacanthus paru,49257,388477773,711496285,2026-07-26,26.3180555626,-80.0734278614,https://inaturalist-open-data.s3.amazonaws.com/photos/711496285/large.jpg,cc-by-nc
data\ground_species_dataset\raw\pomacanthus_paru\pomacanthus_paru_0011.jpg,pomacanthus_paru,Pomacanthus paru,49257,388331141,711207302,2020-02-04,12.1441867351,-68.3843931421,https://inaturalist-open-data.s3.amazonaws.com/photos/711207302/large.jpg,cc-by-nc
data\ground_species_dataset\raw\pomacanthus_paru\pomacanthus_paru_0012.jpg,pomacanthus_paru,Pomacanthus paru,49257,388087750,710731039,2026-08-03,24.7262955129,-77.7836218463,https://static.inaturalist.org/photos/710731039/large.jpg,
data\ground_species_dataset\raw\pomacanthus_paru\pomacanthus_paru_0013.jpg,pomacanthus_paru,Pomacanthus paru,49257,388087587,710730659,2026-08-03,24.7262946164,-77.7836192028,https://static.inaturalist.org/photos/710730659/large.jpg,
data\ground_species_dataset\raw\pomacanthus_paru\pomacanthus_paru_0014.jpg,pomacanthus_paru,Pomacanthus paru,49257,387984875,710530739,2026-08-03,20.3695668741,-87.0249529702,https://inaturalist-open-data.s3.amazonaws.com/photos/710530739/large.jpg,cc-by-nc
data\ground_species_dataset\raw\pomacanthus_paru\pomacanthus_paru_0015.jpg,pomacanthus_paru,Pomacanthus paru,49257,387952817,710421414,2026-07-27,12.5417536,-81.7018756,https://inaturalist-open-data.s3.amazonaws.com/photos/710421414/large.jpg,cc-by
data\ground_species_dataset\raw\pomacanthus_paru\pomacanthus_paru_0016.jpg,pomacanthus_paru,Pomacanthus paru,49257,387861870,710284163,2026-07-31,26.7833738953,-80.0405867695,https://inaturalist-open-data.s3.amazonaws.com/photos/710284163/large.jpg,cc-by-nc
data\ground_species_dataset\raw\pomacanthus_paru\pomacanthus_paru_0017.jpg,pomacanthus_paru,Pomacanthus paru,49257,387860024,710410904,2026-08-02,20.370745,-87.0247111667,https://inaturalist-open-data.s3.amazonaws.com/photos/710410904/large.jpg,cc-by-nc
data\ground_species_dataset\raw\pomacanthus_paru\pomacanthus_paru_0018.jpg,pomacanthus_paru,Pomacanthus paru,49257,387715937,709998503,2026-07-30,16.5529641588,-88.0956752732,https://inaturalist-open-data.s3.amazonaws.com/photos/709998503/large.jpg,cc-by-nc
data\ground_species_dataset\raw\pomacanthus_paru\pomacanthus_paru_0019.jpg,pomacanthus_paru,Pomacanthus paru,49257,387689219,709926672,2026-05-29,11.2506643128,-74.2219840445,https://inaturalist-open-data.s3.amazonaws.com/photos/709926672/large.jpg,cc-by
data\ground_species_dataset\raw\pomacanthus_paru\pomacanthus_paru_0020.jpg,pomacanthus_paru,Pomacanthus paru,49257,387647374,709865645,2026-08-01,27.1508855065,-79.2617956051,https://inaturalist-open-data.s3.amazonaws.com/photos/709865645/large.jpg,cc-by-nc
data\ground_species_dataset\raw\pomacanthus_paru\pomacanthus_paru_0021.jpg,pomacanthus_paru,Pomacanthus paru,49257,387580108,709699345,2026-05-04,11.3287082559,-74.1095615662,https://inaturalist-open-data.s3.amazonaws.com/photos/709699345/large.jpg,cc-by
data\ground_species_dataset\raw\pomacanthus_paru\pomacanthus_paru_0022.jpg,pomacanthus_paru,Pomacanthus paru,49257,387580057,709683980,2026-05-04,11.3287082559,-74.1095615662,https://inaturalist-open-data.s3.amazonaws.com/photos/709683980/large.jpg,cc-by
data\ground_species_dataset\raw\pomacanthus_paru\pomacanthus_paru_0023.jpg,pomacanthus_paru,Pomacanthus paru,49257,387524673,709631114,2026-08-01,25.1087870974,-80.3079360477,https://inaturalist-open-data.s3.amazonaws.com/photos/709631114/large.jpg,cc-by-nc
data\ground_species_dataset\raw\pomacanthus_paru\pomacanthus_paru_0024.jpg,pomacanthus_paru,Pomacanthus paru,49257,387524420,709630534,2026-08-01,25.106996288,-80.3064762995,https://inaturalist-open-data.s3.amazonaws.com/photos/709630534/large.jpg,cc-by-nc
data\ground_species_dataset\raw\pomacanthus_paru\pomacanthus_paru_0025.jpg,pomacanthus_paru,Pomacanthus paru,49257,387523526,709628689,2026-08-01,25.0748432967,-80.390249328,https://inaturalist-open-data.s3.amazonaws.com/photos/709628689/large.jpg,cc-by-nc
data\ground_species_dataset\raw\pomacanthus_paru\pomacanthus_paru_0026.jpg,pomacanthus_paru,Pomacanthus paru,49257,387514378,709612976,2026-08-01,26.1882278439,-80.0928807204,https://inaturalist-open-data.s3.amazonaws.com/photos/709612976/large.jpg,cc-by-nc
data\ground_species_dataset\raw\pomacanthus_paru\pomacanthus_paru_0027.jpg,pomacanthus_paru,Pomacanthus paru,49257,387500338,709587339,2026-08-01,25.1130073439,-80.3302432045,https://inaturalist-open-data.s3.amazonaws.com/photos/709587339/large.jpg,cc-by-nc
data\ground_species_dataset\raw\pomacanthus_paru\pomacanthus_paru_0028.jpg,pomacanthus_paru,Pomacanthus paru,49257,387469837,709527686,2017-07-13,16.130262,-61.820068,https://inaturalist-open-data.s3.amazonaws.com/photos/709527686/large.jpg,cc-by-nc-nd
data\ground_species_dataset\raw\pomacanthus_paru\pomacanthus_paru_0029.jpg,pomacanthus_paru,Pomacanthus paru,49257,387397606,709386528,2026-08-01,24.9225314278,-80.5701368752,https://inaturalist-open-data.s3.amazonaws.com/photos/709386528/large.jpg,cc-by
data\ground_species_dataset\raw\pomacanthus_paru\pomacanthus_paru_0030.jpg,pomacanthus_paru,Pomacanthus paru,49257,387383427,709359116,2026-08-01,26.7732826142,-80.0472054631,https://inaturalist-open-data.s3.amazonaws.com/photos/709359116/large.jpg,cc-by-nc
data\ground_species_dataset\raw\pomacanthus_paru\pomacanthus_paru_0031.jpg,pomacanthus_paru,Pomacanthus paru,49257,387352630,709298726,2026-08-01,25.1107278333,-80.3015133333,https://static.inaturalist.org/photos/709298726/large.jpg,
data\ground_species_dataset\raw\pomacanthus_paru\pomacanthus_paru_0032.jpg,pomacanthus_paru,Pomacanthus paru,49257,387341150,709276544,2026-08-01,25.1102055,-80.3035283333,https://inaturalist-open-data.s3.amazonaws.com/photos/709276544/large.jpg,cc-by-nc
data\ground_species_dataset\raw\pomacanthus_paru\pomacanthus_paru_0033.jpg,pomacanthus_paru,Pomacanthus paru,49257,387339293,709272668,2026-08-01,25.2223906795,-80.5013258303,https://inaturalist-open-data.s3.amazonaws.com/photos/709272668/large.jpg,cc-by-nc
data\ground_species_dataset\raw\pomacanthus_paru\pomacanthus_paru_0034.jpg,pomacanthus_paru,Pomacanthus paru,49257,387335629,709265648,2026-08-01,25.0416828257,-80.1981909044,https://inaturalist-open-data.s3.amazonaws.com/photos/709265648/large.jpg,cc-by-nc
data\ground_species_dataset\raw\pomacanthus_paru\pomacanthus_paru_0035.jpg,pomacanthus_paru,Pomacanthus paru,49257,387238102,709076174,2026-08-01,26.7824866952,-80.0410910843,https://inaturalist-open-data.s3.amazonaws.com/photos/709076174/large.jpg,cc-by-nc
data\ground_species_dataset\raw\pomacanthus_paru\pomacanthus_paru_0036.jpg,pomacanthus_paru,Pomacanthus paru,49257,387224224,709047875,2024-09-16,12.1671535609,-68.287914531,https://inaturalist-open-data.s3.amazonaws.com/photos/709047875/large.jpg,cc-by
data\ground_species_dataset\raw\pomacanthus_paru\pomacanthus_paru_0037.jpg,pomacanthus_paru,Pomacanthus paru,49257,387058327,708727330,2025-03-07,-22.7529526062,-41.8699511844,https://static.inaturalist.org/photos/708727330/large.jpg,
data\ground_species_dataset\raw\pomacanthus_paru\pomacanthus_paru_0038.jpg,pomacanthus_paru,Pomacanthus paru,49257,387017259,708647418,2026-07-27,-9.7650147125,-35.8358094806,https://inaturalist-open-data.s3.amazonaws.com/photos/708647418/large.jpg,cc-by-nc
data\ground_species_dataset\raw\pomacanthus_paru\pomacanthus_paru_0039.jpg,pomacanthus_paru,Pomacanthus paru,49257,387011690,708639419,2026-07-31,25.0947397573,-80.326536392,https://inaturalist-open-data.s3.amazonaws.com/photos/708639419/large.jpg,cc-by-nc
data\ground_species_dataset\raw\pomacanthus_paru\pomacanthus_paru_0040.jpg,pomacanthus_paru,Pomacanthus paru,49257,387000147,708618293,2026-07-31,25.1394055,-80.2945866667,https://inaturalist-open-data.s3.amazonaws.com/photos/708618293/large.jpg,cc-by-nc
data\ground_species_dataset\raw\pomacanthus_paru\pomacanthus_paru_0041.jpg,pomacanthus_paru,Pomacanthus paru,49257,386999812,708612801,2023-01-03,18.4764593075,-66.3137055242,https://inaturalist-open-data.s3.amazonaws.com/photos/708612801/large.jpg,cc-by-nc
data\ground_species_dataset\raw\pomacanthus_paru\pomacanthus_paru_0042.jpg,pomacanthus_paru,Pomacanthus paru,49257,386949828,708522362,2026-07-31,20.3251723304,-87.0171263194,https://static.inaturalist.org/photos/708522362/large.jpg,
data\ground_species_dataset\raw\pomacanthus_paru\pomacanthus_paru_0043.jpg,pomacanthus_paru,Pomacanthus paru,49257,386947493,708513424,2026-07-31,26.7829889523,-80.0440213644,https://inaturalist-open-data.s3.amazonaws.com/photos/708513424/large.jpg,cc-by-nc
data\ground_species_dataset\raw\pomacanthus_paru\pomacanthus_paru_0044.jpg,pomacanthus_paru,Pomacanthus paru,49257,386460730,707589010,2026-07-29,26.78407,-80.0427805,https://inaturalist-open-data.s3.amazonaws.com/photos/707589010/large.jpg,cc-by-nc
data\ground_species_dataset\raw\pomacanthus_paru\pomacanthus_paru_0045.jpg,pomacanthus_paru,Pomacanthus paru,49257,386326543,707329419,2026-07-22,19.1664368139,-95.8725545971,https://inaturalist-open-data.s3.amazonaws.com/photos/707329419/large.jpg,cc-by-nc
data\ground_species_dataset\raw\pomacanthus_paru\pomacanthus_paru_0046.jpg,pomacanthus_paru,Pomacanthus paru,49257,386220991,707134045,2025-08-21,-23.114493,-44.293951,https://inaturalist-open-data.s3.amazonaws.com/photos/707134045/large.jpg,cc-by
data\ground_species_dataset\raw\pomacanthus_paru\pomacanthus_paru_0047.jpg,pomacanthus_paru,Pomacanthus paru,49257,386220981,707133848,2025-08-21,-23.114493,-44.293951,https://inaturalist-open-data.s3.amazonaws.com/photos/707133848/large.jpg,cc-by
data\ground_species_dataset\raw\pomacanthus_paru\pomacanthus_paru_0048.jpg,pomacanthus_paru,Pomacanthus paru,49257,386174198,707047633,2025-09-12,20.3785245502,-87.0291018113,https://inaturalist-open-data.s3.amazonaws.com/photos/707047633/large.jpg,cc-by-nc
data\ground_species_dataset\raw\pomacanthus_paru\pomacanthus_paru_0049.jpg,pomacanthus_paru,Pomacanthus paru,49257,386148718,706993066,2024-09-16,12.0993743852,-68.2879845275,https://inaturalist-open-data.s3.amazonaws.com/photos/706993066/large.jpg,cc-by
data\ground_species_dataset\raw\pomacanthus_paru\pomacanthus_paru_0050.jpg,pomacanthus_paru,Pomacanthus paru,49257,386126304,706951917,2026-07-28,18.3849366667,-65.592125,https://inaturalist-open-data.s3.amazonaws.com/photos/706951917/large.jpg,cc-by-nc
data\ground_species_dataset\raw\sphyraena_barracuda\sphyraena_barracuda_0001.jpg,sphyraena_barracuda,Sphyraena barracuda,47251,389473498,713409508,2026-08-07,34.606,-76.314,https://inaturalist-open-data.s3.amazonaws.com/photos/713409508/large.jpg,cc-by-nc
data\ground_species_dataset\raw\sphyraena_barracuda\sphyraena_barracuda_0002.jpg,sphyraena_barracuda,Sphyraena barracuda,47251,389466042,713399105,2026-06-23,14.6261720591,-61.1163938418,https://static.inaturalist.org/photos/713399105/large.jpg,
data\ground_species_dataset\raw\sphyraena_barracuda\sphyraena_barracuda_0003.jpg,sphyraena_barracuda,Sphyraena barracuda,47251,389387103,713238067,2015-12-10,25.1249242739,-80.4040340986,https://inaturalist-open-data.s3.amazonaws.com/photos/713238067/large.jpg,cc-by-nc-nd
data\ground_species_dataset\raw\sphyraena_barracuda\sphyraena_barracuda_0004.jpg,sphyraena_barracuda,Sphyraena barracuda,47251,389342881,713160665,2025-12-27,25.0007358128,-77.599597336,https://inaturalist-open-data.s3.amazonaws.com/photos/713160665/large.jpg,cc-by-nc
data\ground_species_dataset\raw\sphyraena_barracuda\sphyraena_barracuda_0005.jpg,sphyraena_barracuda,Sphyraena barracuda,47251,389069270,712627927,2017-05-15,18.458202,-77.3984704,https://static.inaturalist.org/photos/712627927/large.jpg,
data\ground_species_dataset\raw\sphyraena_barracuda\sphyraena_barracuda_0006.jpg,sphyraena_barracuda,Sphyraena barracuda,47251,388926091,712376026,2026-08-05,21.2864348992,-86.7817897508,https://static.inaturalist.org/photos/712376026/large.jpg,
data\ground_species_dataset\raw\sphyraena_barracuda\sphyraena_barracuda_0007.jpg,sphyraena_barracuda,Sphyraena barracuda,47251,388923229,712370281,2026-08-05,21.28047675,-86.7870561645,https://static.inaturalist.org/photos/712370281/large.jpg,
data\ground_species_dataset\raw\sphyraena_barracuda\sphyraena_barracuda_0008.jpg,sphyraena_barracuda,Sphyraena barracuda,47251,388922410,712368317,2026-08-05,21.2828519385,-86.7819646225,https://static.inaturalist.org/photos/712368317/large.jpg,
data\ground_species_dataset\raw\sphyraena_barracuda\sphyraena_barracuda_0009.jpg,sphyraena_barracuda,Sphyraena barracuda,47251,388921533,712366407,2026-08-05,21.2791379345,-86.7871104028,https://static.inaturalist.org/photos/712366407/large.jpg,
data\ground_species_dataset\raw\sphyraena_barracuda\sphyraena_barracuda_0010.jpg,sphyraena_barracuda,Sphyraena barracuda,47251,388921077,712365678,2026-08-06,21.2810167855,-86.7837829955,https://static.inaturalist.org/photos/712365678/large.jpg,
data\ground_species_dataset\raw\sphyraena_barracuda\sphyraena_barracuda_0011.jpg,sphyraena_barracuda,Sphyraena barracuda,47251,388729807,711989606,2026-08-05,11.3291693827,-60.5495797394,https://inaturalist-open-data.s3.amazonaws.com/photos/711989606/large.jpg,cc-by-nc
data\ground_species_dataset\raw\sphyraena_barracuda\sphyraena_barracuda_0012.jpg,sphyraena_barracuda,Sphyraena barracuda,47251,388648146,711830331,2026-08-01,25.0824722222,-80.3122416667,https://inaturalist-open-data.s3.amazonaws.com/photos/711830331/large.jpg,cc-by-nc
data\ground_species_dataset\raw\sphyraena_barracuda\sphyraena_barracuda_0013.jpg,sphyraena_barracuda,Sphyraena barracuda,47251,388643980,711822352,2026-08-05,27.8383718906,-97.0675851522,https://inaturalist-open-data.s3.amazonaws.com/photos/711822352/large.jpg,cc-by-nc
data\ground_species_dataset\raw\sphyraena_barracuda\sphyraena_barracuda_0014.jpg,sphyraena_barracuda,Sphyraena barracuda,47251,388642717,711819778,2025-04-09,12.106575,-68.9433966667,https://inaturalist-open-data.s3.amazonaws.com/photos/711819778/large.jpg,cc-by-nc
data\ground_species_dataset\raw\sphyraena_barracuda\sphyraena_barracuda_0015.jpg,sphyraena_barracuda,Sphyraena barracuda,47251,388642334,711818986,2026-08-03,17.9845145764,-63.0472659022,https://inaturalist-open-data.s3.amazonaws.com/photos/711818986/large.jpg,cc-by-nc
data\ground_species_dataset\raw\sphyraena_barracuda\sphyraena_barracuda_0016.jpg,sphyraena_barracuda,Sphyraena barracuda,47251,388337655,711219923,2026-07-31,25.1598350521,-80.492352709,https://inaturalist-open-data.s3.amazonaws.com/photos/711219923/large.jpg,cc-by-nc
data\ground_species_dataset\raw\sphyraena_barracuda\sphyraena_barracuda_0017.jpg,sphyraena_barracuda,Sphyraena barracuda,47251,388253306,711056499,2026-08-03,25.9529456054,-80.1267155478,https://inaturalist-open-data.s3.amazonaws.com/photos/711056499/large.jpg,cc-by-nc
data\ground_species_dataset\raw\sphyraena_barracuda\sphyraena_barracuda_0018.jpg,sphyraena_barracuda,Sphyraena barracuda,47251,388087618,710730767,2026-08-04,-27.4932726,153.4027954997,https://inaturalist-open-data.s3.amazonaws.com/photos/710730767/large.jpg,cc-by-nc
data\ground_species_dataset\raw\sphyraena_barracuda\sphyraena_barracuda_0019.jpg,sphyraena_barracuda,Sphyraena barracuda,47251,388077011,710707696,2026-08-01,25.04948,-80.18765,https://inaturalist-open-data.s3.amazonaws.com/photos/710707696/large.jpg,cc-by-nc
data\ground_species_dataset\raw\sphyraena_barracuda\sphyraena_barracuda_0020.jpg,sphyraena_barracuda,Sphyraena barracuda,47251,388073048,710699948,2026-08-03,20.3707507233,-87.0245679569,https://inaturalist-open-data.s3.amazonaws.com/photos/710699948/large.jpg,cc-by-nc
data\ground_species_dataset\raw\sphyraena_barracuda\sphyraena_barracuda_0021.jpg,sphyraena_barracuda,Sphyraena barracuda,47251,388037540,710631002,2026-07-31,25.136163965,-80.2892904288,https://inaturalist-open-data.s3.amazonaws.com/photos/710631002/large.jpg,cc-by-nc
data\ground_species_dataset\raw\sphyraena_barracuda\sphyraena_barracuda_0022.jpg,sphyraena_barracuda,Sphyraena barracuda,47251,388007656,710572173,2026-08-03,19.9158583333,-155.88623,https://static.inaturalist.org/photos/710572173/large.jpg,
data\ground_species_dataset\raw\sphyraena_barracuda\sphyraena_barracuda_0023.jpg,sphyraena_barracuda,Sphyraena barracuda,47251,387990262,710537543,2026-08-03,24.7263789346,-77.7841591409,https://static.inaturalist.org/photos/710537543/large.jpg,
data\ground_species_dataset\raw\sphyraena_barracuda\sphyraena_barracuda_0024.jpg,sphyraena_barracuda,Sphyraena barracuda,47251,387976479,710510035,2026-08-03,25.0924695,-80.4453966667,https://inaturalist-open-data.s3.amazonaws.com/photos/710510035/large.jpg,cc-by
data\ground_species_dataset\raw\sphyraena_barracuda\sphyraena_barracuda_0025.jpg,sphyraena_barracuda,Sphyraena barracuda,47251,387925778,710411559,2026-08-03,20.370705,-87.0247195,https://inaturalist-open-data.s3.amazonaws.com/photos/710411559/large.jpg,cc-by-nc
data\ground_species_dataset\raw\sphyraena_barracuda\sphyraena_barracuda_0026.jpg,sphyraena_barracuda,Sphyraena barracuda,47251,387844346,710251251,2026-08-03,16.2404721704,-61.5419819579,https://inaturalist-open-data.s3.amazonaws.com/photos/710251251/large.jpg,cc-by-nc
data\ground_species_dataset\raw\sphyraena_barracuda\sphyraena_barracuda_0027.jpg,sphyraena_barracuda,Sphyraena barracuda,47251,387771963,710109883,2026-08-02,21.2810272734,-86.7789659427,https://static.inaturalist.org/photos/710109883/large.jpg,
data\ground_species_dataset\raw\sphyraena_barracuda\sphyraena_barracuda_0028.jpg,sphyraena_barracuda,Sphyraena barracuda,47251,387771126,710107795,2026-08-02,21.2785831017,-86.7836841637,https://static.inaturalist.org/photos/710107795/large.jpg,
data\ground_species_dataset\raw\sphyraena_barracuda\sphyraena_barracuda_0029.jpg,sphyraena_barracuda,Sphyraena barracuda,47251,387756560,710079931,2026-08-02,21.2908489624,-86.7764031727,https://static.inaturalist.org/photos/710079931/large.jpg,
data\ground_species_dataset\raw\sphyraena_barracuda\sphyraena_barracuda_0030.jpg,sphyraena_barracuda,Sphyraena barracuda,47251,387756008,710079045,2026-08-02,21.2904092734,-86.7846862074,https://static.inaturalist.org/photos/710079045/large.jpg,
data\ground_species_dataset\raw\sphyraena_barracuda\sphyraena_barracuda_0031.jpg,sphyraena_barracuda,Sphyraena barracuda,47251,387755514,710078022,2026-08-02,21.2945662637,-86.7766407474,https://static.inaturalist.org/photos/710078022/large.jpg,
data\ground_species_dataset\raw\sphyraena_barracuda\sphyraena_barracuda_0032.jpg,sphyraena_barracuda,Sphyraena barracuda,47251,387738333,710043850,2026-08-02,32.2481949286,-64.8498456263,https://inaturalist-open-data.s3.amazonaws.com/photos/710043850/large.jpg,cc-by-nc
data\ground_species_dataset\raw\sphyraena_barracuda\sphyraena_barracuda_0033.jpg,sphyraena_barracuda,Sphyraena barracuda,47251,387716785,710000252,2026-08-02,16.5237333052,-88.0832442269,https://inaturalist-open-data.s3.amazonaws.com/photos/710000252/large.jpg,cc-by-nc
data\ground_species_dataset\raw\sphyraena_barracuda\sphyraena_barracuda_0034.jpg,sphyraena_barracuda,Sphyraena barracuda,47251,387641375,709854170,2026-08-01,26.3684033333,-80.0676721667,https://inaturalist-open-data.s3.amazonaws.com/photos/709854170/large.jpg,cc-by-nc
data\ground_species_dataset\raw\sphyraena_barracuda\sphyraena_barracuda_0035.jpg,sphyraena_barracuda,Sphyraena barracuda,47251,387602936,709777503,2016-12-25,11.9051490664,102.3172371638,https://inaturalist-open-data.s3.amazonaws.com/photos/709777503/large.jpg,cc-by-nc
data\ground_species_dataset\raw\sphyraena_barracuda\sphyraena_barracuda_0036.jpg,sphyraena_barracuda,Sphyraena barracuda,47251,387587437,709751410,2023-08-23,25.7187833333,-80.2780833333,https://inaturalist-open-data.s3.amazonaws.com/photos/709751410/large.jpg,cc-by-nc
data\ground_species_dataset\raw\sphyraena_barracuda\sphyraena_barracuda_0037.jpg,sphyraena_barracuda,Sphyraena barracuda,47251,387560291,709697701,2023-01-28,26.7853118349,-80.0426315169,https://static.inaturalist.org/photos/709697701/large.jpg,
data\ground_species_dataset\raw\sphyraena_barracuda\sphyraena_barracuda_0038.jpg,sphyraena_barracuda,Sphyraena barracuda,47251,387557129,709690363,2026-08-01,22.3403741748,120.3610982639,https://inaturalist-open-data.s3.amazonaws.com/photos/709690363/large.jpg,cc-by-nc
data\ground_species_dataset\raw\sphyraena_barracuda\sphyraena_barracuda_0039.jpg,sphyraena_barracuda,Sphyraena barracuda,47251,387530680,709641903,2026-08-02,25.0349140836,-80.3790167938,https://inaturalist-open-data.s3.amazonaws.com/photos/709641903/large.jpg,cc-by-nc
data\ground_species_dataset\raw\sphyraena_barracuda\sphyraena_barracuda_0040.jpg,sphyraena_barracuda,Sphyraena barracuda,47251,387527559,709637380,2026-08-02,25.0390861677,-80.1784952357,https://inaturalist-open-data.s3.amazonaws.com/photos/709637380/large.jpg,cc-by-nc
data\ground_species_dataset\raw\sphyraena_barracuda\sphyraena_barracuda_0041.jpg,sphyraena_barracuda,Sphyraena barracuda,47251,387519472,709621334,2026-07-31,25.2026216043,-79.2495046304,https://inaturalist-open-data.s3.amazonaws.com/photos/709621334/large.jpg,cc-by-nc
data\ground_species_dataset\raw\sphyraena_barracuda\sphyraena_barracuda_0042.jpg,sphyraena_barracuda,Sphyraena barracuda,47251,387395660,709382606,2026-08-01,25.10785,-80.3068916667,https://inaturalist-open-data.s3.amazonaws.com/photos/709382606/large.jpg,cc-by-nc
data\ground_species_dataset\raw\sphyraena_barracuda\sphyraena_barracuda_0043.jpg,sphyraena_barracuda,Sphyraena barracuda,47251,387339174,709272447,2026-08-01,25.1270231717,-80.3788717892,https://inaturalist-open-data.s3.amazonaws.com/photos/709272447/large.jpg,cc-by-nc
data\ground_species_dataset\raw\sphyraena_barracuda\sphyraena_barracuda_0044.jpg,sphyraena_barracuda,Sphyraena barracuda,47251,387251851,709103045,2026-08-01,25.1006755283,-80.3584351608,https://inaturalist-open-data.s3.amazonaws.com/photos/709103045/large.jpg,cc-by-nc
data\ground_species_dataset\raw\sphyraena_barracuda\sphyraena_barracuda_0045.jpg,sphyraena_barracuda,Sphyraena barracuda,47251,387220673,709042460,2026-08-01,25.1301361667,-80.293595,https://inaturalist-open-data.s3.amazonaws.com/photos/709042460/large.jpg,cc-by-nc
data\ground_species_dataset\raw\sphyraena_barracuda\sphyraena_barracuda_0046.jpg,sphyraena_barracuda,Sphyraena barracuda,47251,387181323,708970566,2026-07-31,25.1163311299,-80.2467954144,https://inaturalist-open-data.s3.amazonaws.com/photos/708970566/large.jpg,cc-by-nc
data\ground_species_dataset\raw\sphyraena_barracuda\sphyraena_barracuda_0047.jpg,sphyraena_barracuda,Sphyraena barracuda,47251,387157034,708923398,2026-07-31,25.1404136158,-80.2989882058,https://inaturalist-open-data.s3.amazonaws.com/photos/708923398/large.jpg,cc-by-nc
data\ground_species_dataset\raw\sphyraena_barracuda\sphyraena_barracuda_0048.jpg,sphyraena_barracuda,Sphyraena barracuda,47251,387153680,708917189,2026-07-31,25.1666644815,-79.0979067263,https://inaturalist-open-data.s3.amazonaws.com/photos/708917189/large.jpg,cc-by-nc
data\ground_species_dataset\raw\sphyraena_barracuda\sphyraena_barracuda_0049.jpg,sphyraena_barracuda,Sphyraena barracuda,47251,387144785,708900030,2026-07-31,25.1362638333,-80.2900866667,https://static.inaturalist.org/photos/708900030/large.jpg,
data\ground_species_dataset\raw\sphyraena_barracuda\sphyraena_barracuda_0050.jpg,sphyraena_barracuda,Sphyraena barracuda,47251,387141704,708894817,2026-07-31,25.1379010676,-80.2889412269,https://inaturalist-open-data.s3.amazonaws.com/photos/708894817/large.jpg,cc-by-nc
data\ground_species_dataset\raw\gymnothorax_funebris\gymnothorax_funebris_0001.jpg,gymnothorax_funebris,Gymnothorax funebris,120125,388642663,711819401,2026-08-04,17.9876838725,-63.0523882719,https://inaturalist-open-data.s3.amazonaws.com/photos/711819401/large.jpg,cc-by-nc
data\ground_species_dataset\raw\gymnothorax_funebris\gymnothorax_funebris_0002.jpg,gymnothorax_funebris,Gymnothorax funebris,120125,388490913,711521683,2025-07-03,16.9496373843,-88.1337805743,https://inaturalist-open-data.s3.amazonaws.com/photos/711521683/large.jpg,cc-by-nc
data\ground_species_dataset\raw\gymnothorax_funebris\gymnothorax_funebris_0003.jpg,gymnothorax_funebris,Gymnothorax funebris,120125,387704153,709975662,2026-08-01,16.3599882839,-88.1503851493,https://inaturalist-open-data.s3.amazonaws.com/photos/709975662/large.jpg,cc-by-nc
data\ground_species_dataset\raw\gymnothorax_funebris\gymnothorax_funebris_0004.jpg,gymnothorax_funebris,Gymnothorax funebris,120125,387482365,709551617,2026-08-01,24.9237100586,-80.5688304615,https://inaturalist-open-data.s3.amazonaws.com/photos/709551617/large.jpg,cc-by
data\ground_species_dataset\raw\gymnothorax_funebris\gymnothorax_funebris_0005.jpg,gymnothorax_funebris,Gymnothorax funebris,120125,387017219,708643926,2026-07-27,-9.7640485239,-35.8348692222,https://inaturalist-open-data.s3.amazonaws.com/photos/708643926/large.jpg,cc-by-nc
data\ground_species_dataset\raw\gymnothorax_funebris\gymnothorax_funebris_0006.jpg,gymnothorax_funebris,Gymnothorax funebris,120125,386443193,707557155,2026-07-29,9.2482633333,-82.1390528333,https://static.inaturalist.org/photos/707557155/large.jpg,
data\ground_species_dataset\raw\gymnothorax_funebris\gymnothorax_funebris_0007.jpg,gymnothorax_funebris,Gymnothorax funebris,120125,386351296,707380047,2026-07-26,12.37493,-69.1577111667,https://inaturalist-open-data.s3.amazonaws.com/photos/707380047/large.jpg,cc-by-nc
data\ground_species_dataset\raw\gymnothorax_funebris\gymnothorax_funebris_0008.jpg,gymnothorax_funebris,Gymnothorax funebris,120125,386349813,707376906,2026-07-26,12.37493,-69.1577111667,https://inaturalist-open-data.s3.amazonaws.com/photos/707376906/large.jpg,cc-by-nc
data\ground_species_dataset\raw\gymnothorax_funebris\gymnothorax_funebris_0009.jpg,gymnothorax_funebris,Gymnothorax funebris,120125,386346052,707370652,2026-07-25,12.2278883333,-69.0926638333,https://inaturalist-open-data.s3.amazonaws.com/photos/707370652/large.jpg,cc-by-nc
data\ground_species_dataset\raw\gymnothorax_funebris\gymnothorax_funebris_0010.jpg,gymnothorax_funebris,Gymnothorax funebris,120125,386336727,707352157,2026-07-24,12.341205,-69.1527555,https://inaturalist-open-data.s3.amazonaws.com/photos/707352157/large.jpg,cc-by-nc
data\ground_species_dataset\raw\gymnothorax_funebris\gymnothorax_funebris_0011.jpg,gymnothorax_funebris,Gymnothorax funebris,120125,386249998,707185410,2026-07-28,24.8504134,-80.6164504,https://inaturalist-open-data.s3.amazonaws.com/photos/707185410/large.jpg,cc-by-nc
data\ground_species_dataset\raw\gymnothorax_funebris\gymnothorax_funebris_0012.jpg,gymnothorax_funebris,Gymnothorax funebris,120125,385007654,704814447,2015-12-22,24.7430716667,-80.8764833333,https://inaturalist-open-data.s3.amazonaws.com/photos/704814447/large.jpg,cc-by-nc
data\ground_species_dataset\raw\gymnothorax_funebris\gymnothorax_funebris_0013.jpg,gymnothorax_funebris,Gymnothorax funebris,120125,384813400,704448710,1998-12-29,19.375825,-81.3045366667,https://inaturalist-open-data.s3.amazonaws.com/photos/704448710/large.jpg,cc-by-nc
data\ground_species_dataset\raw\gymnothorax_funebris\gymnothorax_funebris_0014.jpg,gymnothorax_funebris,Gymnothorax funebris,120125,384131825,703129098,2026-07-17,16.3446249702,-86.5478300199,https://inaturalist-open-data.s3.amazonaws.com/photos/703129098/large.jpg,cc-by-nc
data\ground_species_dataset\raw\gymnothorax_funebris\gymnothorax_funebris_0015.jpg,gymnothorax_funebris,Gymnothorax funebris,120125,384122524,703101773,2026-07-16,16.3303488887,-86.5694739235,https://inaturalist-open-data.s3.amazonaws.com/photos/703101773/large.jpg,cc-by-nc
data\ground_species_dataset\raw\gymnothorax_funebris\gymnothorax_funebris_0016.jpg,gymnothorax_funebris,Gymnothorax funebris,120125,383498518,701910254,2026-07-13,16.2818161625,-86.6014963232,https://inaturalist-open-data.s3.amazonaws.com/photos/701910254/large.jpg,cc-by-nc
data\ground_species_dataset\raw\gymnothorax_funebris\gymnothorax_funebris_0017.jpg,gymnothorax_funebris,Gymnothorax funebris,120125,383495305,701907086,2026-07-13,16.3363559767,-86.5660107219,https://inaturalist-open-data.s3.amazonaws.com/photos/701907086/large.jpg,cc-by-nc
data\ground_species_dataset\raw\gymnothorax_funebris\gymnothorax_funebris_0018.jpg,gymnothorax_funebris,Gymnothorax funebris,120125,383151727,701175719,2026-07-19,25.0151854,-80.3785098,https://inaturalist-open-data.s3.amazonaws.com/photos/701175719/large.jpg,cc-by-nc
data\ground_species_dataset\raw\gymnothorax_funebris\gymnothorax_funebris_0019.jpg,gymnothorax_funebris,Gymnothorax funebris,120125,382272897,699556379,2026-07-13,24.6305089061,-82.8714664795,https://inaturalist-open-data.s3.amazonaws.com/photos/699556379/large.jpg,cc-by-nc
data\ground_species_dataset\raw\gymnothorax_funebris\gymnothorax_funebris_0020.jpg,gymnothorax_funebris,Gymnothorax funebris,120125,382164294,699346209,2025-06-19,24.5484806,-81.4059137,https://inaturalist-open-data.s3.amazonaws.com/photos/699346209/large.jpg,cc-by-nc
data\ground_species_dataset\raw\gymnothorax_funebris\gymnothorax_funebris_0021.jpg,gymnothorax_funebris,Gymnothorax funebris,120125,382095016,699211081,2016-01-08,19.304915619,-81.210456334,https://inaturalist-open-data.s3.amazonaws.com/photos/699211081/large.jpg,cc-by-nc
data\ground_species_dataset\raw\gymnothorax_funebris\gymnothorax_funebris_0022.jpg,gymnothorax_funebris,Gymnothorax funebris,120125,381824870,698717173,2026-01-07,24.8275439112,-80.8161766827,https://static.inaturalist.org/photos/698717173/large.jpg,
data\ground_species_dataset\raw\gymnothorax_funebris\gymnothorax_funebris_0023.jpg,gymnothorax_funebris,Gymnothorax funebris,120125,381779163,698603475,2026-07-15,12.6106710492,-70.0602291767,https://inaturalist-open-data.s3.amazonaws.com/photos/698603475/large.jpg,cc-by-nc
data\ground_species_dataset\raw\gymnothorax_funebris\gymnothorax_funebris_0024.jpg,gymnothorax_funebris,Gymnothorax funebris,120125,381263081,697595956,2022-08-28,19.3250342957,-81.2495036544,https://inaturalist-open-data.s3.amazonaws.com/photos/697595956/large.jpg,cc-by-nc
data\ground_species_dataset\raw\gymnothorax_funebris\gymnothorax_funebris_0025.jpg,gymnothorax_funebris,Gymnothorax funebris,120125,380654442,696422931,2026-07-12,-9.5314436629,-35.5921894312,https://static.inaturalist.org/photos/696422931/large.jpg,
data\ground_species_dataset\raw\gymnothorax_funebris\gymnothorax_funebris_0026.jpg,gymnothorax_funebris,Gymnothorax funebris,120125,380586422,696290034,2023-03-27,18.420695,-64.639968,https://inaturalist-open-data.s3.amazonaws.com/photos/696290034/large.jpg,cc-by-nc
data\ground_species_dataset\raw\gymnothorax_funebris\gymnothorax_funebris_0027.jpg,gymnothorax_funebris,Gymnothorax funebris,120125,380586421,696290031,2023-03-27,18.420695,-64.639968,https://inaturalist-open-data.s3.amazonaws.com/photos/696290031/large.jpg,cc-by-nc
data\ground_species_dataset\raw\gymnothorax_funebris\gymnothorax_funebris_0028.jpg,gymnothorax_funebris,Gymnothorax funebris,120125,380007215,695150737,2025-02-17,20.4048954556,-87.0238514042,https://inaturalist-open-data.s3.amazonaws.com/photos/695150737/large.jpg,cc-by
data\ground_species_dataset\raw\gymnothorax_funebris\gymnothorax_funebris_0029.jpg,gymnothorax_funebris,Gymnothorax funebris,120125,379798126,694762928,2025-05-13,16.3317829567,-86.5749440872,https://inaturalist-open-data.s3.amazonaws.com/photos/694762928/large.jpg,cc-by-nc
data\ground_species_dataset\raw\gymnothorax_funebris\gymnothorax_funebris_0030.jpg,gymnothorax_funebris,Gymnothorax funebris,120125,379691618,694562075,2026-07-08,32.3222616954,-64.720579168,https://inaturalist-open-data.s3.amazonaws.com/photos/694562075/large.jpg,cc-by-nc
data\ground_species_dataset\raw\gymnothorax_funebris\gymnothorax_funebris_0031.jpg,gymnothorax_funebris,Gymnothorax funebris,120125,379496675,694180332,2026-07-07,24.7903585025,-80.8871418133,https://inaturalist-open-data.s3.amazonaws.com/photos/694180332/large.jpg,cc-by-nc
data\ground_species_dataset\raw\gymnothorax_funebris\gymnothorax_funebris_0032.jpg,gymnothorax_funebris,Gymnothorax funebris,120125,378914395,693047158,2026-07-06,16.3220171791,-86.2815070005,https://inaturalist-open-data.s3.amazonaws.com/photos/693047158/large.jpg,cc-by-nc
data\ground_species_dataset\raw\gymnothorax_funebris\gymnothorax_funebris_0033.jpg,gymnothorax_funebris,Gymnothorax funebris,120125,378841623,692907759,2026-07-04,25.0184993064,-80.3697217854,https://inaturalist-open-data.s3.amazonaws.com/photos/692907759/large.jpg,cc-by-nc
data\ground_species_dataset\raw\gymnothorax_funebris\gymnothorax_funebris_0034.jpg,gymnothorax_funebris,Gymnothorax funebris,120125,378157478,691596341,2026-07-04,12.1917758333,-68.2977922222,https://inaturalist-open-data.s3.amazonaws.com/photos/691596341/large.jpg,cc-by-nc
data\ground_species_dataset\raw\gymnothorax_funebris\gymnothorax_funebris_0035.jpg,gymnothorax_funebris,Gymnothorax funebris,120125,377923636,691150679,2026-07-03,16.3860060538,-86.3397996948,https://inaturalist-open-data.s3.amazonaws.com/photos/691150679/large.jpg,cc-by-nc
data\ground_species_dataset\raw\gymnothorax_funebris\gymnothorax_funebris_0036.jpg,gymnothorax_funebris,Gymnothorax funebris,120125,377648909,690620864,2025-04-10,12.5785100937,-70.0586467982,https://static.inaturalist.org/photos/690620864/large.jpg,
data\ground_species_dataset\raw\gymnothorax_funebris\gymnothorax_funebris_0037.jpg,gymnothorax_funebris,Gymnothorax funebris,120125,377612869,690552421,2026-07-02,26.7788908462,-80.020993265,https://static.inaturalist.org/photos/690552421/large.jpg,
data\ground_species_dataset\raw\gymnothorax_funebris\gymnothorax_funebris_0038.jpg,gymnothorax_funebris,Gymnothorax funebris,120125,377192129,689728617,2025-11-16,27.1346963918,-80.0247078346,https://static.inaturalist.org/photos/689728617/large.jpg,
data\ground_species_dataset\raw\gymnothorax_funebris\gymnothorax_funebris_0039.jpg,gymnothorax_funebris,Gymnothorax funebris,120125,376965365,689291038,2026-06-28,-5.6946111111,-35.1970194444,https://static.inaturalist.org/photos/689291038/large.jpg,
data\ground_species_dataset\raw\gymnothorax_funebris\gymnothorax_funebris_0040.jpg,gymnothorax_funebris,Gymnothorax funebris,120125,376002687,687431715,2026-06-27,26.7838472222,-80.0159138889,https://inaturalist-open-data.s3.amazonaws.com/photos/687431715/large.jpg,cc-by-nc
data\ground_species_dataset\raw\gymnothorax_funebris\gymnothorax_funebris_0041.jpg,gymnothorax_funebris,Gymnothorax funebris,120125,375810017,687072658,2026-06-10,18.0100339545,-63.0053577168,https://inaturalist-open-data.s3.amazonaws.com/photos/687072658/large.jpg,cc-by-nc
data\ground_species_dataset\raw\gymnothorax_funebris\gymnothorax_funebris_0042.jpg,gymnothorax_funebris,Gymnothorax funebris,120125,375595222,686651783,2005-11-15,19.368055,-81.408639,https://static.inaturalist.org/photos/686651783/large.jpg,
data\ground_species_dataset\raw\gymnothorax_funebris\gymnothorax_funebris_0043.jpg,gymnothorax_funebris,Gymnothorax funebris,120125,375407538,686287424,2026-04-07,20.4814,-86.97252,https://static.inaturalist.org/photos/686287424/large.jpg,
data\ground_species_dataset\raw\gymnothorax_funebris\gymnothorax_funebris_0044.jpg,gymnothorax_funebris,Gymnothorax funebris,120125,375189007,685855338,2026-06-10,19.337007,-81.389538,https://inaturalist-open-data.s3.amazonaws.com/photos/685855338/large.jpg,cc-by-nc
data\ground_species_dataset\raw\gymnothorax_funebris\gymnothorax_funebris_0045.jpg,gymnothorax_funebris,Gymnothorax funebris,120125,374890924,685282946,2026-06-08,17.7274796565,-64.8876786798,https://inaturalist-open-data.s3.amazonaws.com/photos/685282946/large.jpg,cc-by-nc
data\ground_species_dataset\raw\gymnothorax_funebris\gymnothorax_funebris_0046.jpg,gymnothorax_funebris,Gymnothorax funebris,120125,374207890,683955051,2026-06-21,19.1866900474,-96.1187759042,https://inaturalist-open-data.s3.amazonaws.com/photos/683955051/large.jpg,cc-by-nc
data\ground_species_dataset\raw\gymnothorax_funebris\gymnothorax_funebris_0047.jpg,gymnothorax_funebris,Gymnothorax funebris,120125,373824541,683214295,2026-06-10,16.35755,-86.42697,https://inaturalist-open-data.s3.amazonaws.com/photos/683214295/large.jpg,cc-by-nc
data\ground_species_dataset\raw\gymnothorax_funebris\gymnothorax_funebris_0048.jpg,gymnothorax_funebris,Gymnothorax funebris,120125,373824486,683213160,2026-06-09,16.35738,-86.43004,https://inaturalist-open-data.s3.amazonaws.com/photos/683213160/large.jpg,cc-by-nc
data\ground_species_dataset\raw\gymnothorax_funebris\gymnothorax_funebris_0049.jpg,gymnothorax_funebris,Gymnothorax funebris,120125,373818152,683200874,2026-06-08,16.34692,-86.44711,https://inaturalist-open-data.s3.amazonaws.com/photos/683200874/large.jpg,cc-by-nc
data\ground_species_dataset\raw\gymnothorax_funebris\gymnothorax_funebris_0050.jpg,gymnothorax_funebris,Gymnothorax funebris,120125,373818095,683199855,2026-06-08,16.3814,-86.37215,https://inaturalist-open-data.s3.amazonaws.com/photos/683199855/large.jpg,cc-by-nc
data\ground_species_dataset\raw\lactophrys_triqueter\lactophrys_triqueter_0001.jpg,lactophrys_triqueter,Lactophrys triqueter,577603,389332085,713138710,2026-08-07,17.6471670459,-63.2556909327,https://inaturalist-open-data.s3.amazonaws.com/photos/713138710/large.jpg,cc-by-nc
data\ground_species_dataset\raw\lactophrys_triqueter\lactophrys_triqueter_0002.jpg,lactophrys_triqueter,Lactophrys triqueter,577603,389332082,713138613,2026-08-07,17.6471670459,-63.2556909327,https://inaturalist-open-data.s3.amazonaws.com/photos/713138613/large.jpg,cc-by-nc
data\ground_species_dataset\raw\lactophrys_triqueter\lactophrys_triqueter_0003.jpg,lactophrys_triqueter,Lactophrys triqueter,577603,389330661,713135905,2026-08-07,17.6283785309,-63.2608267821,https://inaturalist-open-data.s3.amazonaws.com/photos/713135905/large.jpg,cc-by-nc
data\ground_species_dataset\raw\lactophrys_triqueter\lactophrys_triqueter_0004.jpg,lactophrys_triqueter,Lactophrys triqueter,577603,389206064,712896515,2026-08-03,12.6025364697,-70.0512366653,https://static.inaturalist.org/photos/712896515/large.jpg,
data\ground_species_dataset\raw\lactophrys_triqueter\lactophrys_triqueter_0005.jpg,lactophrys_triqueter,Lactophrys triqueter,577603,388902606,712329479,2026-07-31,17.9371995656,-67.049401502,https://inaturalist-open-data.s3.amazonaws.com/photos/712329479/large.jpg,cc-by-nc
data\ground_species_dataset\raw\lactophrys_triqueter\lactophrys_triqueter_0006.jpg,lactophrys_triqueter,Lactophrys triqueter,577603,388852662,712227405,2026-08-04,17.990107846,-63.0547304902,https://inaturalist-open-data.s3.amazonaws.com/photos/712227405/large.jpg,cc-by-nc
data\ground_species_dataset\raw\lactophrys_triqueter\lactophrys_triqueter_0007.jpg,lactophrys_triqueter,Lactophrys triqueter,577603,388202873,710958848,2026-08-04,20.3702561224,-87.0246150455,https://inaturalist-open-data.s3.amazonaws.com/photos/710958848/large.jpg,cc-by-nc
data\ground_species_dataset\raw\lactophrys_triqueter\lactophrys_triqueter_0008.jpg,lactophrys_triqueter,Lactophrys triqueter,577603,388037793,711619234,2026-08-03,25.1119445,-80.305175,https://inaturalist-open-data.s3.amazonaws.com/photos/711619234/large.jpg,cc-by-nc
data\ground_species_dataset\raw\lactophrys_triqueter\lactophrys_triqueter_0009.jpg,lactophrys_triqueter,Lactophrys triqueter,577603,387966566,710491674,2026-08-03,25.1414666667,-80.3139716667,https://static.inaturalist.org/photos/710491674/large.jpg,
data\ground_species_dataset\raw\lactophrys_triqueter\lactophrys_triqueter_0010.jpg,lactophrys_triqueter,Lactophrys triqueter,577603,387916390,710373682,2025-07-21,11.2506643128,-74.2219840445,https://inaturalist-open-data.s3.amazonaws.com/photos/710373682/large.jpg,cc-by
data\ground_species_dataset\raw\lactophrys_triqueter\lactophrys_triqueter_0011.jpg,lactophrys_triqueter,Lactophrys triqueter,577603,387711431,709989214,2026-07-30,16.5395871458,-88.0953414709,https://inaturalist-open-data.s3.amazonaws.com/photos/709989214/large.jpg,cc-by-nc
data\ground_species_dataset\raw\lactophrys_triqueter\lactophrys_triqueter_0012.jpg,lactophrys_triqueter,Lactophrys triqueter,577603,387515471,709614414,2026-08-01,24.9214125474,-80.5533551095,https://inaturalist-open-data.s3.amazonaws.com/photos/709614414/large.jpg,cc-by
data\ground_species_dataset\raw\lactophrys_triqueter\lactophrys_triqueter_0013.jpg,lactophrys_triqueter,Lactophrys triqueter,577603,387417287,709426365,2026-08-01,25.1491459688,-80.3602426841,https://inaturalist-open-data.s3.amazonaws.com/photos/709426365/large.jpg,cc-by-nc
data\ground_species_dataset\raw\lactophrys_triqueter\lactophrys_triqueter_0014.jpg,lactophrys_triqueter,Lactophrys triqueter,577603,387417231,709426179,2026-08-01,25.106553575,-80.3938871788,https://inaturalist-open-data.s3.amazonaws.com/photos/709426179/large.jpg,cc-by-nc
data\ground_species_dataset\raw\lactophrys_triqueter\lactophrys_triqueter_0015.jpg,lactophrys_triqueter,Lactophrys triqueter,577603,387417175,709426007,2026-08-01,25.1246789338,-80.3747092706,https://inaturalist-open-data.s3.amazonaws.com/photos/709426007/large.jpg,cc-by-nc
data\ground_species_dataset\raw\lactophrys_triqueter\lactophrys_triqueter_0016.jpg,lactophrys_triqueter,Lactophrys triqueter,577603,387265608,711786194,2026-08-01,12.6030883333,-70.0513971667,https://inaturalist-open-data.s3.amazonaws.com/photos/711786194/large.jpg,cc-by-nc
data\ground_species_dataset\raw\lactophrys_triqueter\lactophrys_triqueter_0017.jpg,lactophrys_triqueter,Lactophrys triqueter,577603,387015040,708645375,2026-07-28,20.2991297157,-87.010956773,https://static.inaturalist.org/photos/708645375/large.jpg,
data\ground_species_dataset\raw\lactophrys_triqueter\lactophrys_triqueter_0018.jpg,lactophrys_triqueter,Lactophrys triqueter,577603,386976409,708574469,2026-07-31,17.7510922511,-64.895173427,https://inaturalist-open-data.s3.amazonaws.com/photos/708574469/large.jpg,cc-by-nc
data\ground_species_dataset\raw\lactophrys_triqueter\lactophrys_triqueter_0019.jpg,lactophrys_triqueter,Lactophrys triqueter,577603,386674450,707993941,2026-04-05,12.57807,-70.0459278333,https://inaturalist-open-data.s3.amazonaws.com/photos/707993941/large.jpg,cc-by-nc
data\ground_species_dataset\raw\lactophrys_triqueter\lactophrys_triqueter_0020.jpg,lactophrys_triqueter,Lactophrys triqueter,577603,386672873,707990729,2026-04-05,12.5780616667,-70.0458361667,https://inaturalist-open-data.s3.amazonaws.com/photos/707990729/large.jpg,cc-by-nc
data\ground_species_dataset\raw\lactophrys_triqueter\lactophrys_triqueter_0021.jpg,lactophrys_triqueter,Lactophrys triqueter,577603,386632746,707919293,2026-07-26,19.3835852572,-81.4173807063,https://inaturalist-open-data.s3.amazonaws.com/photos/707919293/large.jpg,cc-by-nc
data\ground_species_dataset\raw\lactophrys_triqueter\lactophrys_triqueter_0022.jpg,lactophrys_triqueter,Lactophrys triqueter,577603,386586095,707836217,2026-06-23,14.6317687288,-61.1321954057,https://static.inaturalist.org/photos/707836217/large.jpg,
data\ground_species_dataset\raw\lactophrys_triqueter\lactophrys_triqueter_0023.jpg,lactophrys_triqueter,Lactophrys triqueter,577603,386579575,707823288,2026-07-27,17.7500915898,-64.8928336604,https://inaturalist-open-data.s3.amazonaws.com/photos/707823288/large.jpg,cc-by-nc
data\ground_species_dataset\raw\lactophrys_triqueter\lactophrys_triqueter_0024.jpg,lactophrys_triqueter,Lactophrys triqueter,577603,386416895,707506775,2026-05-04,15.9123538857,-61.2841515988,https://inaturalist-open-data.s3.amazonaws.com/photos/707506775/large.jpg,cc-by-nc
data\ground_species_dataset\raw\lactophrys_triqueter\lactophrys_triqueter_0025.jpg,lactophrys_triqueter,Lactophrys triqueter,577603,386344762,707367738,2026-07-25,12.2278883333,-69.0926638333,https://inaturalist-open-data.s3.amazonaws.com/photos/707367738/large.jpg,cc-by-nc
data\ground_species_dataset\raw\lactophrys_triqueter\lactophrys_triqueter_0026.jpg,lactophrys_triqueter,Lactophrys triqueter,577603,386342476,707363563,2026-07-24,12.3181783333,-69.1509305,https://inaturalist-open-data.s3.amazonaws.com/photos/707363563/large.jpg,cc-by-nc
data\ground_species_dataset\raw\lactophrys_triqueter\lactophrys_triqueter_0027.jpg,lactophrys_triqueter,Lactophrys triqueter,577603,386324333,707330071,2026-07-23,12.3749446869,-69.157699585,https://inaturalist-open-data.s3.amazonaws.com/photos/707330071/large.jpg,cc-by-nc
data\ground_species_dataset\raw\lactophrys_triqueter\lactophrys_triqueter_0028.jpg,lactophrys_triqueter,Lactophrys triqueter,577603,386207720,707108662,2024-03-11,18.3608790192,-68.8407973972,https://inaturalist-open-data.s3.amazonaws.com/photos/707108662/large.jpg,cc-by-nc
data\ground_species_dataset\raw\lactophrys_triqueter\lactophrys_triqueter_0029.jpg,lactophrys_triqueter,Lactophrys triqueter,577603,386139185,706977940,2026-07-26,17.7514035448,-64.8922074506,https://inaturalist-open-data.s3.amazonaws.com/photos/706977940/large.jpg,cc-by-nc
data\ground_species_dataset\raw\lactophrys_triqueter\lactophrys_triqueter_0030.jpg,lactophrys_triqueter,Lactophrys triqueter,577603,386128690,706956658,2026-07-28,18.3847693695,-65.5915792743,https://inaturalist-open-data.s3.amazonaws.com/photos/706956658/large.jpg,cc-by-nc
data\ground_species_dataset\raw\lactophrys_triqueter\lactophrys_triqueter_0031.jpg,lactophrys_triqueter,Lactophrys triqueter,577603,385995931,706700616,2005-08-19,24.7730138684,-80.7387505168,https://inaturalist-open-data.s3.amazonaws.com/photos/706700616/large.jpg,cc-by-nc
data\ground_species_dataset\raw\lactophrys_triqueter\lactophrys_triqueter_0032.jpg,lactophrys_triqueter,Lactophrys triqueter,577603,385925893,706570430,2005-08-16,24.9187846483,-80.5956807877,https://inaturalist-open-data.s3.amazonaws.com/photos/706570430/large.jpg,cc-by-nc
data\ground_species_dataset\raw\lactophrys_triqueter\lactophrys_triqueter_0033.jpg,lactophrys_triqueter,Lactophrys triqueter,577603,385779490,706278248,2026-07-27,17.7502787638,-64.8925025761,https://inaturalist-open-data.s3.amazonaws.com/photos/706278248/large.jpg,cc-by-nc
data\ground_species_dataset\raw\lactophrys_triqueter\lactophrys_triqueter_0034.jpg,lactophrys_triqueter,Lactophrys triqueter,577603,385758939,706237405,2023-08-13,17.7506412272,-64.8950464912,https://inaturalist-open-data.s3.amazonaws.com/photos/706237405/large.jpg,cc-by-nc
data\ground_species_dataset\raw\lactophrys_triqueter\lactophrys_triqueter_0035.jpg,lactophrys_triqueter,Lactophrys triqueter,577603,385473432,705690842,2026-07-26,24.626023071,-82.873427953,https://inaturalist-open-data.s3.amazonaws.com/photos/705690842/large.jpg,cc-by-nc
data\ground_species_dataset\raw\lactophrys_triqueter\lactophrys_triqueter_0036.jpg,lactophrys_triqueter,Lactophrys triqueter,577603,385359468,705474193,2005-11-09,19.3831116667,-81.4172216667,https://static.inaturalist.org/photos/705474193/large.jpg,
data\ground_species_dataset\raw\lactophrys_triqueter\lactophrys_triqueter_0037.jpg,lactophrys_triqueter,Lactophrys triqueter,577603,385142964,705081998,2026-07-24,19.3829529606,-81.4169125501,https://inaturalist-open-data.s3.amazonaws.com/photos/705081998/large.jpg,cc-by-nc
data\ground_species_dataset\raw\lactophrys_triqueter\lactophrys_triqueter_0038.jpg,lactophrys_triqueter,Lactophrys triqueter,577603,385009047,704816979,2026-07-05,12.5867927597,-70.0466065189,https://inaturalist-open-data.s3.amazonaws.com/photos/704816979/large.jpg,cc-by-nc
data\ground_species_dataset\raw\lactophrys_triqueter\lactophrys_triqueter_0039.jpg,lactophrys_triqueter,Lactophrys triqueter,577603,384994219,704787535,2015-12-23,24.663725,-81.01280555,https://inaturalist-open-data.s3.amazonaws.com/photos/704787535/large.jpg,cc-by-nc
data\ground_species_dataset\raw\lactophrys_triqueter\lactophrys_triqueter_0040.jpg,lactophrys_triqueter,Lactophrys triqueter,577603,384989524,704777622,2015-12-23,24.663725,-81.01280555,https://inaturalist-open-data.s3.amazonaws.com/photos/704777622/large.jpg,cc-by-nc
data\ground_species_dataset\raw\lactophrys_triqueter\lactophrys_triqueter_0041.jpg,lactophrys_triqueter,Lactophrys triqueter,577603,384968313,704737870,2000-08-13,17.633005,-63.23077,https://inaturalist-open-data.s3.amazonaws.com/photos/704737870/large.jpg,cc-by-nc
data\ground_species_dataset\raw\lactophrys_triqueter\lactophrys_triqueter_0042.jpg,lactophrys_triqueter,Lactophrys triqueter,577603,384815477,704453227,2000-09-09,18.7191033333,-64.319305,https://inaturalist-open-data.s3.amazonaws.com/photos/704453227/large.jpg,cc-by-nc
data\ground_species_dataset\raw\lactophrys_triqueter\lactophrys_triqueter_0043.jpg,lactophrys_triqueter,Lactophrys triqueter,577603,384669295,704164627,2026-07-24,12.069026659,-68.8621309482,https://inaturalist-open-data.s3.amazonaws.com/photos/704164627/large.jpg,cc-by-nc
data\ground_species_dataset\raw\lactophrys_triqueter\lactophrys_triqueter_0044.jpg,lactophrys_triqueter,Lactophrys triqueter,577603,384438328,703711814,2026-07-20,19.3872018475,-81.4158859662,https://inaturalist-open-data.s3.amazonaws.com/photos/703711814/large.jpg,cc-by-nc
data\ground_species_dataset\raw\lactophrys_triqueter\lactophrys_triqueter_0045.jpg,lactophrys_triqueter,Lactophrys triqueter,577603,384363976,703574785,2024-09-16,12.0993743852,-68.2879845275,https://inaturalist-open-data.s3.amazonaws.com/photos/703574785/large.jpg,cc-by
data\ground_species_dataset\raw\lactophrys_triqueter\lactophrys_triqueter_0046.jpg,lactophrys_triqueter,Lactophrys triqueter,577603,384347888,703544681,2026-07-23,32.326855,-64.8324583333,https://static.inaturalist.org/photos/703544681/large.jpg,
data\ground_species_dataset\raw\lactophrys_triqueter\lactophrys_triqueter_0047.jpg,lactophrys_triqueter,Lactophrys triqueter,577603,384122584,703102728,2026-07-16,16.3303077047,-86.5694310081,https://inaturalist-open-data.s3.amazonaws.com/photos/703102728/large.jpg,cc-by-nc
data\ground_species_dataset\raw\lactophrys_triqueter\lactophrys_triqueter_0048.jpg,lactophrys_triqueter,Lactophrys triqueter,577603,384114000,703095248,2026-07-15,16.0960843835,-86.897247402,https://inaturalist-open-data.s3.amazonaws.com/photos/703095248/large.jpg,cc-by-nc
data\ground_species_dataset\raw\lactophrys_triqueter\lactophrys_triqueter_0049.jpg,lactophrys_triqueter,Lactophrys triqueter,577603,383963275,702803354,2005-11-16,19.383111,-81.417223,https://static.inaturalist.org/photos/702803354/large.jpg,
data\ground_species_dataset\raw\lactophrys_triqueter\lactophrys_triqueter_0050.jpg,lactophrys_triqueter,Lactophrys triqueter,577603,383815096,702516190,2026-02-25,20.3166127767,-87.0456168334,https://inaturalist-open-data.s3.amazonaws.com/photos/702516190/large.jpg,cc-by-nc
data\ground_species_dataset\raw\diodon_hystrix\diodon_hystrix_0001.jpg,diodon_hystrix,Diodon hystrix,52313,389355176,713183294,2026-08-06,19.1006676592,-104.351560995,https://inaturalist-open-data.s3.amazonaws.com/photos/713183294/large.jpg,cc-by
data\ground_species_dataset\raw\diodon_hystrix\diodon_hystrix_0002.jpg,diodon_hystrix,Diodon hystrix,52313,389343420,713161809,2026-07-26,19.2942976798,-81.3915620143,https://inaturalist-open-data.s3.amazonaws.com/photos/713161809/large.jpg,cc-by-nc
data\ground_species_dataset\raw\diodon_hystrix\diodon_hystrix_0003.jpg,diodon_hystrix,Diodon hystrix,52313,389244459,712973977,2026-08-07,20.9914977974,-156.6685331226,https://inaturalist-open-data.s3.amazonaws.com/photos/712973977/large.jpg,cc-by-nc
data\ground_species_dataset\raw\diodon_hystrix\diodon_hystrix_0004.jpg,diodon_hystrix,Diodon hystrix,52313,388929938,712381755,2017-08-18,-28.1958662399,153.5765522198,https://inaturalist-open-data.s3.amazonaws.com/photos/712381755/large.jpg,cc-by-nc
data\ground_species_dataset\raw\diodon_hystrix\diodon_hystrix_0005.jpg,diodon_hystrix,Diodon hystrix,52313,388844160,712210151,2025-12-12,21.9256560153,38.9443323518,https://inaturalist-open-data.s3.amazonaws.com/photos/712210151/large.jpg,cc-by-nc
data\ground_species_dataset\raw\diodon_hystrix\diodon_hystrix_0006.jpg,diodon_hystrix,Diodon hystrix,52313,388817426,712156695,2026-08-03,20.8858394371,-156.6873823151,https://inaturalist-open-data.s3.amazonaws.com/photos/712156695/large.jpg,cc-by-nc
data\ground_species_dataset\raw\diodon_hystrix\diodon_hystrix_0007.jpg,diodon_hystrix,Diodon hystrix,52313,388791529,712108902,2026-08-02,25.8094883333,-111.3080966667,https://inaturalist-open-data.s3.amazonaws.com/photos/712108902/large.jpg,cc-by-nc
data\ground_species_dataset\raw\diodon_hystrix\diodon_hystrix_0008.jpg,diodon_hystrix,Diodon hystrix,52313,388564857,711667233,2026-07-05,19.3265000398,-81.2492082652,https://inaturalist-open-data.s3.amazonaws.com/photos/711667233/large.jpg,cc-by-nc
data\ground_species_dataset\raw\diodon_hystrix\diodon_hystrix_0009.jpg,diodon_hystrix,Diodon hystrix,52313,388548693,711628569,2026-07-02,1.4737596295,125.2341594021,https://static.inaturalist.org/photos/711628569/large.jpg,
data\ground_species_dataset\raw\diodon_hystrix\diodon_hystrix_0010.jpg,diodon_hystrix,Diodon hystrix,52313,388371484,711289554,2026-07-29,10.5823343482,-85.7095449651,https://static.inaturalist.org/photos/711289554/large.jpg,
data\ground_species_dataset\raw\diodon_hystrix\diodon_hystrix_0011.jpg,diodon_hystrix,Diodon hystrix,52313,388273942,711095581,2026-01-23,21.5197116667,-157.8396,https://inaturalist-open-data.s3.amazonaws.com/photos/711095581/large.jpg,cc-by-nc
data\ground_species_dataset\raw\diodon_hystrix\diodon_hystrix_0012.jpg,diodon_hystrix,Diodon hystrix,52313,388248576,711001484,2026-07-31,5.8853349495,102.747161975,https://inaturalist-open-data.s3.amazonaws.com/photos/711001484/large.jpg,cc-by-nc
data\ground_species_dataset\raw\diodon_hystrix\diodon_hystrix_0013.jpg,diodon_hystrix,Diodon hystrix,52313,388167037,710889485,2026-08-03,24.7267398843,-77.7836142836,https://static.inaturalist.org/photos/710889485/large.jpg,
data\ground_species_dataset\raw\diodon_hystrix\diodon_hystrix_0014.jpg,diodon_hystrix,Diodon hystrix,52313,388147614,710848020,2026-03-02,-4.6619210325,39.4040722758,https://inaturalist-open-data.s3.amazonaws.com/photos/710848020/large.jpg,cc-by-nc
data\ground_species_dataset\raw\diodon_hystrix\diodon_hystrix_0015.jpg,diodon_hystrix,Diodon hystrix,52313,388127536,710813402,2026-08-04,26.9972583333,33.90528,https://inaturalist-open-data.s3.amazonaws.com/photos/710813402/large.jpg,cc-by
data\ground_species_dataset\raw\diodon_hystrix\diodon_hystrix_0016.jpg,diodon_hystrix,Diodon hystrix,52313,387987520,710509019,2026-07-31,12.5791413722,-81.6973121124,https://inaturalist-open-data.s3.amazonaws.com/photos/710509019/large.jpg,cc-by
data\ground_species_dataset\raw\diodon_hystrix\diodon_hystrix_0017.jpg,diodon_hystrix,Diodon hystrix,52313,387973520,710504497,2026-08-03,32.3247727568,-64.7422504783,https://inaturalist-open-data.s3.amazonaws.com/photos/710504497/large.jpg,cc-by-nc
data\ground_species_dataset\raw\diodon_hystrix\diodon_hystrix_0018.jpg,diodon_hystrix,Diodon hystrix,52313,387922545,710392486,2026-08-02,20.5437831333,-105.2878000457,https://static.inaturalist.org/photos/710392486/large.jpg,
data\ground_species_dataset\raw\diodon_hystrix\diodon_hystrix_0019.jpg,diodon_hystrix,Diodon hystrix,52313,387916383,710373498,2025-07-21,11.2506643128,-74.2219840445,https://inaturalist-open-data.s3.amazonaws.com/photos/710373498/large.jpg,cc-by
data\ground_species_dataset\raw\diodon_hystrix\diodon_hystrix_0020.jpg,diodon_hystrix,Diodon hystrix,52313,387904465,710370279,2026-06-23,7.6918599271,-81.6216316447,https://inaturalist-open-data.s3.amazonaws.com/photos/710370279/large.jpg,cc-by-nc
data\ground_species_dataset\raw\diodon_hystrix\diodon_hystrix_0021.jpg,diodon_hystrix,Diodon hystrix,52313,387883808,710328727,2026-06-29,-0.7172456997,-91.3347241997,https://inaturalist-open-data.s3.amazonaws.com/photos/710328727/large.jpg,cc-by-nc
data\ground_species_dataset\raw\diodon_hystrix\diodon_hystrix_0022.jpg,diodon_hystrix,Diodon hystrix,52313,387770113,710106381,2026-07-08,22.8793709722,-109.9105179722,https://static.inaturalist.org/photos/710106381/large.jpg,
data\ground_species_dataset\raw\diodon_hystrix\diodon_hystrix_0023.jpg,diodon_hystrix,Diodon hystrix,52313,387762423,710091932,2026-08-02,10.2162104858,-85.8359885216,https://inaturalist-open-data.s3.amazonaws.com/photos/710091932/large.jpg,cc-by-nc
data\ground_species_dataset\raw\diodon_hystrix\diodon_hystrix_0024.jpg,diodon_hystrix,Diodon hystrix,52313,387750357,710062777,2026-07-31,7.6464892231,-81.7192052507,https://inaturalist-open-data.s3.amazonaws.com/photos/710062777/large.jpg,cc-by
data\ground_species_dataset\raw\diodon_hystrix\diodon_hystrix_0025.jpg,diodon_hystrix,Diodon hystrix,52313,387739490,710045974,2026-07-11,-8.3350540342,115.6585589491,https://inaturalist-open-data.s3.amazonaws.com/photos/710045974/large.jpg,cc-by-nc-nd
data\ground_species_dataset\raw\diodon_hystrix\diodon_hystrix_0026.jpg,diodon_hystrix,Diodon hystrix,52313,387737359,710041672,2026-08-02,-8.6646393168,115.4648122564,https://inaturalist-open-data.s3.amazonaws.com/photos/710041672/large.jpg,cc-by-nc
data\ground_species_dataset\raw\diodon_hystrix\diodon_hystrix_0027.jpg,diodon_hystrix,Diodon hystrix,52313,387702860,709970309,2026-07-20,7.6237049752,-81.7126670999,https://inaturalist-open-data.s3.amazonaws.com/photos/709970309/large.jpg,cc-by
data\ground_species_dataset\raw\diodon_hystrix\diodon_hystrix_0028.jpg,diodon_hystrix,Diodon hystrix,52313,387647534,709858851,2026-07-28,26.8426948056,34.0019634113,https://inaturalist-open-data.s3.amazonaws.com/photos/709858851/large.jpg,cc-by-nc
data\ground_species_dataset\raw\diodon_hystrix\diodon_hystrix_0029.jpg,diodon_hystrix,Diodon hystrix,52313,387559900,709696696,2026-07-17,16.1717174956,-22.9178184789,https://inaturalist-open-data.s3.amazonaws.com/photos/709696696/large.jpg,cc-by-nc
data\ground_species_dataset\raw\diodon_hystrix\diodon_hystrix_0030.jpg,diodon_hystrix,Diodon hystrix,52313,387494011,709575273,2026-07-29,7.8131745367,98.5740752149,https://inaturalist-open-data.s3.amazonaws.com/photos/709575273/large.jpg,cc-by-nc
data\ground_species_dataset\raw\diodon_hystrix\diodon_hystrix_0031.jpg,diodon_hystrix,Diodon hystrix,52313,387254972,709108522,2026-08-01,25.1077638333,-80.3077866667,https://static.inaturalist.org/photos/709108522/large.jpg,
data\ground_species_dataset\raw\diodon_hystrix\diodon_hystrix_0032.jpg,diodon_hystrix,Diodon hystrix,52313,387225557,709051602,2018-12-31,-7.4547149784,-34.8110624403,https://inaturalist-open-data.s3.amazonaws.com/photos/709051602/large.jpg,cc-by-nc
data\ground_species_dataset\raw\diodon_hystrix\diodon_hystrix_0033.jpg,diodon_hystrix,Diodon hystrix,52313,387222561,709046019,2026-08-01,28.4766822538,34.4995664954,https://inaturalist-open-data.s3.amazonaws.com/photos/709046019/large.jpg,cc-by-nc
data\ground_species_dataset\raw\diodon_hystrix\diodon_hystrix_0034.jpg,diodon_hystrix,Diodon hystrix,52313,387134403,708877442,2016-12-02,6.5400812647,99.2615541799,https://inaturalist-open-data.s3.amazonaws.com/photos/708877442/large.jpg,cc-by-nc
data\ground_species_dataset\raw\diodon_hystrix\diodon_hystrix_0035.jpg,diodon_hystrix,Diodon hystrix,52313,387126091,708863678,2026-08-01,26.9975966667,33.90487,https://inaturalist-open-data.s3.amazonaws.com/photos/708863678/large.jpg,cc-by
data\ground_species_dataset\raw\diodon_hystrix\diodon_hystrix_0036.jpg,diodon_hystrix,Diodon hystrix,52313,387115136,708842692,2026-07-31,20.9913861653,-156.6686998086,https://inaturalist-open-data.s3.amazonaws.com/photos/708842692/large.jpg,cc-by-nc
data\ground_species_dataset\raw\diodon_hystrix\diodon_hystrix_0037.jpg,diodon_hystrix,Diodon hystrix,52313,387013290,708642289,2026-07-28,25.0796278333,-77.345245,https://inaturalist-open-data.s3.amazonaws.com/photos/708642289/large.jpg,cc-by-nc
data\ground_species_dataset\raw\diodon_hystrix\diodon_hystrix_0038.jpg,diodon_hystrix,Diodon hystrix,52313,386994955,708604206,2008-09-30,28.0391430803,34.436397341,https://inaturalist-open-data.s3.amazonaws.com/photos/708604206/large.jpg,cc-by-nc
data\ground_species_dataset\raw\diodon_hystrix\diodon_hystrix_0039.jpg,diodon_hystrix,Diodon hystrix,52313,386948711,708520637,2026-07-27,17.0057149722,82.288492,https://inaturalist-open-data.s3.amazonaws.com/photos/708520637/large.jpg,cc-by-nc
data\ground_species_dataset\raw\diodon_hystrix\diodon_hystrix_0040.jpg,diodon_hystrix,Diodon hystrix,52313,386948058,708520459,2026-07-31,20.3630752177,-86.9726993834,https://static.inaturalist.org/photos/708520459/large.jpg,
data\ground_species_dataset\raw\diodon_hystrix\diodon_hystrix_0041.jpg,diodon_hystrix,Diodon hystrix,52313,386666137,707977987,2026-07-26,19.3834581053,-81.4176933702,https://inaturalist-open-data.s3.amazonaws.com/photos/707977987/large.jpg,cc-by-nc
data\ground_species_dataset\raw\diodon_hystrix\diodon_hystrix_0042.jpg,diodon_hystrix,Diodon hystrix,52313,386547655,707761296,2008-02-18,13.2683463485,-88.6096575111,https://inaturalist-open-data.s3.amazonaws.com/photos/707761296/large.jpg,cc-by-nc
data\ground_species_dataset\raw\diodon_hystrix\diodon_hystrix_0043.jpg,diodon_hystrix,Diodon hystrix,52313,386490513,707650054,2026-07-30,-18.4072059713,178.0894573067,https://inaturalist-open-data.s3.amazonaws.com/photos/707650054/large.jpg,cc-by-nc
data\ground_species_dataset\raw\diodon_hystrix\diodon_hystrix_0044.jpg,diodon_hystrix,Diodon hystrix,52313,386354998,707387622,2026-07-27,12.0690666667,-68.861955,https://inaturalist-open-data.s3.amazonaws.com/photos/707387622/large.jpg,cc-by-nc
data\ground_species_dataset\raw\diodon_hystrix\diodon_hystrix_0045.jpg,diodon_hystrix,Diodon hystrix,52313,386344975,707368102,2026-07-25,12.2278883333,-69.0926638333,https://inaturalist-open-data.s3.amazonaws.com/photos/707368102/large.jpg,cc-by-nc
data\ground_species_dataset\raw\diodon_hystrix\diodon_hystrix_0046.jpg,diodon_hystrix,Diodon hystrix,52313,386325030,707331281,2026-07-28,17.7471612635,-88.0119325966,https://inaturalist-open-data.s3.amazonaws.com/photos/707331281/large.jpg,cc-by-nc
data\ground_species_dataset\raw\diodon_hystrix\diodon_hystrix_0047.jpg,diodon_hystrix,Diodon hystrix,52313,386303768,707292110,2026-07-29,24.8880379801,-80.5810237558,https://inaturalist-open-data.s3.amazonaws.com/photos/707292110/large.jpg,cc-by-nc
data\ground_species_dataset\raw\diodon_hystrix\diodon_hystrix_0048.jpg,diodon_hystrix,Diodon hystrix,52313,386288428,707263598,2026-05-11,-2.2159398961,130.4541557316,https://inaturalist-open-data.s3.amazonaws.com/photos/707263598/large.jpg,cc-by-nc
data\ground_species_dataset\raw\diodon_hystrix\diodon_hystrix_0049.jpg,diodon_hystrix,Diodon hystrix,52313,386237077,707166189,2026-07-29,9.6332752956,-85.1551631162,https://static.inaturalist.org/photos/707166189/large.jpg,
data\ground_species_dataset\raw\diodon_hystrix\diodon_hystrix_0050.jpg,diodon_hystrix,Diodon hystrix,52313,386159651,707014250,2026-05-02,10.7386137617,-61.6194202634,https://static.inaturalist.org/photos/707014250/large.jpg,
