{"type":"FeatureCollection","features":[{"type":"Feature","id":"eez.63","geometry":{"type":"MultiPolygon","coordinates":[[[[-79.71937352,25.72145709],[-79.71930973,25.72196201],[-79.71870889,25.72500558],[-79.71843088,25.72717807],[-79.71476828,25.75659359],[-79.7127638,25.7705325],[-79.71259109,25.77170622],[-79.71188247,25.7779608],[-79.70490474,25.82924142],[-79.70393351,25.83523939],[-79.69893567,25.86861355],[-79.69581063,25.88788837],[-79.69259512,25.90632161],[-79.6905777,25.91404576],[-79.68395318,25.93823677],[-79.68263105,25.94329593],[-79.68125845,25.94830908],[-79.67999294,25.95315109],[-79.67844998,25.95832062],[-79.67676029,25.96422997],[-79.67591977,25.96705437],[-79.67518672,25.96941789],[-79.67165147,25.98129695],[-79.66879782,25.99130237],[-79.66878185,25.99136086],[-79.66863559,25.99183325],[-79.66563736,26.00114106],[-79.6625742,26.01103263],[-79.66072198,26.01726128],[-79.64702052,26.05581224],[-79.64236646,26.06846794],[-79.64096111,26.07242243],[-79.63708668,26.0833246],[-79.63322703,26.09229079],[-79.62960687,26.10095719],[-79.62918706,26.10193257],[-79.6251565,26.11158131],[-79.62121871,26.1212987],[-79.61759012,26.1305339],[-79.61733376,26.13105519],[-79.6128687,26.14038243],[-79.60849294,26.14977575],[-79.60420648,26.15923515],[-79.60000934,26.16876064],[-79.5959015,26.17835221],[-79.59188298,26.18800985],[-79.59017364,26.19224],[-79.58980536,26.19854639],[-79.58973711,26.19996545],[-79.5892303,26.20870861],[-79.58874609,26.21886963],[-79.58836673,26.22902927],[-79.58813863,26.23747083],[-79.58796827,26.23918916],[-79.58706614,26.24935571],[-79.58626997,26.25952086],[-79.58557977,26.2696846],[-79.58499554,26.27984695],[-79.58451727,26.29000789],[-79.58441624,26.2927649],[-79.58406778,26.30016845],[-79.58369562,26.310328],[-79.58342956,26.32048613],[-79.5833519,26.32541714],[-79.58326936,26.3276712],[-79.58312937,26.33064472],[-79.58286625,26.33783115],[-79.58272623,26.34080467],[-79.58246313,26.3479911],[-79.58232309,26.35096463],[-79.58206001,26.35815105],[-79.58191995,26.36112458],[-79.58165689,26.368311],[-79.58158625,26.36981055],[-79.5814702,26.37128514],[-79.5812579,26.37440039],[-79.58070308,26.38144991],[-79.58049082,26.38456516],[-79.57993596,26.39161467],[-79.5792436,26.40177845],[-79.57887923,26.40811239],[-79.57861837,26.41194133],[-79.57803385,26.42210368],[-79.57785971,26.42581635],[-79.57707973,26.43227092],[-79.57596014,26.44244034],[-79.57495005,26.45260832],[-79.57404945,26.46277485],[-79.57325835,26.47293993],[-79.57257673,26.48310356],[-79.57214988,26.49068534],[-79.57194916,26.49326648],[-79.57126856,26.5034301],[-79.57069781,26.51359227],[-79.57044876,26.51908276],[-79.57018643,26.52375365],[-79.56972568,26.53391436],[-79.56961033,26.53725578],[-79.5693011,26.54407459],[-79.56895045,26.55423385],[-79.56870994,26.56439165],[-79.56857956,26.574548],[-79.56857598,26.57634742],[-79.5684687,26.58470408],[-79.56844853,26.59485897],[-79.56853854,26.6050124],[-79.56873875,26.61516437],[-79.56874835,26.61547832],[-79.56892337,26.62435208],[-79.56894238,26.6253163],[-79.56901911,26.62782531],[-79.56916225,26.6350828],[-79.56916007,26.6351749],[-79.56914995,26.63546818],[-79.56914462,26.63569341],[-79.56858564,26.64563026],[-79.56812474,26.65579097],[-79.56777461,26.66595022],[-79.56759745,26.6734685],[-79.56758231,26.67411094],[-79.56753525,26.67610801],[-79.56740664,26.68626433],[-79.56740096,26.68949602],[-79.56740091,26.68952496],[-79.5673888,26.69641918],[-79.56723716,26.70200026],[-79.56717263,26.71812133],[-79.56681505,26.73511196],[-79.56666813,26.73659416],[-79.56722879,26.77982745],[-79.56656488,26.82057899],[-79.57115761,26.86829426],[-79.57366958,26.90089643],[-79.57394369,26.90448428],[-79.57652978,26.91816463],[-79.57877738,26.93224911],[-79.58285676,26.96574733],[-79.58781111,27.01159831],[-79.5885958,27.02213368],[-79.58887339,27.03650144],[-79.58922272,27.08762511],[-79.5883739,27.11538011],[-79.58138347,27.19966538],[-79.57518596,27.25031979],[-79.56939495,27.28958221],[-79.56927779,27.29031657],[-79.55164016,27.35779694],[-79.53244847,27.42578791],[-79.50387722,27.52335736],[-79.49501179,27.54941119],[-79.48675179,27.56960124],[-79.46178727,27.62608811],[-79.43760107,27.68834501],[-79.42920861,27.70520852],[-79.39764713,27.77594485],[-79.39482401,27.78119175],[-79.38372025,27.80393076],[-79.35869212,27.85414589],[-79.32433355,27.93003406],[-79.31262375,27.95854529],[-79.30388266,27.97758329],[-79.28976777,28.00550093],[-79.25495058,28.08047279],[-79.22181324,28.15820776],[-79.2116288,28.18427361],[-79.18998443,28.23807172],[-79.18158542,28.26084143],[-79.17176418,28.28657133],[-79.17084348,28.28657996],[-79.15196584,28.28675438],[-79.1330882,28.28692609],[-79.11421037,28.28709518],[-79.09533263,28.28726165],[-79.0764548,28.28742567],[-79.05757697,28.28758706],[-79.03869895,28.28774566],[-79.01982102,28.28790172],[-79.00094281,28.28805525],[-78.98206479,28.28820598],[-78.96318657,28.28835435],[-78.94430845,28.28850001],[-78.92543005,28.28864304],[-78.90655184,28.28878354],[-78.88767334,28.28892133],[-78.86879493,28.28905667],[-78.84991653,28.28918905],[-78.83103803,28.28931914],[-78.81215943,28.28944661],[-78.79328084,28.28957129],[-78.77440215,28.28969343],[-78.75552355,28.28981304],[-78.73664477,28.28993002],[-78.71776607,28.29004429],[-78.6988871,28.29015603],[-78.68000831,28.29026514],[-78.66112943,28.29037172],[-78.64225045,28.29047568],[-78.62337157,28.29057693],[-78.60449259,28.29067564],[-78.58561361,28.29077172],[-78.56673454,28.29086528],[-78.54785537,28.29095603],[-78.52897611,28.29104434],[-78.51009694,28.29112994],[-78.49121796,28.29121292],[-78.4723387,28.29129344],[-78.45345953,28.29137118],[-78.43458007,28.29144637],[-78.4157009,28.29151903],[-78.39682145,28.29158889],[-78.37794209,28.29165622],[-78.35906263,28.29172102],[-78.34018327,28.29178318],[-78.32130391,28.29184282],[-78.30242446,28.29189966],[-78.2835451,28.29195404],[-78.26466545,28.29200573],[-78.24578609,28.2920547],[-78.22690664,28.2921013],[-78.20802709,28.2921452],[-78.18914744,28.29218648],[-78.17026789,28.29222505],[-78.15138824,28.29226117],[-78.13250869,28.29229458],[-78.11362923,28.29232545],[-78.09474949,28.2923537],[-78.07586994,28.29237925],[-78.0569903,28.29240234],[-78.03811075,28.29242255],[-78.0192311,28.2924404],[-78.00035155,28.29245563],[-77.98147171,28.29246814],[-77.96259216,28.29247804],[-77.94371232,28.2924854],[-77.92483277,28.29249022],[-77.90595312,28.29249225],[-77.88707357,28.29249174],[-77.86819393,28.2924887],[-77.84931418,28.29248303],[-77.83043454,28.29247466],[-77.81155499,28.29246366],[-77.79267515,28.29245013],[-77.7737956,28.29243406],[-77.75491595,28.29241519],[-77.7360364,28.29239396],[-77.71715675,28.29236994],[-77.69827701,28.29234338],[-77.67939756,28.29231412],[-77.66051781,28.2922824],[-77.64163817,28.29224797],[-77.62275881,28.29221101],[-77.60387926,28.29217126],[-77.58499961,28.29212913],[-77.56612025,28.29208422],[-77.5472406,28.29203677],[-77.52836124,28.29198669],[-77.5094816,28.291934],[-77.49060224,28.2918786],[-77.47172278,28.29182074],[-77.45284342,28.29176026],[-77.43396397,28.29169716],[-77.41508461,28.29163144],[-77.39620525,28.2915631],[-77.37732598,28.29149213],[-77.35844662,28.29141846],[-77.33956736,28.29134225],[-77.32068819,28.29126358],[-77.30180893,28.29118221],[-77.28292976,28.29109814],[-77.26405078,28.29101144],[-77.24517151,28.29092228],[-77.22629254,28.29083051],[-77.20741346,28.29073611],[-77.1885343,28.29063893],[-77.16965551,28.29053929],[-77.15077644,28.29043694],[-77.13189746,28.29033214],[-77.11301858,28.29022454],[-77.09413979,28.29011458],[-77.075261,28.29000183],[-77.05638231,28.28988654],[-77.03750353,28.28976846],[-77.01862493,28.28964801],[-76.99974624,28.28952485],[-76.98086764,28.28939907],[-76.96198924,28.28927076],[-76.94311055,28.28913973],[-76.92423215,28.28900626],[-76.90535374,28.2888699],[-76.88647524,28.28873127],[-76.86759703,28.28858975],[-76.84871881,28.28844587],[-76.82984051,28.2882992],[-76.81096248,28.28814999],[-76.79208446,28.28799807],[-76.77320644,28.28784353],[-76.75432832,28.28768653],[-76.7354503,28.28752675],[-76.71657247,28.28736451],[-76.69769464,28.28719965],[-76.6788169,28.28703208],[-76.65993907,28.28686197],[-76.64106162,28.28668925],[-76.62218398,28.28651398],[-76.61207591,28.2864189],[-76.61018824,28.28643675],[-76.60939662,28.28644428],[-76.6096833,28.28719829],[-76.61579011,28.30300121],[-76.62198771,28.31877656],[-76.62827608,28.33452401],[-76.63465523,28.35024307],[-76.64112469,28.36593365],[-76.64768465,28.38159493],[-76.65433471,28.39722675],[-76.66107499,28.41282879],[-76.66790508,28.42840037],[-76.6748252,28.44394134],[-76.68183514,28.45945105],[-76.68893443,28.47492932],[-76.69612317,28.49037566],[-76.70313311,28.50522505],[-76.7060533,28.51355913],[-76.71171347,28.52949448],[-76.714366,28.53686606],[-76.71566896,28.54101585],[-76.72077975,28.55709566],[-76.72598334,28.57315249],[-76.73127895,28.58918593],[-76.73666677,28.60519573],[-76.74214681,28.62118123],[-76.74336662,28.62469909],[-76.74338172,28.62509191],[-76.74407749,28.64178156],[-76.74486795,28.65846768],[-76.74575302,28.67515027],[-76.74673279,28.69182866],[-76.74780736,28.70850252],[-76.74897653,28.72517125],[-76.75024058,28.74183477],[-76.75159953,28.75849232],[-76.75305308,28.77514364],[-76.75460143,28.79178833],[-76.75624467,28.80842595],[-76.75765503,28.8219898],[-76.75801853,28.82539237],[-76.75985127,28.84201448],[-76.76177898,28.85862852],[-76.7638013,28.87523365],[-76.76591852,28.89182946],[-76.76813043,28.90841603],[-76.77043732,28.92499236],[-76.77283882,28.94155819],[-76.77533502,28.95811337],[-76.77792602,28.97465738],[-76.7806119,28.99118948],[-76.78339239,29.00770958],[-76.78626739,29.02421711],[-76.78923718,29.04071181],[-76.79230157,29.05719318],[-76.79546048,29.07366073],[-76.79871408,29.09011412],[-76.802062,29.10655294],[-76.80550442,29.12297669],[-76.80904136,29.13938512],[-76.81267271,29.15577756],[-76.81639828,29.17215387],[-76.82021816,29.18851353],[-76.82413246,29.20485596],[-76.8281406,29.22118101],[-76.83224325,29.23748809],[-76.83643973,29.2537768],[-76.84073035,29.2700468],[-76.8451147,29.2862976],[-76.84959299,29.30252886],[-76.85416521,29.31874019],[-76.85883109,29.33493099],[-76.86359061,29.35110111],[-76.86844378,29.36724981],[-76.8733905,29.38337692],[-76.87843049,29.39948213],[-76.88356393,29.41556475],[-76.88879064,29.43162457],[-76.89411052,29.44766107],[-76.89952329,29.46367378],[-76.90502932,29.47966236],[-76.91062804,29.49562649],[-76.91181641,29.49897791],[-76.91665028,29.5124969],[-76.92243467,29.52841084],[-76.92831157,29.54429903],[-76.93428078,29.56016104],[-76.94034248,29.57599641],[-76.9464965,29.59180487],[-76.95009651,29.60093194],[-76.95316692,29.60964525],[-76.95886225,29.62558473],[-76.96465028,29.64149913],[-76.96552102,29.64386901],[-76.96718107,29.64840443],[-76.97259947,29.66305262],[-76.97324326,29.66477829],[-76.97921686,29.68064095],[-76.98528306,29.6964768],[-76.99051636,29.70992728],[-76.99222964,29.71429845],[-76.99848046,29.73008007],[-77.0048234,29.74583399],[-77.01125846,29.76155957],[-77.01778544,29.77725682],[-77.02440426,29.79292482],[-77.03111453,29.80856343],[-77.03791653,29.82417241],[-77.04054546,29.83014144],[-77.047095,29.84493712],[-77.05407972,29.86048513],[-77.06115578,29.87600247],[-77.06832264,29.89148806],[-77.07558055,29.90694216],[-77.08292897,29.92236396],[-77.09036797,29.93775297],[-77.09789737,29.95310928],[-77.10551708,29.968432],[-77.1132269,29.98372097],[-77.12102644,29.99897578],[-77.12211687,30.00109134],[-77.12929538,30.01493138],[-77.13727458,30.03011666],[-77.14534322,30.04526658],[-77.15350121,30.06038067],[-77.16174807,30.07545852],[-77.17008419,30.09049981],[-77.17850869,30.10550423],[-77.18702207,30.12047137],[-77.19562374,30.13540068],[-77.20431381,30.1502919],[-77.21309179,30.16514474],[-77.22195759,30.17995863],[-77.23091111,30.19473315],[-77.23154467,30.19577168],[-77.22671118,30.19844146],[-77.21052287,30.20744543],[-77.19438329,30.21651729],[-77.1782933,30.22565701],[-77.16225282,30.23486441],[-77.14626269,30.24413922],[-77.13032293,30.25348134],[-77.11443419,30.26289051],[-77.09859658,30.27236644],[-77.08281066,30.28190871],[-77.06707683,30.29151771],[-77.05139517,30.30119268],[-77.03576645,30.31093351],[-77.02019086,30.32074026],[-77.00466879,30.33061225],[-76.98920041,30.34054963],[-76.97911677,30.34709302],[-76.97378651,30.35055188],[-76.95842717,30.36061898],[-76.94587492,30.36892864],[-76.94312278,30.37075057],[-76.9406653,30.3723937],[-76.93458014,30.37037723],[-76.91841525,30.36497108],[-76.91309929,30.36317943],[-76.90424588,30.36017313],[-76.89894221,30.35835873],[-76.87196779,30.34905999],[-76.86723318,30.34741658],[-76.86264216,30.34581254],[-76.85934451,30.34466038],[-76.85461702,30.34299783],[-76.84044031,30.33797929],[-76.83572116,30.33629772],[-76.82786105,30.33347886],[-76.82315068,30.33177872],[-76.80881891,30.32657317],[-76.79534028,30.32167662],[-76.78187527,30.31678503],[-76.76822126,30.31182478],[-76.76513527,30.31069659],[-76.75896763,30.3084278],[-76.7558876,30.3072878],[-76.74357487,30.30270209],[-76.74050138,30.3015503],[-76.73435873,30.2992343],[-76.73129208,30.29807104],[-76.70676449,30.28870845],[-76.70370497,30.28753325],[-76.69758874,30.28516985],[-76.69453452,30.2839826],[-76.68232381,30.27920735],[-76.67927675,30.27800858],[-76.67318724,30.27559869],[-76.6701489,30.27438923],[-76.62150995,30.25490319],[-76.61544822,30.25244513],[-76.60334392,30.24747989],[-76.59730629,30.24497472],[-76.57319723,30.23485527],[-76.56718642,30.23230329],[-76.55518824,30.22715186],[-76.54920575,30.22455452],[-76.50142559,30.20357016],[-76.49547213,30.2009254],[-76.48358638,30.19558737],[-76.47765894,30.19289626],[-76.45399474,30.18203445],[-76.44809605,30.1792974],[-76.43632405,30.1737766],[-76.43406936,30.17277108],[-76.42861136,30.17092824],[-76.42659216,30.17024648],[-76.42308639,30.16905349],[-76.39808127,30.16047956],[-76.39496181,30.15940267],[-76.38872514,30.15723567],[-76.38561047,30.15614645],[-76.37315685,30.1517629],[-76.37004876,30.15066178],[-76.36383667,30.14844695],[-76.36073668,30.14733469],[-76.31403819,30.13046408],[-76.31112767,30.12940579],[-76.30530553,30.12727635],[-76.30239785,30.12620663],[-76.29076856,30.12190291],[-76.28786549,30.12082222],[-76.28206308,30.11864969],[-76.27916611,30.11755875],[-76.27653256,30.11656107],[-76.27129336,30.11457628],[-76.2644787,30.11199465],[-76.25598915,30.10877851],[-76.25309734,30.10767646],[-76.24731599,30.10546064],[-76.24442881,30.10434778],[-76.23288514,30.09987273],[-76.23000321,30.09874912],[-76.22424331,30.09649082],[-76.2213669,30.09535674],[-76.20577382,30.08917373],[-76.19026757,30.08302518],[-76.1747984,30.07689133],[-76.15934753,30.07076476],[-76.14390227,30.06464042],[-76.1284593,30.058517],[-76.11301685,30.0523938],[-76.09757385,30.0462704],[-76.08213109,30.0401471],[-76.0666847,30.03402238],[-76.05123284,30.0278955],[-76.03576051,30.02176051],[-76.02024987,30.01561035],[-76.00464943,30.0094246],[-76.0010641,30.00799293],[-75.99390071,30.00511267],[-75.99032438,30.00366479],[-75.97603188,29.99783819],[-75.9724652,29.99637409],[-75.9653389,29.9934289],[-75.96178218,29.99194901],[-75.94049804,29.98303086],[-75.93334446,29.98003348],[-75.92979822,29.9785372],[-75.92271109,29.97552691],[-75.91917308,29.97401412],[-75.90503253,29.96792723],[-75.90150497,29.9663986],[-75.89445732,29.96332449],[-75.890942,29.96178112],[-75.83469158,29.93690807],[-75.82936205,29.93452675],[-75.81871765,29.92972391],[-75.81686905,29.92888165],[-75.81340802,29.92730474],[-75.80128032,29.92172463],[-75.79220311,29.91754809],[-75.78691574,29.91509145],[-75.7763611,29.91014031],[-75.77108213,29.90764021],[-75.76545523,29.90494908],[-75.73992098,29.89273702],[-75.73679497,29.89123571],[-75.73059219,29.88826408],[-75.72266159,29.88444247],[-75.70318862,29.87498835],[-75.69211668,29.86957004],[-75.66878033,29.85806019],[-75.663474,29.85542541],[-75.65482631,29.85110431],[-75.64960744,29.8484802],[-75.63283335,29.83999078],[-75.62541025,29.83620741],[-75.6195361,29.83318079],[-75.60861104,29.82749323],[-75.60316239,29.8246293],[-75.58588126,29.81545801],[-75.58157225,29.81315355],[-75.57296998,29.80851824],[-75.56867995,29.80618914],[-75.53840405,29.78962406],[-75.53463088,29.78754539],[-75.52709484,29.78336633],[-75.52333505,29.78126764],[-75.50831769,29.77282929],[-75.50457363,29.77071152],[-75.49709815,29.76645554],[-75.49337153,29.76432008],[-75.43762158,29.73214776],[-75.43151151,29.72858222],[-75.41932462,29.72139488],[-75.41325323,29.71777626],[-75.38903918,29.70318991],[-75.38300979,29.69951911],[-75.37098968,29.69212436],[-75.36500384,29.68840343],[-75.31726232,29.65840449],[-75.31130832,29.65462272],[-75.29943712,29.64700442],[-75.29352476,29.64317099],[-75.26995304,29.62772805],[-75.26406366,29.62382931],[-75.25232641,29.61597946],[-75.2464435,29.61200437],[-75.22707058,29.59877804],[-75.22061051,29.59460033],[-75.21993325,29.5941573],[-75.21404254,29.5903039],[-75.20102052,29.58168797],[-75.19446731,29.57730225],[-75.18667776,29.57202879],[-75.18006897,29.56753515],[-75.1757063,29.56455324],[-75.16887757,29.55986199],[-75.1648124,29.55705582],[-75.16013781,29.55381343],[-75.15336104,29.54911292],[-75.14956706,29.54646937],[-75.14325316,29.54205033],[-75.13947388,29.53939346],[-75.12900463,29.53199931],[-75.11807887,29.52428274],[-75.11431397,29.52161138],[-75.1080464,29.51714447],[-75.10429361,29.51445796],[-75.09645071,29.50881921],[-75.09599118,29.50852944],[-75.08564967,29.50200839],[-75.07092104,29.49272101],[-75.05606407,29.48335277],[-75.0491687,29.47895228],[-75.03506218,29.46983861],[-75.03191438,29.46788507],[-75.0251185,29.46364794],[-74.99807446,29.44658391],[-74.99105338,29.44209864],[-74.98489129,29.4381139],[-74.97443591,29.43170766],[-74.96045523,29.42293102],[-74.94819779,29.41504829],[-74.94277347,29.41154383],[-74.93461809,29.40624969],[-74.92920837,29.40272113],[-74.91407248,29.39280233],[-74.90046011,29.38387998],[-74.88687804,29.37497757],[-74.87328179,29.36606591],[-74.85950651,29.35703697],[-74.84991986,29.3507491],[-74.84158869,29.3452847],[-74.82571304,29.33482005],[-74.80898624,29.32377308],[-74.79371145,29.31362752],[-74.78335098,29.30673747],[-74.77323261,29.30000837],[-74.77275865,29.29969173],[-74.77067679,29.29830095],[-74.7655724,29.29487571],[-74.76302514,29.29315878],[-74.75284966,29.28626921],[-74.75031149,29.28454292],[-74.74524235,29.28107991],[-74.74271344,29.2793446],[-74.72250193,29.26541166],[-74.71998268,29.26366699],[-74.71495009,29.26016633],[-74.7124388,29.25841175],[-74.70240606,29.25137073],[-74.69990432,29.24960715],[-74.69490824,29.24606968],[-74.69241727,29.24429819],[-74.65147113,29.2150351],[-74.64486924,29.21027862],[-74.63389344,29.20230877],[-74.62733088,29.19750612],[-74.60797886,29.18323286],[-74.60333157,29.17978506],[-74.59541572,29.17387897],[-74.58948486,29.16940538],[-74.57850595,29.16103602],[-74.57303161,29.15682158],[-74.55668319,29.14411049],[-74.55261163,29.14092109],[-74.54449317,29.13451468],[-74.54044928,29.13130004],[-74.51255292,29.10895533],[-74.50907993,29.10615508],[-74.50215054,29.10053242],[-74.49869697,29.09771231],[-74.48491725,29.08638759],[-74.48148535,29.08354896],[-74.47464032,29.0778513],[-74.47123154,29.0749959],[-74.46248295,29.06761714],[-74.42979169,29.04004461],[-74.42096102,29.03259662],[-74.41783403,29.02994237],[-74.41159104,29.02461221],[-74.4084793,29.02193991],[-74.39605888,29.01121025],[-74.39296452,29.00852127],[-74.38679215,29.00312612],[-74.38371665,29.00042216],[-74.35916422,28.97870451],[-74.35610711,28.97598392],[-74.35000779,28.97052423],[-74.34696808,28.96778736],[-74.33484011,28.95680293],[-74.33181853,28.95405002],[-74.32579217,28.94852733],[-74.32278883,28.94575889],[-74.31166579,28.93544502],[-74.30069362,28.92527117],[-74.28972094,28.915097],[-74.27769591,28.90394417],[-74.27230561,28.89891039],[-74.26335427,28.89049165],[-74.25800559,28.88542539],[-74.24201647,28.87017135],[-74.23671059,28.86507288],[-74.22789955,28.85654594],[-74.22263697,28.85141673],[-74.1929137,28.82223228],[-74.18769469,28.8170699],[-74.17902571,28.80843374],[-74.17384668,28.80323741],[-74.17291167,28.80229248],[-74.15836529,28.78759173],[-74.15322803,28.78236226],[-74.14469857,28.77361744],[-74.13960279,28.76835547],[-74.1305978,28.75899295],[-74.12078248,28.74877812],[-74.11404688,28.74172135],[-74.10476616,28.73193087],[-74.10331414,28.7303936],[-74.09722559,28.72391875],[-74.08121143,28.70677426],[-74.07656208,28.70177096],[-74.07093673,28.69568977],[-74.06743922,28.69187911],[-74.0605994,28.68436974],[-74.05719609,28.68060508],[-74.0436936,28.66555468],[-74.04033544,28.66178296],[-74.03364876,28.6542161],[-74.03032266,28.6504237],[-74.0081089,28.62489815],[-74.00534647,28.62170294],[-73.99984092,28.6152943],[-73.99710004,28.61208346],[-73.98617629,28.59920386],[-73.98345875,28.59597899],[-73.9780447,28.58951298],[-73.97535156,28.58627591],[-73.9589043,28.56637001],[-73.93641167,28.5391475],[-73.93158607,28.53323612],[-73.92200447,28.52136033],[-73.91725239,28.51540075],[-73.89838782,28.49145845],[-73.89371216,28.48545267],[-73.88443425,28.4733927],[-73.87983574,28.46734343],[-73.84334173,28.4187365],[-73.83882267,28.41264196],[-73.82985657,28.40040263],[-73.8254132,28.39426281],[-73.80778808,28.3696053],[-73.80342313,28.36342232],[-73.79476881,28.35101087],[-73.79048294,28.34478747],[-73.75743757,28.29617986],[-73.7564989,28.29479914],[-73.75463364,28.2920389],[-73.75091387,28.28650363],[-73.74906215,28.28373275],[-73.74167995,28.27262356],[-73.73984316,28.26984375],[-73.736184,28.26427473],[-73.73436313,28.2614878],[-73.71918238,28.23811277],[-73.71585292,28.23294756],[-73.71453918,28.23089898],[-73.70894246,28.22213478],[-73.7055851,28.21682022],[-73.69953994,28.20714637],[-73.6965315,28.20228388],[-73.68904987,28.19006941],[-73.68718952,28.18701284],[-73.68348608,28.18088944],[-73.68164423,28.1778247],[-73.66992182,28.15818645],[-73.66581737,28.15124494],[-73.65902692,28.13964874],[-73.6549861,28.13268042],[-73.6358332,28.09932001],[-73.63249813,28.09346108],[-73.62697303,28.08367378],[-73.62368099,28.07779329],[-73.61386672,28.06011309],[-73.61061873,28.05421187],[-73.60524079,28.04435756],[-73.60203642,28.03843572],[-73.59909221,28.03294659],[-73.59541406,28.02602219],[-73.58933437,28.01446042],[-73.58571813,28.00751313],[-73.57495857,27.98662801],[-73.57140478,27.97965779],[-73.56553115,27.96801749],[-73.56203975,27.96102571],[-73.54299133,27.92247302],[-73.53990584,27.91613609],[-73.53685532,27.91075529],[-73.53344424,27.90473848],[-73.52484207,27.88965326],[-73.51623945,27.87456791],[-73.5076364,27.85948242],[-73.49903293,27.84439685],[-73.49042904,27.82931117],[-73.48182471,27.81422536],[-73.47321928,27.79913827],[-73.46908461,27.79188965],[-73.46454503,27.78393116],[-73.4609379,27.77752109],[-73.45434663,27.76564724],[-73.44719138,27.75335993],[-73.44496741,27.74950963],[-73.44054683,27.74179419],[-73.43835139,27.7379311],[-73.4296241,27.72244736],[-73.42745731,27.7185711],[-73.42515797,27.71442362],[-73.42227018,27.70952844],[-73.41610104,27.69895455],[-73.4130439,27.69365622],[-73.40436707,27.67844908],[-73.39575781,27.66336101],[-73.38714874,27.6482739],[-73.37853927,27.63318673],[-73.36992939,27.61809946],[-73.36131907,27.60301205],[-73.3527083,27.58792451],[-73.34409713,27.57283688],[-73.33548553,27.55774914],[-73.32687352,27.54266131],[-73.31826106,27.52757331],[-73.30964818,27.51248522],[-73.30103488,27.49739702],[-73.29242113,27.48230867],[-73.28380698,27.46722024],[-73.27519243,27.45213174],[-73.26657743,27.43704308],[-73.25796199,27.42195427],[-73.24934615,27.4068654],[-73.24072988,27.3917764],[-73.23211299,27.37668694],[-73.22344961,27.36151671],[-73.21750577,27.35087313],[-73.21401115,27.34447182],[-73.2126666,27.34217018],[-73.20383089,27.32704432],[-73.19933044,27.31921299],[-73.19406772,27.3099028],[-73.17945674,27.30381029],[-73.16321396,27.29703738],[-73.14697125,27.29026451],[-73.13072817,27.2834915],[-73.11448531,27.27671859],[-73.0982423,27.26994564],[-73.08199891,27.26317253],[-73.06575591,27.25639962],[-73.04951261,27.24962658],[-73.03326993,27.24285382],[-73.01702664,27.23608083],[-73.00078164,27.22930713],[-72.98453119,27.22253117],[-72.97981725,27.2205656],[-72.96826461,27.2157485],[-72.95195812,27.20894921],[-72.93555764,27.20211074],[-72.93137803,27.20035348],[-72.92302961,27.19681479],[-72.91886284,27.19503423],[-72.90221575,27.18786222],[-72.89806267,27.18605838],[-72.88976718,27.18242646],[-72.88562815,27.18059987],[-72.8525459,27.16588026],[-72.84842165,27.1640302],[-72.84018193,27.16030498],[-72.83606981,27.15843132],[-72.81964011,27.15088627],[-72.81554279,27.14898989],[-72.8073595,27.14517317],[-72.80327907,27.14325543],[-72.73801754,27.11232896],[-72.73417044,27.11049154],[-72.72647985,27.10679211],[-72.72264181,27.1049327],[-72.70730263,27.09744779],[-72.70347626,27.09556728],[-72.69583418,27.09178495],[-72.69202157,27.08988468],[-72.66154417,27.07458379],[-72.65818558,27.07288678],[-72.65147442,27.06947494],[-72.64812481,27.06776162],[-72.63352032,27.0602423],[-72.62713414,27.05692857],[-72.61993681,27.05313832],[-72.60984884,27.04775649],[-72.60481814,27.04504818],[-72.58830565,27.03607712],[-72.58418805,27.03382324],[-72.57596746,27.02929011],[-72.57186758,27.02701259],[-72.54256187,27.01060934],[-72.53890947,27.00855107],[-72.53161444,27.00441314],[-72.52797478,27.00233516],[-72.51343677,26.9939803],[-72.50981211,26.99188356],[-72.50257482,26.98766994],[-72.49896685,26.9855558],[-72.44458033,26.95346547],[-72.43781296,26.94942219],[-72.4243219,26.94126442],[-72.41760371,26.93715324],[-72.39082363,26.92056662],[-72.38415825,26.9163885],[-72.37087653,26.9079642],[-72.3642656,26.90372147],[-72.32234384,26.87607415],[-72.3117288,26.86923897],[-72.30514558,26.86497409],[-72.29200371,26.85641028],[-72.28550842,26.85203322],[-72.2597822,26.83413563],[-72.25403867,26.8300835],[-72.24025559,26.8210871],[-72.23386705,26.81658434],[-72.18296375,26.78027976],[-72.1800419,26.77818389],[-72.17420342,26.77397387],[-72.17129101,26.77186277],[-72.15965631,26.76338438],[-72.15675537,26.76125921],[-72.15096416,26.75699447],[-72.14807626,26.75485664],[-72.12500072,26.73768206],[-72.12262165,26.73590337],[-72.11786886,26.73233468],[-72.11549735,26.73054633],[-72.10535642,26.72286465],[-72.10196563,26.72028474],[-72.09579691,26.71553665],[-72.08619749,26.7080647],[-72.08141701,26.70431092],[-72.066342,26.69236873],[-72.06258676,26.68937298],[-72.05509741,26.68335687],[-72.05136607,26.68033876],[-72.02543018,26.65921066],[-72.02220065,26.65656337],[-72.01575589,26.65124869],[-72.01254328,26.64858347],[-71.99972254,26.63788242],[-71.99652889,26.63520056],[-71.99015786,26.62981836],[-71.98698456,26.62712147],[-71.93995898,26.58689764],[-71.93411734,26.58184311],[-71.92249087,26.57167089],[-71.91671078,26.56655734],[-71.89370902,26.54597823],[-71.88799377,26.5408072],[-71.87662471,26.53040594],[-71.8709755,26.52517996],[-71.82602516,26.48311661],[-71.8204441,26.47783363],[-71.80934177,26.46720684],[-71.80382502,26.46186736],[-71.78188239,26.44038937],[-71.77643312,26.43499506],[-71.76933924,26.427894],[-71.76559877,26.42414974],[-71.76021807,26.41870317],[-71.71742737,26.37488507],[-71.71501259,26.37239862],[-71.71019123,26.36740891],[-71.7077882,26.36490931],[-71.69819636,26.35488058],[-71.6958068,26.35236929],[-71.6910405,26.34733462],[-71.6886657,26.34481328],[-71.66877135,26.32357552],[-71.6641023,26.31855485],[-71.66233268,26.316643],[-71.65385571,26.30744218],[-71.64882761,26.30192408],[-71.64027635,26.29243509],[-71.63906237,26.29107499],[-71.63598398,26.28762609],[-71.6246488,26.27480349],[-71.62182763,26.27159141],[-71.61620608,26.26514984],[-71.61340774,26.26192267],[-71.59484943,26.24037904],[-71.59254002,26.23768327],[-71.58793425,26.23227813],[-71.58563977,26.22957095],[-71.5764887,26.21871511],[-71.55367265,26.19010317],[-71.5428177,26.17709558],[-71.53777796,26.17098546],[-71.53342048,26.1656372],[-71.53048798,26.16202313],[-71.524777,26.15488316],[-71.51682287,26.14479645],[-71.51429208,26.14157373],[-71.50629608,26.13137226],[-71.49298205,26.11576174],[-71.48510231,26.10576168],[-71.48073164,26.1001534],[-71.47205437,26.08889494],[-71.46774885,26.08324617],[-71.45883257,26.07141671],[-71.4547146,26.06595337],[-71.45177836,26.06238092],[-71.44278706,26.05119874],[-71.44025242,26.04797618],[-71.43185583,26.0373007],[-71.42103845,26.02354774],[-71.41022387,26.00979867],[-71.39940898,25.99604953],[-71.38859377,25.98230032],[-71.37777821,25.96855099],[-71.36696234,25.9548016],[-71.35614611,25.94105208],[-71.34532955,25.92730247],[-71.33451267,25.91355277],[-71.32369537,25.89980288],[-71.31287782,25.886053],[-71.30205987,25.87230292],[-71.29124163,25.85855282],[-71.28042304,25.84480259],[-71.26960407,25.83105223],[-71.25878479,25.81730178],[-71.2479652,25.80355127],[-71.23714524,25.78980062],[-71.22632498,25.77604991],[-71.21550436,25.76229907],[-71.2046834,25.74854812],[-71.19386207,25.73479703],[-71.18304042,25.72104587],[-71.17221847,25.70729464],[-71.16139615,25.69354327],[-71.15057354,25.67979186],[-71.13975054,25.66604027],[-71.12892722,25.65228861],[-71.11810356,25.63853685],[-71.10727961,25.62478503],[-71.09645531,25.61103309],[-71.08563064,25.59728101],[-71.07480562,25.58352881],[-71.06398029,25.56977653],[-71.05315464,25.55602418],[-71.04232868,25.54227176],[-71.03150234,25.52851918],[-71.02067571,25.51476655],[-71.00984867,25.50101372],[-70.99902134,25.48726086],[-70.98819368,25.47350788],[-70.97736566,25.45975479],[-70.96653737,25.44600166],[-70.95570866,25.43224833],[-70.94732354,25.4215988],[-70.94487968,25.41849498],[-70.93405033,25.40474147],[-70.92322067,25.39098789],[-70.91239067,25.3772342],[-70.90156036,25.36348045],[-70.89890695,25.36011088],[-70.89072971,25.34972658],[-70.88167496,25.3382282],[-70.8780318,25.33521234],[-70.86447164,25.32398719],[-70.8509113,25.312762],[-70.83735066,25.30153667],[-70.82378979,25.29031128],[-70.81022875,25.27908586],[-70.79666751,25.2678604],[-70.78310598,25.2566348],[-70.76954421,25.24540912],[-70.75598235,25.23418349],[-70.74242019,25.22295772],[-70.72885778,25.21173186],[-70.71529525,25.20050602],[-70.71250373,25.19819548],[-70.70173246,25.18928008],[-70.68816945,25.17805407],[-70.67460628,25.16682805],[-70.66104287,25.15560194],[-70.64747929,25.1443758],[-70.63391538,25.13314951],[-70.62035129,25.12192319],[-70.60678704,25.11069684],[-70.59322251,25.09947038],[-70.5796578,25.08824389],[-70.56609293,25.07701738],[-70.5525277,25.06579069],[-70.5389624,25.05456405],[-70.53095257,25.04793518],[-70.52539687,25.04333733],[-70.51279069,25.03290468],[-70.51048642,25.03201789],[-70.51072541,25.0311955],[-70.56813906,24.94621652],[-70.60047632,24.8980359],[-70.62277987,24.86480492],[-70.62445715,24.86230587],[-70.67967835,24.77946771],[-70.70431057,24.74225673],[-70.73380135,24.69770612],[-70.77689761,24.6321305],[-70.78682486,24.61702511],[-70.78802175,24.61519031],[-70.83874762,24.53742864],[-70.8895684,24.45892061],[-70.90710453,24.43161493],[-70.92398829,24.40532505],[-70.939286,24.38150484],[-70.95356927,24.35908099],[-70.97522729,24.32507924],[-70.98789923,24.30518509],[-71.01437956,24.26325904],[-71.03209,24.2352183],[-71.03547618,24.22989265],[-71.06213677,24.18760437],[-71.08283455,24.15477413],[-71.0880414,24.1464397],[-71.09065669,24.14225347],[-71.1290508,24.08079721],[-71.17412378,24.00796555],[-71.18995146,23.98213791],[-71.19107197,23.98030946],[-71.21307579,23.94440358],[-71.21759855,23.93702333],[-71.21805239,23.93628276],[-71.22198185,23.92980483],[-71.22625671,23.9227575],[-71.24139329,23.89780401],[-71.24358368,23.89419304],[-71.2508442,23.88222366],[-71.26083555,23.86575237],[-71.26810126,23.85364702],[-71.27354257,23.84458127],[-71.27520581,23.84181016],[-71.29246578,23.81305342],[-71.29382274,23.81079258],[-71.29861405,23.80295647],[-71.30156834,23.79812476],[-71.30293094,23.79589626],[-71.32464892,23.75999144],[-71.32789301,23.75462822],[-71.34553994,23.72545378],[-71.35718574,23.70597767],[-71.35856325,23.70367396],[-71.38299791,23.6628101],[-71.38407676,23.66100586],[-71.38691224,23.65626389],[-71.39131657,23.64946941],[-71.41622918,23.61103718],[-71.41823271,23.60794637],[-71.44777165,23.5623772],[-71.4539082,23.55291045],[-71.46050259,23.54273742],[-71.46320929,23.53856183],[-71.476692,23.5177623],[-71.48579341,23.50372172],[-71.50630644,23.47207665],[-71.51500854,23.45865209],[-71.53630649,23.42579614],[-71.54161389,23.4176085],[-71.56329882,23.38415557],[-71.57019154,23.37352229],[-71.58813176,23.34584625],[-71.5977061,23.33107609],[-71.60826032,23.31479428],[-71.62084205,23.29538468],[-71.62630662,23.28695459],[-71.63988102,23.26601362],[-71.66332468,23.22984752],[-71.66612234,23.22553161],[-71.69058346,23.1877959],[-71.73142247,23.12479432],[-71.7332411,23.12198874],[-71.74200361,23.10847099],[-71.79417308,23.02283442],[-71.79850535,23.01572295],[-71.85664905,22.92027965],[-71.8592535,22.91600443],[-71.89320357,22.86027514],[-71.91699464,22.8211751],[-71.91949854,22.81705999],[-71.96694452,22.73908369],[-71.97980118,22.71795408],[-72.01993483,22.65199542],[-72.02529343,22.64318868],[-72.04283972,22.61435179],[-72.04775195,22.60627866],[-72.05388158,22.59591635],[-72.06092234,22.58401374],[-72.06718436,22.5739491],[-72.07984936,22.55359322],[-72.12891916,22.47472557],[-72.13153153,22.47052684],[-72.1341726,22.46628648],[-72.16430456,22.41790832],[-72.19056877,22.37573999],[-72.19544836,22.36790561],[-72.20035308,22.36003087],[-72.24874787,22.28555842],[-72.25730898,22.27238414],[-72.26021842,22.26790694],[-72.2874193,22.22611274],[-72.28857044,22.22452525],[-72.29232636,22.21934559],[-72.30783916,22.20932127],[-72.34970051,22.18227061],[-72.38155054,22.15575882],[-72.39360972,22.14572084],[-72.42294267,22.12130426],[-72.46177088,22.07806942],[-72.46714147,22.07208932],[-72.47766971,22.06036623],[-72.48128167,22.05634435],[-72.5158823,22.00145078],[-72.52037079,21.99432984],[-72.52174508,21.99214953],[-72.52474717,21.98738675],[-72.52896018,21.97664864],[-72.53620449,21.95871566],[-72.537076,21.95655828],[-72.5403545,21.94844249],[-72.5448768,21.93741644],[-72.55421227,21.91465514],[-72.55578888,21.90655787],[-72.5593064,21.88849241],[-72.55980347,21.88785748],[-72.55988918,21.88775711],[-72.58219785,21.86163365],[-72.59614465,21.84530193],[-72.59788958,21.84209249],[-72.61427732,21.8119505],[-72.62136086,21.79892173],[-72.6250284,21.79233262],[-72.62698586,21.78881586],[-72.63465754,21.77503291],[-72.64075872,21.75354293],[-72.65758432,21.70054523],[-72.65780735,21.69750875],[-72.66450818,21.67102296],[-72.66468631,21.67031888],[-72.67690272,21.62507783],[-72.67729704,21.61355646],[-72.68051153,21.54533838],[-72.67867411,21.53402664],[-72.66679132,21.46087245],[-72.63919413,21.38187635],[-72.62788409,21.35468257],[-72.61180174,21.32073809],[-72.60293669,21.3039911],[-72.59347268,21.2861126],[-72.57289742,21.2508054],[-72.55007646,21.2148158],[-72.54367432,21.20545014],[-72.54184654,21.18320898],[-72.53831621,21.15301286],[-72.53371075,21.12249022],[-72.52803059,21.09164079],[-72.52686708,21.08627042],[-72.52127612,21.06046435],[-72.50571181,20.99782221],[-72.50441143,20.99268336],[-72.50308471,20.98753433],[-72.50173164,20.9823751],[-72.50035224,20.97720568],[-72.49894649,20.97202607],[-72.49751441,20.96683627],[-72.49605599,20.96163627],[-72.49457124,20.95642607],[-72.49306015,20.95120568],[-72.49152272,20.94597508],[-72.47361506,20.88594797],[-72.47354918,20.8857272],[-72.47348326,20.88550642],[-72.47341729,20.88528561],[-72.47335128,20.88506478],[-72.47328523,20.88484394],[-72.47321913,20.88462307],[-72.473153,20.88440218],[-72.47308682,20.88418127],[-72.4730206,20.88396035],[-72.47295434,20.8837394],[-72.44105,20.77737589],[-72.43318829,20.75157965],[-72.4291596,20.73957637],[-72.42314527,20.72251939],[-72.43450153,20.71871884],[-72.46039875,20.70965582],[-72.47646116,20.70378047],[-72.4777553,20.70332784],[-72.47843276,20.7031157],[-72.48677938,20.70087378],[-72.51465991,20.69295637],[-72.54202719,20.6847482],[-72.56888156,20.67624929],[-72.56998583,20.67588082],[-72.59522332,20.66745967],[-72.62105281,20.65837937],[-72.64637032,20.6490084],[-72.66752286,20.64076881],[-72.75473876,20.60679543],[-72.83954436,20.57448171],[-72.86487621,20.56512702],[-72.92427277,20.54560637],[-72.93182847,20.54324255],[-72.99881272,20.52314645],[-73.0013505,20.52241183],[-73.01539304,20.51879662],[-73.03041154,20.51501659],[-73.04751204,20.51071254],[-73.07362035,20.50415763],[-73.11619829,20.49490176],[-73.15908427,20.48592934],[-73.16482228,20.4844741],[-73.20127591,20.47522891],[-73.2433149,20.46268675],[-73.28251696,20.44922426],[-73.28520173,20.44830805],[-73.32694297,20.43217152],[-73.36853178,20.41419392],[-73.38492685,20.40635234],[-73.41045886,20.40029493],[-73.44011843,20.39209429],[-73.45259073,20.38886528],[-73.48932883,20.37791742],[-73.58235556,20.37354444],[-73.58236111,20.37355556],[-73.58280505,20.37365874],[-73.58851558,20.37498605],[-73.59263889,20.37594444],[-73.64027778,20.4065],[-73.6682479,20.42550394],[-73.74619455,20.47846377],[-73.74924624,20.4805372],[-73.80246617,20.51669679],[-73.83169444,20.53655556],[-73.88311111,20.57336111],[-73.96669444,20.63866667],[-74.05372222,20.692],[-74.17763889,20.77036111],[-74.36055556,20.90622222],[-74.58452778,21.05908333],[-74.83247222,21.14788889],[-75.15419444,21.26661111],[-75.45963889,21.37780556],[-75.53880556,21.394],[-75.61025,21.4055],[-75.7005,21.41555556],[-75.75925,21.42247222],[-75.92119444,21.45152778],[-76.03972222,21.50402778],[-76.16,21.56927778],[-76.22252778,21.59955556],[-76.29002778,21.63833333],[-76.47755556,21.74288889],[-76.75558333,21.82825],[-76.8945,21.87322222],[-76.94313889,21.89297222],[-76.99952778,21.91216667],[-77.05297222,21.93005556],[-77.22336317,22.03815132],[-77.23030556,22.04255556],[-77.37305556,22.13313889],[-77.57158333,22.25841667],[-77.59833333,22.27433333],[-77.62966667,22.29175],[-77.7775,22.40202778],[-77.80169444,22.41997222],[-77.82052778,22.43227778],[-77.82905556,22.43655556],[-78.11544444,22.59611111],[-78.21325,22.64258333],[-78.48261111,22.75366667],[-78.76769444,22.86619444],[-78.83316667,22.89205556],[-79.44313889,23.13927778],[-79.49305556,23.15936111],[-79.62619444,23.21283333],[-79.72919444,23.24980556],[-79.84808333,23.292],[-80.17113889,23.40605556],[-80.22219444,23.42397222],[-80.25669444,23.43411111],[-80.29188889,23.44175],[-80.32755556,23.4475],[-80.32836111,23.44758333],[-80.47102778,23.47091667],[-80.49941667,23.47783333],[-80.52391667,23.48494444],[-80.55883333,23.49733333],[-80.61072222,23.52052778],[-80.64502778,23.53847222],[-80.67908333,23.55875],[-80.696,23.56977778],[-80.73147222,23.59463889],[-80.84941667,23.67758333],[-80.90180556,23.71247222],[-80.96866667,23.75194444],[-81.04591667,23.80161111],[-81.12394444,23.85872222],[-81.16202778,23.889],[-81.21527778,23.925],[-81.22416667,23.94],[-81.23147808,23.94891475],[-81.19904443,23.98381265],[-81.16147894,24.02401994],[-81.14053219,24.04546267],[-81.11118768,24.07418056],[-81.06149943,24.11869111],[-81.05810414,24.12097507],[-81.04164549,24.13149369],[-81.04022114,24.1324063],[-81.03879905,24.13331982],[-81.0373792,24.13423425],[-81.03596161,24.1351496],[-81.03454626,24.13606586],[-81.03313317,24.13698303],[-81.03172233,24.13790112],[-81.03031374,24.13882012],[-81.0289074,24.13974003],[-81.02750331,24.14066085],[-80.98004238,24.17186369],[-80.97998873,24.17189896],[-80.97993509,24.17193423],[-80.97988145,24.1719695],[-80.97982781,24.17200477],[-80.97977418,24.17204005],[-80.97972055,24.17207533],[-80.97966692,24.1721106],[-80.9796133,24.17214588],[-80.97955968,24.17218117],[-80.97950606,24.17221645],[-80.97273627,24.17667192],[-80.96281181,24.18330184],[-80.96160924,24.1841072],[-80.96040838,24.18491346],[-80.95920921,24.18572061],[-80.95801174,24.18652865],[-80.95681597,24.18733757],[-80.9556219,24.18814739],[-80.95442953,24.1889581],[-80.95323886,24.18976969],[-80.95204988,24.19058218],[-80.95086261,24.19139556],[-80.8739251,24.24422632],[-80.87338323,24.2445988],[-80.87284171,24.24497154],[-80.87230052,24.24534453],[-80.87175967,24.24571777],[-80.87121915,24.24609126],[-80.87067897,24.246465],[-80.87013913,24.24683899],[-80.86959962,24.24721323],[-80.86906045,24.24758773],[-80.86852162,24.24796247],[-80.85098769,24.26017212],[-80.85073005,24.26035163],[-80.85047249,24.26053119],[-80.85021501,24.26071082],[-80.8499576,24.26089051],[-80.84970026,24.26107027],[-80.849443,24.26125008],[-80.84918582,24.26142995],[-80.84892871,24.26160988],[-80.84867167,24.26178988],[-80.84841471,24.26196993],[-80.80656429,24.29131028],[-80.74684669,24.32729406],[-80.7450198,24.32839992],[-80.74469209,24.32859922],[-80.74308038,24.32935898],[-80.74111849,24.33028873],[-80.73915936,24.3312221],[-80.73720301,24.33215908],[-80.73524942,24.33309969],[-80.7332986,24.33404392],[-80.73135055,24.33499176],[-80.72940527,24.33594322],[-80.72746276,24.3368983],[-80.65972699,24.37037175],[-80.51592957,24.42110096],[-80.47411612,24.43812999],[-80.46744181,24.44034754],[-80.4626349,24.44219743],[-80.41819463,24.45626432],[-80.36941032,24.47420571],[-80.32115887,24.49447676],[-80.29011484,24.50917972],[-80.27335625,24.51670805],[-80.26909754,24.51884925],[-80.22486646,24.53592732],[-80.21435206,24.54050954],[-80.20481791,24.5439526],[-80.15801715,24.58227956],[-80.08369344,24.65610808],[-80.05942135,24.68554548],[-80.01388329,24.73314781],[-79.98483014,24.77036265],[-79.96908092,24.78783906],[-79.96264681,24.79468939],[-79.94625678,24.81173722],[-79.94137861,24.81795707],[-79.90927513,24.85820764],[-79.88108471,24.89206185],[-79.87037953,24.90795084],[-79.85989508,24.92332692],[-79.82236847,24.97694033],[-79.81142982,24.99651027],[-79.80799416,25.00169366],[-79.78697989,25.03013501],[-79.76099568,25.05992883],[-79.72496683,25.11047759],[-79.72181287,25.12327195],[-79.71612728,25.14947813],[-79.71584288,25.15044299],[-79.71407388,25.15713834],[-79.71271215,25.16708894],[-79.71072412,25.18365931],[-79.70902574,25.2001565],[-79.70811314,25.21079733],[-79.70825762,25.21395861],[-79.70899631,25.2266086],[-79.70929351,25.23077994],[-79.70985427,25.23919727],[-79.71085111,25.25171472],[-79.71200553,25.26415154],[-79.71331756,25.27650775],[-79.7149001,25.28972605],[-79.71675509,25.31346384],[-79.71749118,25.33606695],[-79.71783959,25.34433415],[-79.71826615,25.35257042],[-79.71877088,25.36077575],[-79.71935379,25.36895015],[-79.72001489,25.37709362],[-79.72075419,25.38520619],[-79.72157169,25.39328784],[-79.72246742,25.4013386],[-79.72344138,25.40935847],[-79.72449358,25.41734745],[-79.7259016,25.42725941],[-79.72607494,25.42846619],[-79.72625011,25.42967227],[-79.72642709,25.43087766],[-79.72660589,25.43208235],[-79.72678651,25.43328636],[-79.72696894,25.43448967],[-79.7271532,25.43569229],[-79.72733927,25.43689422],[-79.72752716,25.43809545],[-79.72771687,25.43929599],[-79.72952412,25.45061729],[-79.73137776,25.46820319],[-79.73693077,25.53080451],[-79.73708219,25.53246712],[-79.73723746,25.53412912],[-79.73739657,25.53579051],[-79.73755953,25.53745128],[-79.73772633,25.53911144],[-79.73789699,25.54077099],[-79.73807148,25.54242992],[-79.73824983,25.54408824],[-79.73843202,25.54574595],[-79.73861806,25.54740305],[-79.74015508,25.56081053],[-79.73754969,25.5932883],[-79.7352761,25.63154742],[-79.7321886,25.64737135],[-79.732088,25.64788897],[-79.7319878,25.64840661],[-79.73188801,25.64892427],[-79.73178862,25.64944194],[-79.73168963,25.64995962],[-79.73159104,25.65047733],[-79.73149285,25.65099504],[-79.73139506,25.65151278],[-79.73129768,25.65203053],[-79.7312007,25.6525483],[-79.72469556,25.68741867],[-79.72368873,25.69307753],[-79.72272982,25.69874208],[-79.72181884,25.70441231],[-79.72095579,25.71008823],[-79.72014068,25.71576982],[-79.71937352,25.72145709]],[[-72.72252572,22.32421875],[-72.72321165,22.32350373],[-72.72376573,22.32318985],[-72.73004043,22.32238495],[-72.73018265,22.32063818],[-72.72950935,22.32034504],[-72.72916377,22.32034731],[-72.71546805,22.32374465],[-72.71559691,22.32421875],[-72.71554732,22.32421875],[-72.71514225,22.32494986],[-72.71204555,22.32638454],[-72.71501887,22.32882655],[-72.71839333,22.32982802],[-72.72218037,22.32421875],[-72.72252572,22.32421875]],[[-73.1289196,22.4432199],[-73.12989771,22.43409181],[-73.13608801,22.41867781],[-73.13564944,22.41622901],[-73.13684964,22.41594601],[-73.14032876,22.41042018],[-73.14019477,22.40564072],[-73.14204538,22.39813054],[-73.15431178,22.38487256],[-73.15803862,22.38271201],[-73.16237497,22.37793577],[-73.16352534,22.37466455],[-73.16809022,22.37017334],[-73.17092502,22.36450744],[-73.17105615,22.36337674],[-73.17082226,22.36260748],[-73.16948974,22.36184382],[-73.16336036,22.36000895],[-73.14982915,22.35833621],[-73.12824321,22.36362195],[-73.125,22.36411834],[-73.12048292,22.36362743],[-73.11336935,22.36531663],[-73.10401738,22.36183822],[-73.09690642,22.35731077],[-73.08657122,22.35415041],[-73.08614266,22.35389733],[-73.07668555,22.34599328],[-73.07110465,22.33983445],[-73.06834412,22.33852303],[-73.06657922,22.33591235],[-73.05923712,22.33182967],[-73.05328655,22.33374357],[-73.04691994,22.33756745],[-73.03990674,22.34290361],[-73.02860916,22.35395014],[-73.02476347,22.35676074],[-73.01082838,22.36622787],[-73.00265777,22.37019205],[-73.00133061,22.37059283],[-72.99461997,22.37196064],[-72.97698927,22.36909056],[-72.97264016,22.36632812],[-72.97026217,22.36288333],[-72.96915042,22.36003292],[-72.96910095,22.35505545],[-72.96744382,22.35385561],[-72.94528663,22.36154008],[-72.93153191,22.36441231],[-72.93044424,22.36456168],[-72.90474606,22.36436772],[-72.89208066,22.36241472],[-72.87819707,22.35906637],[-72.86728311,22.35449386],[-72.86379004,22.35236335],[-72.86259377,22.34880447],[-72.86050737,22.34908664],[-72.85382843,22.34427142],[-72.84902763,22.33835244],[-72.84680522,22.33741665],[-72.84550071,22.33475256],[-72.84012306,22.33076167],[-72.83404136,22.32421875],[-72.83368814,22.32421875],[-72.81812942,22.31047726],[-72.81702411,22.306795],[-72.81289506,22.30576158],[-72.81241334,22.30360687],[-72.79707634,22.29460454],[-72.78926766,22.28929162],[-72.78933966,22.28783703],[-72.78653824,22.28713787],[-72.78208542,22.28280544],[-72.78153467,22.28268492],[-72.77956748,22.28296936],[-72.77475345,22.28634572],[-72.7734375,22.28627217],[-72.7734375,22.28655136],[-72.77122748,22.28898656],[-72.76940346,22.29037261],[-72.76730454,22.29104435],[-72.76186132,22.29846525],[-72.76129115,22.29885805],[-72.75933087,22.29998088],[-72.75673735,22.29989386],[-72.75208366,22.30382276],[-72.74725378,22.3052752],[-72.74304485,22.30850422],[-72.73734272,22.31401324],[-72.73490894,22.31910074],[-72.73461235,22.323125],[-72.73578084,22.32421875],[-72.73605001,22.32421875],[-72.73640764,22.32936525],[-72.73285735,22.33367634],[-72.72748578,22.3349055],[-72.72774827,22.33758354],[-72.72980475,22.33927107],[-72.73303771,22.33959317],[-72.73645055,22.34161103],[-72.73982155,22.34143853],[-72.74289465,22.34319675],[-72.74460733,22.34615028],[-72.75202227,22.34998298],[-72.75312781,22.35082555],[-72.75490236,22.35345018],[-72.75540936,22.35358214],[-72.76030421,22.35396636],[-72.76109755,22.35071218],[-72.76615345,22.34880137],[-72.7734375,22.35016727],[-72.7734375,22.35044634],[-72.77841151,22.35214996],[-72.7838397,22.35686386],[-72.79029572,22.36286438],[-72.7926141,22.36527967],[-72.79869711,22.3732419],[-72.80378795,22.37513804],[-72.80613124,22.37000322],[-72.80976045,22.37000716],[-72.81642652,22.37309813],[-72.82005978,22.37651706],[-72.8203119,22.38097537],[-72.8180809,22.3818289],[-72.81830835,22.38276553],[-72.82321644,22.3822211],[-72.82822168,22.38501775],[-72.83298695,22.38507652],[-72.83869517,22.38691604],[-72.84083545,22.38636625],[-72.84507024,22.38816535],[-72.84729362,22.39055562],[-72.85312033,22.38759494],[-72.85533285,22.38750493],[-72.87153816,22.39560175],[-72.88585234,22.40062726],[-72.88903773,22.40117371],[-72.88892364,22.39965224],[-72.89068007,22.39892435],[-72.92043614,22.40447891],[-72.92767215,22.40712535],[-72.94959271,22.41821825],[-72.95504844,22.41974402],[-72.95856822,22.41947877],[-72.95490575,22.4106853],[-72.95058334,22.41074526],[-72.94546294,22.41343844],[-72.94254005,22.41097295],[-72.93382311,22.40820205],[-72.93391705,22.4061408],[-72.93648171,22.40522933],[-72.93699348,22.40299141],[-72.94227254,22.40284097],[-72.94244993,22.40157425],[-72.94080353,22.40102935],[-72.94186354,22.39757228],[-72.94788432,22.40088415],[-72.95778465,22.39958942],[-72.95592964,22.4013046],[-72.96050978,22.40432191],[-72.95920372,22.40789735],[-72.96753955,22.40544236],[-72.97419524,22.40492606],[-72.98159993,22.40647185],[-72.99584484,22.41162276],[-73.01568055,22.42470968],[-73.02413893,22.42860043],[-73.02946925,22.43419206],[-73.03322935,22.43550765],[-73.03797913,22.43516541],[-73.03997755,22.43665087],[-73.05041671,22.43790615],[-73.05156076,22.4388653],[-73.05430603,22.43809211],[-73.05879605,22.44181955],[-73.06395626,22.44265115],[-73.06489694,22.44445085],[-73.07129586,22.44688594],[-73.07201946,22.44807756],[-73.07487273,22.44819772],[-73.07491553,22.44766486],[-73.07167625,22.44383001],[-73.07283616,22.43673325],[-73.07522404,22.43353832],[-73.07908404,22.43055427],[-73.08897495,22.4298315],[-73.08946765,22.42989075],[-73.09841144,22.43278491],[-73.10390615,22.43981743],[-73.10896492,22.44229126],[-73.11458576,22.44911075],[-73.11638856,22.45050204],[-73.125,22.45452011],[-73.13005066,22.45665061],[-73.13030934,22.45641387],[-73.12896037,22.44656813],[-73.1289196,22.4432199]],[[-73.05333066,21.42341685],[-73.05279124,21.42329383],[-73.05004478,21.42411852],[-73.04905665,21.42550683],[-73.04606104,21.42500401],[-73.04426432,21.42612004],[-73.04037476,21.42894912],[-73.02860165,21.43926585],[-73.02781725,21.44191551],[-73.0228852,21.4453125],[-73.02189887,21.4453125],[-73.01784003,21.44753063],[-73.01522863,21.44750595],[-73.00913405,21.45083535],[-72.99898517,21.45219946],[-72.99463391,21.45009375],[-72.98952067,21.45210421],[-72.98881233,21.45445025],[-72.98642552,21.45607305],[-72.98620594,21.45830345],[-72.98337567,21.45803583],[-72.97748184,21.46326435],[-72.97713184,21.46500683],[-72.97301257,21.4670974],[-72.97173572,21.46913612],[-72.96371591,21.47033036],[-72.96490777,21.47054422],[-72.96388221,21.47248471],[-72.96262574,21.47250056],[-72.96267164,21.47132361],[-72.96053314,21.4723953],[-72.95411766,21.47156382],[-72.95314086,21.47263455],[-72.94909143,21.47239506],[-72.94714427,21.47372711],[-72.94258988,21.47214556],[-72.94202757,21.47335494],[-72.93961537,21.47371972],[-72.93663442,21.47252452],[-72.92844665,21.47962952],[-72.92760682,21.4791882],[-72.92674434,21.48078573],[-72.9242717,21.48133564],[-72.92065167,21.48580492],[-72.91878343,21.48522961],[-72.91855204,21.48544085],[-72.91690624,21.48869967],[-72.91727161,21.49183214],[-72.91442287,21.49810314],[-72.91319752,21.50348651],[-72.91304874,21.50703204],[-72.91403794,21.50913048],[-72.92471087,21.51686513],[-72.92497873,21.51720464],[-72.9249196,21.51800144],[-72.92301881,21.51956117],[-72.92560911,21.51949847],[-72.92755675,21.51818395],[-72.92842662,21.51855397],[-72.92755175,21.52033246],[-72.92819083,21.52139032],[-72.93032944,21.51986587],[-72.93679595,21.5235548],[-72.94021702,21.52333045],[-72.94179761,21.52505136],[-72.94379783,21.52409601],[-72.94384897,21.52646506],[-72.94664586,21.52474272],[-72.95009291,21.52778602],[-72.95147252,21.52747941],[-72.95650387,21.53035033],[-72.95773065,21.53114533],[-72.96222401,21.53501916],[-72.96290731,21.53730142],[-72.96449172,21.53709495],[-72.96688294,21.539505],[-72.96743822,21.54006481],[-72.96786714,21.54180384],[-72.97045744,21.54181254],[-72.97224784,21.54331255],[-72.97798455,21.55097055],[-72.98041153,21.54929066],[-72.98369551,21.55193818],[-72.98338985,21.55485237],[-72.98626053,21.55464757],[-72.98858047,21.55725384],[-72.99022985,21.55921745],[-72.99063814,21.55940676],[-72.99616957,21.5604583],[-72.99773776,21.55999064],[-72.99791586,21.55981004],[-72.99953043,21.55703986],[-73.00221396,21.55652177],[-73.00259876,21.55609357],[-73.00362074,21.55172396],[-73.01454973,21.54192984],[-73.03370452,21.52824116],[-73.04876435,21.52057242],[-73.06995463,21.51285005],[-73.07654595,21.50795937],[-73.07497966,21.50311184],[-73.07576025,21.49788606],[-73.07395673,21.49358594],[-73.07383812,21.48953867],[-73.07287145,21.48713517],[-73.05621254,21.46089745],[-73.05599701,21.46049905],[-73.05314207,21.45242047],[-73.05300057,21.45189631],[-73.05246961,21.4453125],[-73.05253124,21.4453125],[-73.05193245,21.44042957],[-73.05276215,21.43262815],[-73.05169654,21.43082964],[-73.05382955,21.42643023],[-73.05396688,21.42578077],[-73.05333066,21.42341685]],[[-72.95055556,22.40659583],[-72.94980371,22.40469432],[-72.94853055,22.40507841],[-72.94803393,22.40583575],[-72.94803536,22.40606916],[-72.94936895,22.40705061],[-72.95007575,22.40713215],[-72.95055556,22.40659583]],[[-72.95330477,22.40807402],[-72.95233512,22.40754795],[-72.95029247,22.40752816],[-72.94981456,22.40789056],[-72.9516201,22.41033971],[-72.95227885,22.41051495],[-72.95435774,22.40927184],[-72.95330477,22.40807402]],[[-72.95089662,22.4061923],[-72.95112968,22.40635705],[-72.95523977,22.4044497],[-72.95526028,22.40421271],[-72.95230198,22.40363657],[-72.95168817,22.40388846],[-72.95091164,22.40473104],[-72.95089662,22.4061923]],[[-72.95398807,22.40761077],[-72.95493436,22.40786195],[-72.95681536,22.40728402],[-72.95685887,22.40574527],[-72.95470297,22.40559864],[-72.95396495,22.4059633],[-72.95361936,22.40634716],[-72.9537425,22.40738702],[-72.95398807,22.40761077]],[[-73.12172103,21.2361356],[-73.12429965,21.22372103],[-73.125,21.22265625],[-73.12640536,21.22059584],[-73.12775016,21.21381176],[-73.13121784,21.20823526],[-73.1378864,21.18850613],[-73.13838053,21.18758047],[-73.14902723,21.17542624],[-73.16009176,21.17140222],[-73.16241956,21.16843307],[-73.16821885,21.16523075],[-73.1720041,21.16454625],[-73.17252028,21.16330016],[-73.19240546,21.16263795],[-73.19852805,21.16018605],[-73.21248162,21.15841568],[-73.22442353,21.15196025],[-73.23589671,21.14310622],[-73.24445105,21.14390123],[-73.24545181,21.14364195],[-73.25427938,21.13859773],[-73.25865138,21.13724804],[-73.25958383,21.1357851],[-73.26004756,21.13563251],[-73.26275122,21.13507593],[-73.27074373,21.13535953],[-73.28245163,21.14117515],[-73.28628695,21.1414088],[-73.28981495,21.1395787],[-73.30446565,21.14490092],[-73.30743873,21.14460325],[-73.31162202,21.14589012],[-73.32185471,21.15268755],[-73.34094965,21.16103911],[-73.34206808,21.16316593],[-73.35051143,21.16885161],[-73.35313451,21.17338026],[-73.35814476,21.17818773],[-73.36448872,21.19210303],[-73.37276602,21.20461798],[-73.37554967,21.2164216],[-73.3797667,21.22422028],[-73.38509774,21.23248887],[-73.38817871,21.23555923],[-73.38907921,21.2358849],[-73.39034545,21.23598576],[-73.39272916,21.23483098],[-73.39762902,21.22865355],[-73.39761055,21.22425866],[-73.39948642,21.21894205],[-73.40388095,21.21412075],[-73.40523314,21.21074796],[-73.41298866,21.20345473],[-73.42503333,21.19932651],[-73.42788255,21.19508016],[-73.42778373,21.19258964],[-73.42849135,21.19230652],[-73.43128252,21.19077396],[-73.43769312,21.18920386],[-73.44991386,21.19106781],[-73.45102811,21.18995964],[-73.45563614,21.18953276],[-73.46116674,21.18917406],[-73.46760476,21.18994403],[-73.47304332,21.18970215],[-73.4765625,21.18889511],[-73.48626137,21.18437064],[-73.49790716,21.18115532],[-73.50476742,21.18241406],[-73.51537955,21.18616867],[-73.51769793,21.18574405],[-73.51840305,21.17697275],[-73.52676058,21.16861272],[-73.52734685,21.16537714],[-73.53163898,21.16208684],[-73.53277993,21.15809214],[-73.53922546,21.15548694],[-73.54529273,21.15163934],[-73.54544544,21.15136695],[-73.54518247,21.14741766],[-73.54266763,21.14529514],[-73.54300606,21.14243364],[-73.54505372,21.13627815],[-73.54790425,21.13340247],[-73.55172372,21.13060975],[-73.55656326,21.12897325],[-73.56731665,21.12708545],[-73.56849587,21.12176836],[-73.56895328,21.12101424],[-73.57291734,21.11694622],[-73.57505727,21.11615324],[-73.57774365,21.11604238],[-73.58454251,21.12121141],[-73.58558321,21.12135303],[-73.58617043,21.12125015],[-73.58730364,21.11901915],[-73.59058261,21.11709702],[-73.59185314,21.11247063],[-73.59228957,21.11196816],[-73.59537005,21.11016452],[-73.59586477,21.10996985],[-73.60353851,21.10828841],[-73.61150718,21.10987055],[-73.61899567,21.10903192],[-73.61916673,21.10695767],[-73.62223673,21.10329986],[-73.62798786,21.09880221],[-73.63926327,21.0990808],[-73.6447221,21.10037935],[-73.66766214,21.11249816],[-73.66485727,21.09588802],[-73.6605798,21.09618914],[-73.65991807,21.09607291],[-73.65324044,21.09375],[-73.65249312,21.09375],[-73.64920735,21.09109926],[-73.64776921,21.08939517],[-73.64450121,21.08302832],[-73.6438626,21.08128965],[-73.6436069,21.07928085],[-73.64386225,21.07384431],[-73.64487624,21.07128906],[-73.6438626,21.06699824],[-73.64795256,21.04677296],[-73.64893866,21.04482031],[-73.65568221,21.03769481],[-73.66063881,21.03329635],[-73.66427064,21.03092325],[-73.67057323,21.02793121],[-73.69763994,21.02590752],[-73.69807851,21.02570534],[-73.69998431,21.02434444],[-73.70259166,21.01721084],[-73.69898605,21.00952411],[-73.69563591,21.00589573],[-73.69139755,21.00340867],[-73.68180645,20.98641241],[-73.67915881,20.97254455],[-73.68138886,20.96263397],[-73.67886281,20.9548161],[-73.67810166,20.94143343],[-73.67616594,20.93598783],[-73.67429757,20.93205905],[-73.66613865,20.92311347],[-73.66399264,20.92131686],[-73.65883434,20.91797805],[-73.65340161,20.91456854],[-73.64713514,20.9119271],[-73.64620972,20.91196513],[-73.64451206,20.91268015],[-73.64420283,20.91305172],[-73.64144135,20.91796875],[-73.63943636,20.92321885],[-73.63403296,20.93180191],[-73.63150644,20.93549716],[-73.62577546,20.94159627],[-73.6224488,20.94301546],[-73.61716664,20.94225025],[-73.60145712,20.94717872],[-73.59636962,20.94747674],[-73.58379924,20.94388795],[-73.57709885,20.94732654],[-73.56671238,20.94679463],[-73.56283331,20.94778442],[-73.55308366,20.94713402],[-73.54720473,20.94478393],[-73.53679764,20.94413304],[-73.51822412,20.93722916],[-73.51406205,20.93245864],[-73.50979066,20.93198085],[-73.50663936,20.93022644],[-73.50037015,20.92281306],[-73.49997497,20.92260516],[-73.49858355,20.92232096],[-73.49219394,20.92222667],[-73.48944306,20.92275333],[-73.4765625,20.92940843],[-73.47154725,20.93115675],[-73.46593082,20.93234181],[-73.45904481,20.93211365],[-73.45551956,20.93411922],[-73.45349801,20.93266344],[-73.44953108,20.93254971],[-73.44436395,20.93400455],[-73.44093585,20.93637216],[-73.43994594,20.93662953],[-73.43669546,20.93686664],[-73.4359889,20.93681335],[-73.42976022,20.93494821],[-73.42893624,20.93458855],[-73.42847085,20.93229902],[-73.42725921,20.93197131],[-73.42596221,20.93188655],[-73.4206022,20.93239093],[-73.41265023,20.93144858],[-73.40257931,20.93468034],[-73.39053702,20.93351686],[-73.38289845,20.93621564],[-73.38187647,20.93847644],[-73.37802637,20.94054902],[-73.37469685,20.94483137],[-73.36921978,20.9478724],[-73.36133444,20.95563626],[-73.35210288,20.96230245],[-73.34011674,20.96573246],[-73.33389974,20.96589041],[-73.31480324,20.96106255],[-73.31385863,20.9614979],[-73.31388927,20.96671426],[-73.30802214,20.96850526],[-73.30470085,20.97245467],[-73.30057287,20.9734205],[-73.29484236,20.97144592],[-73.29209948,20.96795428],[-73.30335426,20.96200383],[-73.31127203,20.9640063],[-73.31581593,20.95749116],[-73.3145591,20.95489776],[-73.31841397,20.95218563],[-73.31813765,20.94511998],[-73.315328,20.94490087],[-73.31241274,20.94624197],[-73.30049515,20.95784736],[-73.29080462,20.96491373],[-73.28454804,20.96755946],[-73.27697945,20.96714604],[-73.26554561,20.96289706],[-73.25821733,20.95838988],[-73.25288355,20.95236826],[-73.24317348,20.9533298],[-73.23590434,20.95808327],[-73.23208833,20.95728028],[-73.23147631,20.95340681],[-73.22900796,20.95326245],[-73.22163856,20.96035278],[-73.20783412,20.96446514],[-73.20246685,20.96406865],[-73.18435562,20.9692564],[-73.17745614,20.96854877],[-73.17531097,20.96574771],[-73.17017734,20.96699941],[-73.16633773,20.96456492],[-73.16282582,20.96427166],[-73.15809608,20.96877372],[-73.15213335,20.98791313],[-73.14995003,20.9911592],[-73.14509535,21.00489354],[-73.14234793,21.00844765],[-73.13870275,21.01907516],[-73.125,21.02594864],[-73.125,21.02622771],[-73.10997355,21.05671465],[-73.10660136,21.05984712],[-73.1034224,21.07282472],[-73.10167015,21.07760346],[-73.10037744,21.08037114],[-73.09244227,21.09375],[-73.09241474,21.09375],[-73.08493221,21.10696661],[-73.08060157,21.1070857],[-73.07949984,21.10672641],[-73.07959056,21.10500145],[-73.07839036,21.10537052],[-73.07573926,21.11118412],[-73.07544875,21.11161876],[-73.06903982,21.12014091],[-73.06541586,21.12404931],[-73.06509078,21.12435222],[-73.05165386,21.13200474],[-73.05149054,21.13214982],[-73.04486656,21.14212048],[-73.04104614,21.1454488],[-73.04018664,21.14830565],[-73.03733015,21.15108478],[-73.03615046,21.15624535],[-73.018224,21.19611311],[-73.01792705,21.19710565],[-73.01531863,21.21086264],[-73.01640415,21.21737266],[-73.01505935,21.22664165],[-73.01372206,21.22813225],[-73.01435757,21.24134111],[-73.00900817,21.26953125],[-73.00910997,21.26953125],[-73.00858605,21.27423465],[-73.00858605,21.27543044],[-73.00884414,21.27883565],[-73.01085067,21.28274655],[-73.0111289,21.29613543],[-73.01113236,21.29680336],[-73.01075625,21.2977072],[-73.00791466,21.29882336],[-73.01027632,21.31079447],[-73.00851107,21.32659042],[-73.00914907,21.33356178],[-73.00957966,21.33450794],[-73.01155353,21.33387744],[-73.01191485,21.33370304],[-73.01405382,21.33122802],[-73.01703191,21.33448136],[-73.01487744,21.33685267],[-73.01678073,21.33791745],[-73.02549231,21.33809757],[-73.03201854,21.33674502],[-73.04393113,21.33067215],[-73.05632186,21.32688451],[-73.05719793,21.3241291],[-73.06648791,21.32123923],[-73.06908214,21.31577766],[-73.06836236,21.30935836],[-73.07046974,21.30649853],[-73.07265031,21.29828715],[-73.07899392,21.29122043],[-73.07998085,21.28612685],[-73.08512986,21.28216112],[-73.08645785,21.27711475],[-73.08876646,21.27479207],[-73.0896641,21.26953125],[-73.08972406,21.26953125],[-73.09174573,21.26722431],[-73.09295475,21.26288092],[-73.09858346,21.25740075],[-73.0999943,21.25401115],[-73.10027182,21.25375223],[-73.10775185,21.24914157],[-73.11314273,21.24348223],[-73.1161617,21.24235678],[-73.11735725,21.23781896],[-73.12172103,21.2361356]],[[-73.10971761,22.4657886],[-73.10944915,22.46545768],[-73.10676265,22.46572113],[-73.10386085,22.46640015],[-73.10784817,22.46667051],[-73.10878205,22.46883535],[-73.10971761,22.4657886]],[[-73.30665302,20.96311235],[-73.30580175,20.96304476],[-73.3055557,20.96318984],[-73.30561125,20.96441627],[-73.30656123,20.96544147],[-73.30853093,20.96675766],[-73.31016934,20.96710253],[-73.31267035,20.96623611],[-73.31295621,20.96481502],[-73.31263816,20.96462441],[-73.30941462,20.96494186],[-73.30665302,20.96311235]],[[-73.53664172,22.61321366],[-73.56079912,22.60958016],[-73.5569874,22.60773313],[-73.53289962,22.60822916],[-73.52417445,22.6072098],[-73.50359774,22.59880185],[-73.48162532,22.59368277],[-73.48124754,22.59353781],[-73.4765625,22.59012282],[-73.4765625,22.58984375],[-73.47637951,22.58972454],[-73.47323096,22.58884788],[-73.47256374,22.58628035],[-73.47204435,22.58627355],[-73.47014666,22.58854926],[-73.46997046,22.58983505],[-73.47050321,22.59255672],[-73.4765625,22.59514511],[-73.4765625,22.59542406],[-73.48256445,22.60193074],[-73.4885329,22.60293901],[-73.49489534,22.60647213],[-73.50065577,22.6081624],[-73.50656521,22.61223686],[-73.50696516,22.61237764],[-73.51413894,22.61314595],[-73.51607084,22.61383212],[-73.53664172,22.61321366]],[[-73.58376658,21.13132977],[-73.59078324,21.13312101],[-73.5917294,21.13242996],[-73.58744955,21.12571585],[-73.58689892,21.12571454],[-73.585114,21.12768292],[-73.58376658,21.13132977]],[[-73.59512424,22.60118723],[-73.59495652,22.60946441],[-73.59545946,22.61091983],[-73.59731221,22.6117357],[-73.59849346,22.61061418],[-73.60308003,22.61064923],[-73.60502565,22.60837626],[-73.60812116,22.60689235],[-73.61100626,22.60593224],[-73.61201668,22.60578883],[-73.6168797,22.60651326],[-73.61927485,22.60486591],[-73.61948967,22.60453594],[-73.62116086,22.59834921],[-73.62573326,22.59051478],[-73.62585914,22.58435977],[-73.62750471,22.57793927],[-73.62717354,22.57603848],[-73.62386787,22.57393026],[-73.62298655,22.57213426],[-73.61847937,22.57351685],[-73.61663485,22.5774734],[-73.60874164,22.58093917],[-73.60367382,22.58591747],[-73.60324228,22.58655524],[-73.59844816,22.59506965],[-73.5979861,22.59618807],[-73.59799564,22.59954464],[-73.59512424,22.60118723]],[[-73.60424101,23.08321214],[-73.605057,23.08247101],[-73.60337496,23.07954276],[-73.60091305,23.07836247],[-73.60039151,23.08048797],[-73.60424101,23.08321214]],[[-73.65273917,23.08533156],[-73.64548504,23.08305812],[-73.64480138,23.08294105],[-73.63735151,23.08448446],[-73.63646173,23.08538854],[-73.63631547,23.08577967],[-73.63668525,23.08686852],[-73.63874745,23.08820045],[-73.63936853,23.08833671],[-73.64353597,23.08785903],[-73.64539146,23.08925557],[-73.64863205,23.08987367],[-73.65016174,23.08875012],[-73.65303504,23.08655214],[-73.65308654,23.08585095],[-73.65273917,23.08533156]],[[-73.71461666,23.10353935],[-73.71465886,23.10100305],[-73.71661747,23.09984446],[-73.72732985,23.09932315],[-73.73322046,23.09627604],[-73.74117363,23.09646893],[-73.74902725,23.09871507],[-73.76336944,23.09937263],[-73.76622736,23.10051227],[-73.77648771,23.09881806],[-73.7867496,23.0992676],[-73.79112482,23.09786093],[-73.79641688,23.09896696],[-73.79976594,23.09688985],[-73.81112576,23.09618926],[-73.81421804,23.09361577],[-73.82140195,23.09163642],[-73.82246006,23.09037554],[-73.80376375,23.08407092],[-73.80035531,23.08132422],[-73.79545045,23.07976365],[-73.78851485,23.07426524],[-73.78164756,23.07112205],[-73.77609241,23.0665611],[-73.77277625,23.06702387],[-73.76313555,23.07296884],[-73.7567929,23.07441068],[-73.7549628,23.07443094],[-73.75213504,23.07325005],[-73.75146377,23.07228375],[-73.75017536,23.07013345],[-73.74970424,23.06565821],[-73.74925387,23.06559515],[-73.74697781,23.06616282],[-73.74509347,23.06785715],[-73.74428535,23.06841505],[-73.73635161,23.07016766],[-73.73567283,23.07019413],[-73.7343477,23.06814981],[-73.73397732,23.06791282],[-73.73277986,23.06809115],[-73.72761977,23.07309496],[-73.71162784,23.08240974],[-73.68573296,23.08598864],[-73.67840624,23.08432663],[-73.66792035,23.08404124],[-73.66454112,23.08566236],[-73.66329277,23.08759725],[-73.66336203,23.08800793],[-73.66932035,23.0903126],[-73.67421675,23.09439182],[-73.67798686,23.09490764],[-73.68008685,23.09331071],[-73.68553424,23.09432018],[-73.68949318,23.09659541],[-73.69252336,23.10032046],[-73.69671881,23.09766233],[-73.69922626,23.09796131],[-73.7012912,23.0993005],[-73.70324326,23.09892821],[-73.70676827,23.09981477],[-73.70965338,23.10082054],[-73.71461666,23.10353935]],[[-73.74593258,23.05922103],[-73.74555135,23.05888653],[-73.74481332,23.05898881],[-73.74059224,23.06261802],[-73.74024796,23.06355596],[-73.74094975,23.06384754],[-73.74236143,23.06398165],[-73.74488556,23.06237841],[-73.74593258,23.05922103]],[[-73.87101376,22.72831416],[-73.86865866,22.72326875],[-73.86332476,22.71579051],[-73.87035096,22.71380866],[-73.87188041,22.71123338],[-73.87582862,22.70841575],[-73.87569678,22.70799386],[-73.87366557,22.70608413],[-73.87028694,22.70651352],[-73.86952531,22.70331144],[-73.86402094,22.70085788],[-73.8604691,22.69683588],[-73.86025667,22.69676995],[-73.85552895,22.69986534],[-73.85592616,22.70990968],[-73.84888685,22.72690678],[-73.84826195,22.72784746],[-73.84631455,22.72939086],[-73.83636343,22.72698462],[-73.83477855,22.72738504],[-73.83479226,22.72768784],[-73.83739305,22.72876501],[-73.84795594,22.73049796],[-73.84946644,22.73109055],[-73.85172594,22.73325264],[-73.85434616,22.73663247],[-73.85762584,22.73767042],[-73.86040461,22.73558617],[-73.85942662,22.73311377],[-73.86163676,22.73308814],[-73.86691844,22.72884417],[-73.87072694,22.72863591],[-73.87101376,22.72831416]],[[-73.87542105,22.70123816],[-73.87767768,22.70158303],[-73.8856672,22.69013917],[-73.88728786,22.68867302],[-73.89008021,22.68810618],[-73.89149582,22.68949115],[-73.89126325,22.69142425],[-73.88907266,22.69391406],[-73.88774633,22.69750285],[-73.88790214,22.69892657],[-73.88859606,22.70146894],[-73.89069891,22.70326436],[-73.89075923,22.70622277],[-73.89281833,22.70488465],[-73.89451134,22.70773554],[-73.89077961,22.71241367],[-73.89006186,22.71672475],[-73.88809156,22.71835125],[-73.88964248,22.72039461],[-73.89115834,22.72104907],[-73.89530265,22.72218013],[-73.89986217,22.72234094],[-73.90219808,22.72101951],[-73.90497494,22.72139144],[-73.90449226,22.71500516],[-73.90764368,22.71119475],[-73.92195475,22.70783818],[-73.92591763,22.70538473],[-73.92853701,22.70538652],[-73.93437505,22.70670414],[-73.94043601,22.70985973],[-73.94558656,22.71471155],[-73.94680035,22.72046673],[-73.94427347,22.72165644],[-73.94690955,22.72307551],[-73.94412851,22.72453976],[-73.95279705,22.72535455],[-73.95638645,22.72594285],[-73.95738721,22.72566128],[-73.957479,22.72532451],[-73.95440233,22.72223008],[-73.95382154,22.720155],[-73.95404506,22.71934485],[-73.95632446,22.71301556],[-73.96260154,22.70496535],[-73.95301604,22.70865297],[-73.94900584,22.70877981],[-73.94633937,22.70711374],[-73.94894516,22.7059257],[-73.95289755,22.70603395],[-73.95251727,22.70402181],[-73.94775212,22.70477366],[-73.94409001,22.70281935],[-73.94229817,22.69977975],[-73.93951845,22.69977665],[-73.93702173,22.69818985],[-73.93320036,22.69970214],[-73.92958844,22.69932497],[-73.92504585,22.70223415],[-73.91875517,22.70192635],[-73.92197204,22.69952714],[-73.93435824,22.69667923],[-73.94049251,22.69858825],[-73.94797516,22.69790125],[-73.9532907,22.7014991],[-73.95846367,22.70240104],[-73.96099722,22.70096016],[-73.96345115,22.69647765],[-73.96570945,22.69563711],[-73.96649253,22.69622052],[-73.96386457,22.69799376],[-73.96328986,22.70005095],[-73.96388984,22.70156515],[-73.96615803,22.70160925],[-73.97320652,22.69859767],[-73.97097743,22.69725585],[-73.97135425,22.69609082],[-73.97889388,22.69202495],[-73.98851717,22.69093966],[-74.00087595,22.69216836],[-74.00267422,22.69017518],[-74.00736427,22.69014263],[-74.00710642,22.68776584],[-74.00420165,22.68591142],[-74.00213695,22.68660796],[-73.99969363,22.68560028],[-73.99781954,22.68664098],[-74.00095105,22.68901885],[-73.99991345,22.69101191],[-73.99308681,22.68711555],[-73.98447835,22.68792927],[-73.98465586,22.68483794],[-73.98203254,22.68401015],[-73.98238707,22.68251514],[-73.98065805,22.68195796],[-73.9776839,22.68535006],[-73.97423744,22.69224811],[-73.97219312,22.69223118],[-73.96927702,22.69509673],[-73.96793616,22.69504452],[-73.96959627,22.69126666],[-73.9769026,22.6841526],[-73.97603941,22.68219435],[-73.97485292,22.68173373],[-73.97267425,22.68303275],[-73.97026515,22.68017793],[-73.97503746,22.67578125],[-73.97818041,22.67440045],[-73.97574723,22.66933835],[-73.97657323,22.66783524],[-73.98169172,22.67095923],[-73.97949505,22.67314947],[-73.98444045,22.67284882],[-73.98540366,22.67491984],[-73.98098946,22.67834866],[-73.97821915,22.68214238],[-73.9867419,22.68057764],[-73.99422145,22.67663825],[-73.99650693,22.67649412],[-74.00109291,22.67848074],[-74.00824666,22.67904317],[-74.00941658,22.68170333],[-74.00812483,22.68427146],[-74.01019955,22.68741167],[-74.01138294,22.68668842],[-74.01060605,22.68482661],[-74.01362395,22.68394482],[-74.01564062,22.68520796],[-74.01711214,22.68202293],[-74.01879096,22.68404222],[-74.01941645,22.68935692],[-74.01985443,22.68943286],[-74.02064812,22.68929994],[-74.02093506,22.68755341],[-74.02154303,22.68747485],[-74.02806735,22.6885215],[-74.02823496,22.68845642],[-74.02875555,22.6868062],[-74.02833605,22.68555665],[-74.02751601,22.68465972],[-74.02562833,22.68483996],[-74.02545321,22.68154383],[-74.02345705,22.67922318],[-74.02602112,22.67935383],[-74.02541876,22.67753685],[-74.02292538,22.67755711],[-74.02068317,22.67578125],[-74.01976275,22.67532778],[-74.01840365,22.67578125],[-74.01028991,22.67197168],[-74.00850785,22.67013335],[-74.00799036,22.66418362],[-74.00750256,22.66410565],[-74.00405848,22.66493022],[-73.99721158,22.66847515],[-73.99680281,22.66518605],[-74.00058377,22.66085374],[-74.00479221,22.65811527],[-74.00085652,22.65571761],[-73.99977422,22.65871191],[-73.99727654,22.65877593],[-73.99700284,22.65574002],[-73.99709225,22.65538907],[-73.99896216,22.65471685],[-73.99875808,22.65303147],[-73.99892581,22.65289903],[-74.00054121,22.65477395],[-74.00290346,22.6553601],[-74.00433815,22.65506756],[-74.0049535,22.65470612],[-74.00622606,22.65190172],[-74.00755668,22.65154886],[-74.00895703,22.65486217],[-74.00837171,22.65687942],[-74.01049566,22.65755606],[-74.01215315,22.65203488],[-74.01583636,22.65234375],[-74.01995015,22.64825034],[-74.02026916,22.64498484],[-74.02914643,22.6424216],[-74.03110981,22.63924551],[-74.03426933,22.63856661],[-74.03453398,22.63827646],[-74.03495586,22.63533628],[-74.03275621,22.63389862],[-74.03350461,22.62904704],[-74.02778971,22.62537456],[-74.02812695,22.6238451],[-74.0283761,22.62366474],[-74.02974701,22.62461197],[-74.03077805,22.62698781],[-74.03394485,22.62833095],[-74.03465176,22.63123083],[-74.03817546,22.63578832],[-74.04005194,22.6362468],[-74.04195404,22.63503087],[-74.04259956,22.63443136],[-74.04437065,22.63123357],[-74.04438376,22.62874615],[-74.04214287,22.62772334],[-74.04199946,22.62735033],[-74.04262126,22.62508476],[-74.04707897,22.62301314],[-74.04535365,22.61911464],[-74.0460211,22.61678183],[-74.04481375,22.61644685],[-74.04080307,22.61870945],[-74.04383314,22.61254275],[-74.04101002,22.60970128],[-74.03546834,22.61188614],[-74.03412533,22.61312342],[-74.03412533,22.61646736],[-74.03430355,22.61705351],[-74.03744435,22.61911893],[-74.03722692,22.62235224],[-74.03702974,22.62268782],[-74.03499591,22.62081933],[-74.03463316,22.6206845],[-74.0293684,22.61952603],[-74.02893531,22.61947966],[-74.02860034,22.62001002],[-74.03050256,22.62266958],[-74.02585626,22.61989665],[-74.02350283,22.62016857],[-74.02439892,22.61700606],[-74.02624095,22.61560965],[-74.02389252,22.60951555],[-74.02425158,22.60755944],[-74.0233438,22.60662055],[-74.02246594,22.60626471],[-74.01860881,22.60655642],[-74.01823628,22.60643101],[-74.01764882,22.60492277],[-74.01583755,22.60463285],[-74.0144999,22.60837925],[-74.01723373,22.60890961],[-74.01740408,22.61118686],[-74.01369786,22.60915864],[-74.0083673,22.61006474],[-74.00420082,22.61214495],[-74.00481665,22.60772955],[-74.00595355,22.60635698],[-74.00705707,22.60728824],[-74.00800061,22.60695612],[-74.00832295,22.60674965],[-74.00924802,22.60509157],[-74.00864565,22.60480344],[-74.00718343,22.60467637],[-74.00278854,22.60522807],[-74.00134754,22.60734093],[-73.99895322,22.60751057],[-73.99859405,22.60786736],[-73.99890864,22.60920191],[-74.00244856,22.61132336],[-73.99940288,22.61681604],[-73.99821353,22.61680615],[-73.9990828,22.61469364],[-73.99654198,22.6155647],[-73.99611902,22.61438274],[-73.99752605,22.61130357],[-73.99619353,22.60943842],[-73.9965713,22.60802138],[-73.99444342,22.60788715],[-73.99192595,22.60998786],[-73.99236786,22.6080873],[-73.99714303,22.60382438],[-73.99968636,22.60290015],[-74.00077522,22.60361922],[-74.00644696,22.59985602],[-74.00644016,22.59803808],[-74.00947535,22.59666288],[-74.01184165,22.59275484],[-74.00766206,22.59022665],[-74.00238633,22.59203875],[-73.99634635,22.58980274],[-73.99650753,22.58785343],[-73.99208653,22.59002483],[-73.99117208,22.58852994],[-73.98981452,22.58857524],[-73.98662961,22.59133196],[-73.98308432,22.59197354],[-73.98543823,22.58797407],[-73.98441422,22.5861783],[-73.98655307,22.58325684],[-73.98351145,22.58048725],[-73.97981524,22.58150685],[-73.98082697,22.58264053],[-73.98405337,22.58245063],[-73.97704124,22.59109485],[-73.97295535,22.59360504],[-73.97131121,22.59309065],[-73.97448075,22.58845675],[-73.97481322,22.5860728],[-73.97189724,22.58357215],[-73.96998036,22.58723724],[-73.96945822,22.59457862],[-73.96775997,22.59728324],[-73.96539736,22.59486604],[-73.96494615,22.59843135],[-73.96381223,22.59559822],[-73.96566784,22.58443153],[-73.96468055,22.58429217],[-73.96370494,22.59055996],[-73.96161234,22.59064066],[-73.96280277,22.59711742],[-73.96029127,22.59755886],[-73.95765841,22.59540463],[-73.95885932,22.58575845],[-73.95818293,22.58184552],[-73.95308006,22.58410955],[-73.95554328,22.58529568],[-73.95202994,22.5922327],[-73.95339155,22.59712207],[-73.95254624,22.59944153],[-73.94811976,22.59789777],[-73.94843841,22.59078002],[-73.94702506,22.59008884],[-73.94539297,22.59184325],[-73.94603431,22.60127771],[-73.94219828,22.59512281],[-73.94143546,22.59671235],[-73.94220698,22.60283875],[-73.93999076,22.59932864],[-73.93665862,22.59848428],[-73.93647671,22.60267508],[-73.93348241,22.59844661],[-73.9311527,22.60266721],[-73.92390478,22.59962404],[-73.92224944,22.59384954],[-73.9167248,22.59257162],[-73.91592324,22.58868122],[-73.91272128,22.58896625],[-73.91272497,22.58606184],[-73.91117203,22.58593535],[-73.91065407,22.58293474],[-73.90819395,22.58134365],[-73.90720546,22.57510805],[-73.90552974,22.5725528],[-73.90403771,22.57224691],[-73.90443921,22.57444096],[-73.89955437,22.57448542],[-73.89587605,22.57186174],[-73.8938508,22.56845021],[-73.8925935,22.57103777],[-73.89075518,22.57055807],[-73.89137065,22.56795144],[-73.88861966,22.56697917],[-73.88791096,22.56403506],[-73.88298166,22.56190372],[-73.88188791,22.56010056],[-73.88347673,22.55983293],[-73.88611853,22.56135786],[-73.88674724,22.56040776],[-73.88370812,22.55848467],[-73.88485026,22.55129755],[-73.87834096,22.5414921],[-73.87759852,22.53994298],[-73.87590051,22.53561831],[-73.87471521,22.52851975],[-73.87466955,22.51897335],[-73.87501681,22.51704264],[-73.87669516,22.51241434],[-73.8782742,22.51022553],[-73.88534582,22.50863016],[-73.88526988,22.50491524],[-73.88819754,22.50372243],[-73.89019132,22.50101662],[-73.8904736,22.50085938],[-73.89351428,22.50083697],[-73.89366543,22.50069737],[-73.89366543,22.5],[-73.89355302,22.5],[-73.89137721,22.49790406],[-73.89121735,22.4978193],[-73.88964331,22.49844408],[-73.88965797,22.4982903],[-73.89070737,22.49504805],[-73.89377201,22.49327314],[-73.89503574,22.48754692],[-73.89750147,22.48257911],[-73.90020215,22.47843087],[-73.90405595,22.47461724],[-73.90451884,22.47425592],[-73.91234851,22.46908045],[-73.9133023,22.46861625],[-73.92471194,22.46421766],[-73.93534756,22.46387315],[-73.94496071,22.46121645],[-73.94978535,22.46142364],[-73.95264602,22.46045184],[-73.95727932,22.46142316],[-73.97268212,22.45918822],[-73.98049843,22.45954454],[-74.0030992,22.44919765],[-74.00353622,22.44697082],[-74.00024736,22.43771255],[-74.00031936,22.43401313],[-73.99910915,22.43289304],[-73.99924886,22.42636406],[-74.00019646,22.42596555],[-74.00040996,22.42193258],[-74.00300241,22.41639125],[-74.00752282,22.41084635],[-74.00610006,22.40840256],[-74.00817657,22.40610862],[-74.02343345,22.40102482],[-74.02548826,22.40143395],[-74.03475487,22.39850903],[-74.04276645,22.39978731],[-74.04925072,22.39626825],[-74.05839086,22.39751947],[-74.06160784,22.39627814],[-74.06859088,22.39717603],[-74.07127285,22.39627767],[-74.07495594,22.39667487],[-74.07822883,22.39453125],[-74.10002244,22.39155996],[-74.09905136,22.39012158],[-74.09384131,22.39045525],[-74.09602785,22.38403392],[-74.09409726,22.38573992],[-74.09214926,22.38352644],[-74.09373355,22.38191664],[-74.09264576,22.37706363],[-74.09473395,22.37366641],[-74.09206975,22.37465155],[-74.08487952,22.37424695],[-74.08177364,22.37096024],[-74.08255196,22.36696351],[-74.08143616,22.36258256],[-74.08217895,22.35690117],[-74.08413565,22.35076904],[-74.08430505,22.35049987],[-74.08943653,22.34810102],[-74.09014225,22.34696591],[-74.08971596,22.34354818],[-74.08984888,22.34315264],[-74.09124696,22.34154618],[-74.09356606,22.33959115],[-74.09773135,22.33841515],[-74.10400414,22.33410084],[-74.1068716,22.33468366],[-74.10709608,22.33454144],[-74.10829878,22.33135247],[-74.11442387,22.33061814],[-74.11609495,22.32831764],[-74.12103546,22.32589591],[-74.12516594,22.32602274],[-74.12319517,22.32856154],[-74.11929274,22.33039546],[-74.11816907,22.333112],[-74.12678516,22.32845271],[-74.13899183,22.32621861],[-74.14083362,22.32690251],[-74.14357901,22.32570863],[-74.14846611,22.32749307],[-74.15071893,22.32654142],[-74.15111935,22.32402003],[-74.15347075,22.32219517],[-74.15222037,22.3252449],[-74.1584084,22.32274294],[-74.16044164,22.31688774],[-74.16577804,22.31250107],[-74.16820848,22.31208646],[-74.16836905,22.31417108],[-74.16936696,22.31450105],[-74.17209613,22.31013465],[-74.17020392,22.31578505],[-74.17192698,22.31686795],[-74.17567003,22.31391942],[-74.1796875,22.31222093],[-74.18210554,22.31115913],[-74.18539667,22.30731273],[-74.18653607,22.30344141],[-74.18925631,22.3017441],[-74.18944335,22.30027366],[-74.18695748,22.30061507],[-74.18619394,22.30124855],[-74.18554544,22.30310345],[-74.17895806,22.30930674],[-74.17715061,22.31070185],[-74.17667484,22.31099725],[-74.17551255,22.31136584],[-74.17525077,22.31068635],[-74.17548084,22.3098973],[-74.17923045,22.30517066],[-74.18353891,22.30264616],[-74.18620014,22.29691017],[-74.19214022,22.29598153],[-74.19286227,22.29199934],[-74.19273484,22.29137766],[-74.19098937,22.28907192],[-74.18646884,22.28798151],[-74.18247843,22.29169834],[-74.17807508,22.29139173],[-74.17569554,22.28693414],[-74.17567313,22.28218126],[-74.17580128,22.28170025],[-74.17806304,22.27995205],[-74.17923176,22.27562666],[-74.18328536,22.27223623],[-74.18436301,22.26816857],[-74.18690765,22.26726973],[-74.18801856,22.26342833],[-74.18959308,22.26298964],[-74.19125676,22.26886725],[-74.19620824,22.26323664],[-74.19340873,22.26169181],[-74.19371176,22.26088834],[-74.19776273,22.26046312],[-74.19917953,22.25167632],[-74.19842875,22.25061667],[-74.19572032,22.25273681],[-74.19298434,22.25157082],[-74.18934035,22.25496674],[-74.18709755,22.25489163],[-74.18637156,22.25405276],[-74.1863811,22.25376511],[-74.19468796,22.23682582],[-74.20611441,22.22464836],[-74.20782685,22.22332728],[-74.21145928,22.2216742],[-74.21186161,22.22159195],[-74.21834326,22.22101366],[-74.21989131,22.22146165],[-74.22155726,22.22237802],[-74.22266865,22.22503984],[-74.22411752,22.22538066],[-74.22564733,22.22359014],[-74.23036754,22.22324383],[-74.23927581,22.22558224],[-74.24557865,22.23158705],[-74.24652076,22.23217142],[-74.25026524,22.23290384],[-74.25722015,22.23269463],[-74.2684164,22.22706294],[-74.26880491,22.2268995],[-74.28288913,22.22234774],[-74.28560066,22.22061265],[-74.2889266,22.21808255],[-74.28957427,22.21662331],[-74.28931272,22.21594357],[-74.28351557,22.20926964],[-74.28188443,22.20270216],[-74.27916002,22.1987828],[-74.27913284,22.19490135],[-74.28331864,22.18150115],[-74.29016054,22.17149866],[-74.29142046,22.16917837],[-74.29165411,22.16868651],[-74.29037297,22.16698945],[-74.29264498,22.16471934],[-74.29256594,22.16436005],[-74.28766155,22.16465235],[-74.28510034,22.16288185],[-74.28348064,22.16416681],[-74.26732123,22.1886847],[-74.25972044,22.19519293],[-74.25153661,22.20004594],[-74.24003196,22.20361447],[-74.23686194,22.20292318],[-74.23719776,22.20047653],[-74.2352457,22.19983327],[-74.22101974,22.20500147],[-74.21264803,22.20155787],[-74.20792997,22.20233333],[-74.20748913,22.20248055],[-74.1997838,22.20809746],[-74.19708312,22.20875096],[-74.18912578,22.21779788],[-74.18635547,22.21923733],[-74.18458796,22.21876454],[-74.18166435,22.22391796],[-74.18015313,22.22544205],[-74.1796875,22.22544634],[-74.17828655,22.22545457],[-74.17547572,22.22796607],[-74.17326295,22.23145056],[-74.16830742,22.23463297],[-74.1660552,22.2378509],[-74.16004801,22.25401211],[-74.15441275,22.26041937],[-74.1527915,22.26383746],[-74.15235782,22.27104366],[-74.15014601,22.27519727],[-74.14679742,22.27968025],[-74.13497353,22.29070806],[-74.12482893,22.29316604],[-74.11525261,22.29203296],[-74.11286342,22.28791678],[-74.1137979,22.28529942],[-74.11208713,22.28475535],[-74.10446918,22.28965354],[-74.10062754,22.29459584],[-74.08615231,22.30131412],[-74.08297133,22.30139041],[-74.07185745,22.30574095],[-74.06977606,22.30530775],[-74.06355321,22.30772603],[-74.05305576,22.30935645],[-74.04881156,22.31131005],[-74.04596424,22.31070375],[-74.04146183,22.3132447],[-74.03664434,22.31412935],[-74.02511847,22.31893146],[-74.01957023,22.31894696],[-74.01408303,22.32089722],[-74.00787115,22.32436216],[-74.00765824,22.32446206],[-74.00308633,22.32510114],[-73.99772155,22.32899761],[-73.99642158,22.33019614],[-73.98848784,22.34222317],[-73.97618663,22.35483778],[-73.97468722,22.35684705],[-73.97331345,22.35912478],[-73.96598864,22.37857795],[-73.964486,22.38442671],[-73.96471667,22.38936257],[-73.96314645,22.39318967],[-73.95466876,22.40482736],[-73.94965017,22.40779483],[-73.94609177,22.41623902],[-73.93974924,22.42359126],[-73.93451703,22.43779242],[-73.93097174,22.44247365],[-73.92747641,22.44498134],[-73.91917896,22.44246554],[-73.91467345,22.44439375],[-73.91289926,22.44597125],[-73.908499,22.45359194],[-73.90623736,22.45468378],[-73.90291846,22.45997226],[-73.890854,22.46865582],[-73.88708174,22.47394943],[-73.87930572,22.47961986],[-73.87233603,22.48777545],[-73.86852753,22.5],[-73.86859703,22.5],[-73.86530662,22.50880647],[-73.86433446,22.51611078],[-73.85606456,22.53517938],[-73.84975541,22.53966665],[-73.84542716,22.54042244],[-73.83758664,22.53425431],[-73.83736014,22.53436255],[-73.83724892,22.53494024],[-73.84290075,22.54116571],[-73.84632981,22.54241121],[-73.84842265,22.54637754],[-73.85719144,22.57379043],[-73.85835958,22.58351326],[-73.86188138,22.59174824],[-73.86917055,22.62576807],[-73.86837316,22.63146925],[-73.87154174,22.65240347],[-73.87061715,22.66375494],[-73.87196505,22.66484034],[-73.87368786,22.66394865],[-73.87814295,22.66923177],[-73.87764645,22.66524684],[-73.88033414,22.66328776],[-73.88299978,22.66364431],[-73.88420582,22.66153085],[-73.87918091,22.6624639],[-73.87813914,22.65668893],[-73.88136017,22.65575731],[-73.88505793,22.65778554],[-73.88813448,22.65686476],[-73.89053345,22.65785456],[-73.89810896,22.65374804],[-73.90133893,22.65372705],[-73.90503788,22.65850806],[-73.90534306,22.66123533],[-73.90893817,22.66627777],[-73.90906155,22.66936624],[-73.91062605,22.67065406],[-73.90863597,22.67168725],[-73.90855396,22.67605102],[-73.90581334,22.67578125],[-73.90634203,22.6780889],[-73.90531456,22.68043506],[-73.90540123,22.68092811],[-73.90773213,22.68103862],[-73.91160035,22.67721891],[-73.91230154,22.68147862],[-73.91213357,22.68202674],[-73.91102946,22.68265033],[-73.90773094,22.68267262],[-73.90324032,22.68091714],[-73.90262485,22.68815947],[-73.90475225,22.68842661],[-73.91142964,22.68473935],[-73.91282642,22.68550026],[-73.91339505,22.68925595],[-73.91322923,22.68962562],[-73.91137588,22.69222367],[-73.90966725,22.69142711],[-73.90788805,22.69245815],[-73.90683126,22.69580901],[-73.9031682,22.69539857],[-73.90383434,22.69980895],[-73.90050125,22.6994307],[-73.90088916,22.69741261],[-73.90079296,22.69730544],[-73.89889181,22.69770253],[-73.89215434,22.68415725],[-73.88819385,22.6840893],[-73.88960862,22.67949235],[-73.8927319,22.67789185],[-73.88852656,22.67679155],[-73.89000344,22.67451978],[-73.88882256,22.67376375],[-73.88565815,22.67786336],[-73.88529885,22.67725241],[-73.88693631,22.67306721],[-73.89093995,22.67159915],[-73.88938987,22.66969371],[-73.89272165,22.6660279],[-73.89267516,22.66576242],[-73.89134133,22.66637003],[-73.88987458,22.66423404],[-73.88915455,22.66409791],[-73.88404763,22.66562808],[-73.88359821,22.66604304],[-73.87801623,22.67365801],[-73.87762725,22.67498004],[-73.87795985,22.67578125],[-73.87800264,22.67578125],[-73.8809936,22.68181968],[-73.88102555,22.68903446],[-73.87919605,22.69066107],[-73.87737656,22.69736004],[-73.87399721,22.69895887],[-73.87383235,22.69933164],[-73.87406325,22.69989026],[-73.87542105,22.70123816]],[[-73.84828031,21.69406211],[-73.84729314,21.69103336],[-73.84708846,21.69122934],[-73.84638464,21.69303131],[-73.84808993,21.69419634],[-73.84828031,21.69406211]],[[-73.87786484,22.72612381],[-73.88248563,22.72367001],[-73.87992585,22.72358441],[-73.87788284,22.72232783],[-73.87770784,22.72204626],[-73.87771654,22.71929896],[-73.88052154,22.71640861],[-73.88108146,22.71615732],[-73.88897324,22.71561694],[-73.88864982,22.71300375],[-73.89035237,22.70710754],[-73.88980007,22.70638454],[-73.88874733,22.70602191],[-73.88846028,22.70623064],[-73.88838685,22.70834506],[-73.88797474,22.70837843],[-73.88732803,22.70550895],[-73.88700855,22.70538497],[-73.88510335,22.70585418],[-73.87967825,22.70761716],[-73.87198925,22.71414614],[-73.87112713,22.71613967],[-73.87182307,22.71945608],[-73.87019944,22.72147202],[-73.87111604,22.72626567],[-73.87100053,22.72737324],[-73.87139356,22.72744083],[-73.87786484,22.72612381]],[[-73.88487291,22.70069325],[-73.88438177,22.69893467],[-73.88400185,22.69896436],[-73.88240445,22.70023084],[-73.88221621,22.70089185],[-73.88272536,22.70221043],[-73.88362241,22.70243967],[-73.88463616,22.70168161],[-73.88487291,22.70069325]],[[-73.91669965,22.72312951],[-73.91859496,22.72352517],[-73.91909134,22.72249854],[-73.91900325,22.72215772],[-73.91521847,22.72105098],[-73.91345263,22.72152507],[-73.91399753,22.72296381],[-73.91669965,22.72312951]],[[-73.92778885,22.72116804],[-73.92838776,22.72140896],[-73.93172336,22.72062945],[-73.93183732,22.72022235],[-73.92835045,22.71920347],[-73.92797887,22.71933091],[-73.92728424,22.72001398],[-73.92726922,22.72054112],[-73.92778885,22.72116804]],[[-73.93577564,22.72318804],[-73.93737614,22.72420394],[-73.93801212,22.72438991],[-73.93867493,22.72373188],[-73.93747234,22.72245347],[-73.93581533,22.72267306],[-73.93577564,22.72318804]],[[-74.34956396,22.83082092],[-74.34973943,22.82877386],[-74.34382248,22.82018137],[-74.34291601,22.81379998],[-74.34028113,22.80872846],[-74.34138048,22.80456615],[-74.33709288,22.79897845],[-74.33593905,22.79354668],[-74.32962286,22.78138936],[-74.3189435,22.76965165],[-74.30340004,22.76212597],[-74.29016364,22.7430768],[-74.28852022,22.74035335],[-74.28585064,22.7341187],[-74.28533685,22.73246145],[-74.28404975,22.72043467],[-74.28406227,22.71971536],[-74.28582287,22.7064079],[-74.28934002,22.69239116],[-74.28933954,22.69207585],[-74.28791606,22.68767166],[-74.28533554,22.68602681],[-74.2828325,22.68579781],[-74.28020728,22.6864953],[-74.27986991,22.68677068],[-74.28104591,22.68827415],[-74.27142727,22.68789422],[-74.26810861,22.68948031],[-74.26194096,22.69679797],[-74.26067042,22.70135665],[-74.25844955,22.70291352],[-74.25816727,22.70521355],[-74.25784874,22.70550394],[-74.25379336,22.70627522],[-74.25145567,22.70482755],[-74.25112581,22.70493615],[-74.25087261,22.70717537],[-74.24732435,22.70762563],[-74.24750841,22.71275461],[-74.24228406,22.71449697],[-74.24186444,22.71502686],[-74.24011326,22.71911752],[-74.24405086,22.72346675],[-74.24329972,22.72356463],[-74.23901701,22.71851921],[-74.24016631,22.71470237],[-74.24374437,22.71257997],[-74.24377692,22.70219207],[-74.2452476,22.69978166],[-74.24542093,22.69646144],[-74.24211025,22.69701636],[-74.2365427,22.70219445],[-74.23724091,22.70887196],[-74.23429775,22.7088598],[-74.23281503,22.70636666],[-74.2301898,22.70540202],[-74.22812176,22.70795476],[-74.22612464,22.70383477],[-74.22669745,22.70262492],[-74.22917342,22.70268333],[-74.22938514,22.7012645],[-74.22303092,22.70166755],[-74.22206795,22.69457912],[-74.22342205,22.69347358],[-74.22316134,22.69107127],[-74.22697675,22.69187236],[-74.22983718,22.68948996],[-74.22546041,22.68689024],[-74.22393286,22.68473136],[-74.22316062,22.68426847],[-74.22131944,22.68428135],[-74.22029412,22.68533945],[-74.21952605,22.69246984],[-74.21819544,22.69548607],[-74.21602523,22.69577646],[-74.21662521,22.69954705],[-74.21428955,22.70181978],[-74.21259272,22.69345534],[-74.21118486,22.69598842],[-74.21200216,22.70032155],[-74.20986462,22.69936252],[-74.20990884,22.69690466],[-74.20595455,22.68720365],[-74.20373476,22.68529797],[-74.19651914,22.68422234],[-74.18999004,22.68487275],[-74.18896532,22.68280554],[-74.18488193,22.68663156],[-74.18437541,22.68673694],[-74.18282163,22.68540943],[-74.18244922,22.68405378],[-74.18455148,22.68327343],[-74.18529046,22.68095708],[-74.18959343,22.67894948],[-74.19001985,22.67888474],[-74.1894989,22.68194687],[-74.19040215,22.68239546],[-74.19073856,22.68210065],[-74.19223428,22.67845654],[-74.18920541,22.67646635],[-74.18819988,22.67652524],[-74.1796875,22.68191958],[-74.17924798,22.68218291],[-74.17490005,22.67899275],[-74.17666721,22.67578125],[-74.17609632,22.67248011],[-74.17570257,22.67242515],[-74.17415953,22.67327976],[-74.17243254,22.67578125],[-74.17158425,22.68007565],[-74.17120028,22.67991972],[-74.16902053,22.67511272],[-74.16915071,22.6743232],[-74.17250085,22.67045975],[-74.17677486,22.66728985],[-74.17683077,22.6670053],[-74.17616844,22.66528058],[-74.17316377,22.66323781],[-74.17223191,22.66303778],[-74.16931808,22.6630342],[-74.16840637,22.66326225],[-74.16542625,22.66494584],[-74.16522312,22.66518044],[-74.16636574,22.66669297],[-74.16662633,22.66866446],[-74.16590214,22.66979265],[-74.16032183,22.66833162],[-74.14989555,22.67094195],[-74.14632463,22.67490053],[-74.13434803,22.67910302],[-74.13419294,22.67717636],[-74.12929666,22.67736805],[-74.12616074,22.68089437],[-74.11999655,22.68578756],[-74.11273897,22.69063425],[-74.1115787,22.69049776],[-74.11060715,22.68985975],[-74.11046457,22.68915415],[-74.11036897,22.68543148],[-74.11051953,22.68474865],[-74.11471105,22.67940104],[-74.10350227,22.67483795],[-74.10335267,22.66779375],[-74.10425937,22.66419482],[-74.10580444,22.6630609],[-74.10169876,22.6605916],[-74.09842324,22.65964556],[-74.09708774,22.65986776],[-74.09501076,22.66196203],[-74.08737886,22.66262317],[-74.07948053,22.66521525],[-74.07735562,22.66707563],[-74.07426834,22.6733458],[-74.07116556,22.67578125],[-74.06192136,22.68440545],[-74.0615617,22.68459117],[-74.04940593,22.68646955],[-74.04194212,22.70211196],[-74.03871608,22.70341218],[-74.03636897,22.70738852],[-74.03205681,22.70809674],[-74.02608764,22.71257496],[-74.0188148,22.71230245],[-74.01561034,22.71507216],[-74.00448465,22.71782267],[-74.00387275,22.71843982],[-74.00383484,22.71938193],[-74.00873804,22.71918714],[-74.02078915,22.7210114],[-74.03574252,22.72425544],[-74.03741455,22.72353435],[-74.04156351,22.72411931],[-74.04199553,22.7242645],[-74.05290174,22.72940981],[-74.06232405,22.73227108],[-74.07260382,22.74228025],[-74.07315695,22.74241674],[-74.0858438,22.74114895],[-74.09467816,22.74379134],[-74.09775925,22.74280965],[-74.10317683,22.74358535],[-74.10372758,22.74330652],[-74.10387182,22.74068856],[-74.10252261,22.73958516],[-74.10271204,22.73826456],[-74.10756397,22.73086655],[-74.11060536,22.7285881],[-74.11284614,22.73033094],[-74.11280954,22.73317063],[-74.11061835,22.73457623],[-74.11081457,22.73706055],[-74.12757325,22.73780286],[-74.13142407,22.73964405],[-74.13268006,22.73891342],[-74.13081324,22.73605025],[-74.13037884,22.73054636],[-74.1346544,22.72730374],[-74.13995826,22.72745872],[-74.14604795,22.7321316],[-74.15116096,22.73449945],[-74.15425694,22.73819745],[-74.15468657,22.74021566],[-74.15220857,22.74200368],[-74.15500963,22.74562836],[-74.15487945,22.74831486],[-74.15609884,22.74951792],[-74.16255951,22.74944913],[-74.16502094,22.75061512],[-74.16447234,22.75257838],[-74.16580927,22.75348127],[-74.16834557,22.75047886],[-74.17092311,22.75237513],[-74.17090786,22.75542581],[-74.17496395,22.75643778],[-74.17559004,22.75391746],[-74.17439735,22.75117624],[-74.17625952,22.74915445],[-74.17843854,22.74839187],[-74.1796875,22.74860477],[-74.18135047,22.74812126],[-74.1873852,22.75020015],[-74.18836415,22.75060058],[-74.19218087,22.75375426],[-74.19593155,22.75765705],[-74.19881594,22.76186013],[-74.19926286,22.76289523],[-74.20021105,22.76696384],[-74.19788206,22.76806855],[-74.19757748,22.76966512],[-74.21660912,22.79530823],[-74.22305632,22.79690278],[-74.22322965,22.79705667],[-74.22178745,22.80064726],[-74.22704434,22.80492425],[-74.2308073,22.80715287],[-74.23389375,22.80818105],[-74.23697138,22.80828452],[-74.24241245,22.80722821],[-74.25735533,22.81664491],[-74.26386011,22.81418931],[-74.26582456,22.81570995],[-74.27022314,22.81559873],[-74.28842795,22.82490635],[-74.29773152,22.83283865],[-74.30014944,22.83391726],[-74.30528855,22.83649552],[-74.31983531,22.83781636],[-74.32342374,22.83483815],[-74.32626712,22.83429492],[-74.34682345,22.83344126],[-74.34956396,22.83082092]],[[-74.01121354,22.69073296],[-74.00877345,22.69229674],[-74.00528288,22.69567203],[-74.00771916,22.69930065],[-74.00790167,22.69946587],[-74.01107705,22.70092821],[-74.01128626,22.70054388],[-74.01537645,22.69825423],[-74.01552033,22.69786108],[-74.01436746,22.69519246],[-74.01587713,22.69372702],[-74.01577008,22.69330275],[-74.01483083,22.69153214],[-74.01261651,22.69064391],[-74.01121354,22.69073296]],[[-74.01924706,22.67435825],[-74.02256334,22.67497337],[-74.02319872,22.67457223],[-74.02362621,22.67183948],[-74.02085316,22.66963935],[-74.02004254,22.66546583],[-74.01307404,22.66698527],[-74.01100576,22.667997],[-74.00973105,22.66934395],[-74.01033425,22.67068994],[-74.01089036,22.67141175],[-74.01730824,22.67276681],[-74.01924706,22.67435825]],[[-74.01797426,22.70069814],[-74.01677597,22.70136285],[-74.01548266,22.70260417],[-74.01381195,22.7060703],[-74.0141803,22.70738065],[-74.01808155,22.70602024],[-74.01890326,22.70851874],[-74.02126658,22.70830905],[-74.02082753,22.70062804],[-74.01797426,22.70069814]],[[-74.01726246,22.68846142],[-74.01727295,22.6862421],[-74.01416934,22.68664706],[-74.0163064,22.68925023],[-74.01726246,22.68846142]],[[-74.04334438,22.65804803],[-74.04242766,22.65714705],[-74.04051316,22.657552],[-74.03934026,22.65455735],[-74.03506935,22.65673006],[-74.03275776,22.65560615],[-74.02898455,22.65836668],[-74.02925646,22.66304874],[-74.03083706,22.66467214],[-74.03815377,22.66231275],[-74.03862154,22.66236615],[-74.04111505,22.66464043],[-74.04288423,22.66487956],[-74.04427326,22.66268861],[-74.04610384,22.66154504],[-74.04614675,22.66105151],[-74.04587805,22.66077042],[-74.04251492,22.66114688],[-74.04073346,22.66030705],[-74.04065824,22.65941215],[-74.04321086,22.65928161],[-74.04334438,22.65804803]],[[-74.10134494,22.37427533],[-74.10082364,22.3741039],[-74.10033941,22.37417448],[-74.0989722,22.37495375],[-74.10182321,22.38362992],[-74.09984016,22.38885427],[-74.10132766,22.39080143],[-74.10388994,22.38856411],[-74.10528386,22.3853147],[-74.10236585,22.38093531],[-74.10138166,22.37847781],[-74.10134494,22.37427533]],[[-74.16929305,22.31712294],[-74.16777837,22.31515861],[-74.1671921,22.31508422],[-74.16199386,22.31791675],[-74.16077185,22.31975496],[-74.16148305,22.32120764],[-74.16785753,22.3192749],[-74.16931987,22.31757545],[-74.16929305,22.31712294]],[[-74.19537318,22.65935922],[-74.1943469,22.65688884],[-74.20046985,22.65897298],[-74.20212805,22.65809238],[-74.20220697,22.65779531],[-74.20084882,22.65493214],[-74.19888055,22.65427244],[-74.19733596,22.65205956],[-74.19652093,22.65184855],[-74.19279838,22.65323901],[-74.19208944,22.65331256],[-74.18839705,22.65290678],[-74.18588924,22.65531111],[-74.18681991,22.65745592],[-74.19037235,22.65727365],[-74.19249845,22.6578325],[-74.19280696,22.65796113],[-74.19512677,22.66050625],[-74.19580924,22.65999842],[-74.19537318,22.65935922]],[[-74.20139134,22.66090715],[-74.20022964,22.66077375],[-74.19733191,22.66185975],[-74.19581985,22.66336322],[-74.20006216,22.6705662],[-74.20077658,22.66984856],[-74.19978225,22.66656566],[-74.20122135,22.66561413],[-74.2008779,22.66383481],[-74.20259655,22.66194141],[-74.20139134,22.66090715]],[[-74.20629323,22.67562926],[-74.20128036,22.67084324],[-74.20042145,22.67366648],[-74.20233965,22.67578125],[-74.20296383,22.67578125],[-74.20300758,22.67592323],[-74.20460963,22.67783785],[-74.20525265,22.67797875],[-74.20578587,22.67769933],[-74.20628893,22.67578125],[-74.20626605,22.67578125],[-74.20629323,22.67562926]],[[-74.22522581,22.45723176],[-74.22523785,22.45996594],[-74.23014462,22.46519923],[-74.23074496,22.46550715],[-74.2312299,22.46493912],[-74.23148084,22.46130466],[-74.23146725,22.46103954],[-74.22954845,22.45965326],[-74.23013973,22.45761132],[-74.22869945,22.45611358],[-74.22641611,22.45595276],[-74.22581208,22.45627022],[-74.22522581,22.45723176]],[[-74.23418915,22.41092026],[-74.23465848,22.41102254],[-74.23597431,22.40902662],[-74.23590195,22.40809262],[-74.23469996,22.40659523],[-74.23422217,22.40679204],[-74.23227584,22.40920675],[-74.23418915,22.41092026]],[[-74.25272083,22.49518526],[-74.25358736,22.49528623],[-74.25508976,22.49419725],[-74.25599766,22.49207973],[-74.24865353,22.48333216],[-74.24594796,22.48166323],[-74.24428284,22.48433065],[-74.24393666,22.48816204],[-74.24846661,22.49387205],[-74.25272083,22.49518526]],[[-74.27895415,22.67521477],[-74.27946401,22.67368162],[-74.27932048,22.67344081],[-74.27729106,22.67218482],[-74.27693951,22.67234182],[-74.27650332,22.6736927],[-74.27671111,22.6740154],[-74.27850425,22.6750108],[-74.27895415,22.67521477]],[[-74.36117542,22.56037545],[-74.35251963,22.57382441],[-74.35217333,22.57426143],[-74.34836376,22.57715714],[-74.34439194,22.57845366],[-74.33315766,22.59119737],[-74.32446384,22.59476435],[-74.32068431,22.60255754],[-74.31503725,22.60950541],[-74.31338406,22.61424816],[-74.30687344,22.61983693],[-74.30018938,22.63152516],[-74.29970896,22.63179398],[-74.29704082,22.63197565],[-74.29689562,22.63212144],[-74.29107285,22.64832044],[-74.28292656,22.66059005],[-74.28163135,22.66347885],[-74.28162944,22.66411436],[-74.28368711,22.66651988],[-74.28404725,22.66664696],[-74.28778601,22.66698873],[-74.29107535,22.66160881],[-74.29683685,22.64689803],[-74.30528653,22.63601434],[-74.31056035,22.62628984],[-74.31412673,22.62260401],[-74.32873941,22.61135733],[-74.34471238,22.60430098],[-74.35533535,22.59760952],[-74.3724879,22.58016574],[-74.37900794,22.56761265],[-74.37875688,22.56097186],[-74.38166225,22.55451286],[-74.38061571,22.54980171],[-74.3816781,22.54434228],[-74.37862027,22.54047215],[-74.37253106,22.54104555],[-74.36577857,22.54622114],[-74.36244726,22.55288005],[-74.36117542,22.56037545]],[[-74.28276813,22.67578125],[-74.28291535,22.67619705],[-74.28422666,22.67971766],[-74.28547728,22.68042815],[-74.28798366,22.67759955],[-74.28851163,22.67578125],[-74.28841805,22.67578125],[-74.28841841,22.67446995],[-74.28709114,22.67389035],[-74.28589606,22.67401695],[-74.28270745,22.67525506],[-74.28267956,22.67578125],[-74.28276813,22.67578125]],[[-74.28687286,22.52528524],[-74.28749251,22.52549756],[-74.29079986,22.52526116],[-74.29296935,22.52570593],[-74.29537368,22.52433264],[-74.29563451,22.51971304],[-74.29363954,22.51658475],[-74.28870678,22.51514363],[-74.28801584,22.51522291],[-74.28632176,22.51670456],[-74.2861222,22.51719522],[-74.28543091,22.52302027],[-74.28687286,22.52528524]],[[-74.28680217,22.67032826],[-74.28887081,22.67212355],[-74.29046464,22.66988373],[-74.29035747,22.66894245],[-74.28957164,22.66857696],[-74.28680217,22.67032826]],[[-74.29419756,22.14171648],[-74.29503036,22.13951945],[-74.2946279,22.13955033],[-74.2911005,22.14359105],[-74.29419756,22.14171648]],[[-74.32941866,22.12425864],[-74.32580245,22.12374926],[-74.32500625,22.12393153],[-74.32300687,22.12491405],[-74.31647336,22.12884855],[-74.30746806,22.12521052],[-74.30449164,22.12509334],[-74.30482662,22.12714732],[-74.3033725,22.13071096],[-74.29944396,22.13128972],[-74.29792607,22.13507605],[-74.29872155,22.13592052],[-74.30611181,22.13286853],[-74.30900204,22.13233125],[-74.31287777,22.13253343],[-74.31591153,22.13614655],[-74.31619823,22.13627315],[-74.32051694,22.13576984],[-74.32116187,22.13550377],[-74.33007801,22.12858105],[-74.32978904,22.12453854],[-74.32941866,22.12425864]],[[-74.36090684,22.84617555],[-74.36062264,22.84553921],[-74.35904467,22.8443979],[-74.36008346,22.84711075],[-74.36064458,22.84748566],[-74.36090684,22.84617555]],[[-74.46037757,24.12120914],[-74.46511793,24.11972892],[-74.47453451,24.12091231],[-74.47662234,24.11823368],[-74.48028326,24.11642277],[-74.48605466,24.11582196],[-74.50718606,24.12049067],[-74.50762224,24.12029445],[-74.50771976,24.11871946],[-74.5136404,24.11142802],[-74.52041638,24.10703194],[-74.51938403,24.10521281],[-74.52088833,24.09974897],[-74.52998495,24.08471036],[-74.52759981,24.08427036],[-74.52697611,24.08355534],[-74.5263133,24.08205426],[-74.52636707,24.08203125],[-74.52655125,24.07845414],[-74.52732885,24.07719255],[-74.53066313,24.07345915],[-74.53353441,24.07118475],[-74.53508341,24.07006347],[-74.53779495,24.06944501],[-74.53910756,24.06638491],[-74.53910553,24.06531692],[-74.53742051,24.05872285],[-74.53774667,24.05428624],[-74.53506827,24.05115354],[-74.53190017,24.04960537],[-74.53041816,24.0441637],[-74.52807248,24.04222906],[-74.5256896,24.03678215],[-74.5249294,24.03146911],[-74.52587044,24.02068996],[-74.52435601,24.02075613],[-74.52474713,24.01774144],[-74.52596176,24.01455212],[-74.52970421,24.01067615],[-74.52929831,24.00927973],[-74.53226805,24.00776827],[-74.53836048,24.00069666],[-74.5399276,23.99640846],[-74.53968418,23.99373591],[-74.54384041,23.98756385],[-74.54795373,23.97311187],[-74.55216777,23.96821642],[-74.55129111,23.96739805],[-74.54803824,23.96975541],[-74.55274308,23.96622395],[-74.55288696,23.96608007],[-74.55567777,23.96139705],[-74.55860603,23.95942724],[-74.55900824,23.9588418],[-74.55982494,23.95485437],[-74.56282175,23.95355296],[-74.56872606,23.94709587],[-74.56962073,23.94534338],[-74.569543,23.94488633],[-74.56819117,23.94318795],[-74.56268513,23.94154727],[-74.55063462,23.94945836],[-74.53198445,23.95393085],[-74.53125,23.95396197],[-74.52586794,23.95321095],[-74.52202535,23.94821393],[-74.51664507,23.94621932],[-74.49241233,23.94679296],[-74.48616958,23.94903028],[-74.48588705,23.94943392],[-74.48556232,23.95057845],[-74.48567414,23.95110047],[-74.48827994,23.95499575],[-74.48845983,23.95596194],[-74.48842776,23.95965934],[-74.48816442,23.96056807],[-74.48537958,23.96261382],[-74.48844552,23.96427917],[-74.48590398,23.96951485],[-74.48921132,23.97299504],[-74.48508191,23.98202717],[-74.48486614,23.98485112],[-74.48181617,23.98711443],[-74.47989726,23.99039626],[-74.47975886,23.99331725],[-74.47628021,24.00199425],[-74.47607565,24.00237787],[-74.47193205,24.00812066],[-74.47066808,24.00804341],[-74.46923387,24.01258278],[-74.46757901,24.01293576],[-74.46543968,24.01061225],[-74.46054745,24.01105082],[-74.46145415,24.00967157],[-74.45989692,24.00840127],[-74.46513915,24.00551891],[-74.46597481,24.00348747],[-74.46438682,24.00209153],[-74.46476936,24.00126851],[-74.4676789,24.00187361],[-74.47071207,23.99772155],[-74.4757241,23.99493682],[-74.47922015,23.98962772],[-74.4799602,23.98476756],[-74.48217094,23.98369622],[-74.48300505,23.97961903],[-74.48680353,23.97415912],[-74.484905,23.96875668],[-74.48656857,23.96579123],[-74.48517764,23.96420062],[-74.47943342,23.96455634],[-74.47745836,23.96888435],[-74.47523141,23.97062004],[-74.47610128,23.98045957],[-74.47169435,23.99009335],[-74.46613145,23.9946202],[-74.46184945,23.99472678],[-74.46000958,23.99240005],[-74.45904314,23.99280477],[-74.45547712,24.01182556],[-74.454409,24.01235282],[-74.45496762,24.01326478],[-74.45151401,24.01860285],[-74.44607365,24.03166783],[-74.44348061,24.03586221],[-74.43759596,24.03488016],[-74.43299544,24.04226625],[-74.43930423,24.04209316],[-74.44072354,24.04440153],[-74.44113696,24.04813385],[-74.44057751,24.05142164],[-74.43579805,24.06134295],[-74.43270004,24.06137335],[-74.42982936,24.05975211],[-74.42785096,24.06469834],[-74.42895496,24.06567144],[-74.42900205,24.06844831],[-74.43243146,24.06754553],[-74.43478167,24.07045186],[-74.43581712,24.08115435],[-74.43634033,24.08203125],[-74.43648088,24.08203125],[-74.43842387,24.09087455],[-74.44023955,24.09412265],[-74.44109893,24.10198092],[-74.44959414,24.11456776],[-74.44964731,24.11951256],[-74.44820213,24.12151253],[-74.45220816,24.12132061],[-74.45501494,24.12298095],[-74.45551133,24.12332165],[-74.45689404,24.1262089],[-74.45608473,24.13039565],[-74.45745027,24.1310606],[-74.45918655,24.12882757],[-74.45793331,24.12321806],[-74.46037757,24.12120914]],[[-74.47892988,23.94762063],[-74.47798645,23.94745052],[-74.47685325,23.94837236],[-74.47454154,23.94754601],[-74.47337592,23.94874108],[-74.47306955,23.94933963],[-74.47300494,23.94982421],[-74.47347331,23.95066941],[-74.47470117,23.95218122],[-74.47520053,23.95238996],[-74.47546327,23.95071566],[-74.47582757,23.95051634],[-74.47830367,23.9503237],[-74.47904944,23.94832754],[-74.47892988,23.94762063]],[[-74.47540545,23.94674861],[-74.47772348,23.94479501],[-74.47754455,23.94331753],[-74.4747473,23.94317007],[-74.47435451,23.94335103],[-74.47396147,23.94474685],[-74.47422183,23.94587994],[-74.47540545,23.94674861]],[[-74.47721934,24.16021764],[-74.47653615,24.15878904],[-74.47598505,24.15892112],[-74.47508132,24.16017175],[-74.47518611,24.16111851],[-74.47621977,24.16176117],[-74.47686875,24.16185391],[-74.47747695,24.16133273],[-74.47721934,24.16021764]],[[-74.48283267,23.93617594],[-74.48146605,23.93472636],[-74.48109877,23.93477345],[-74.48051465,23.93652451],[-74.47845233,23.93749034],[-74.47902536,23.94137216],[-74.48115385,23.94095707],[-74.48282874,23.93822396],[-74.48283267,23.93617594]],[[-74.49567056,22.12306857],[-74.49716795,22.11813307],[-74.49680877,22.11819935],[-74.49287236,22.12187982],[-74.49321985,22.12293434],[-74.49450743,22.12328434],[-74.49567056,22.12306857]],[[-74.51084507,24.13814521],[-74.51047206,24.13741195],[-74.50960088,24.13752306],[-74.5055598,24.14093375],[-74.50537801,24.14172125],[-74.50616646,24.14196491],[-74.50683415,24.14204431],[-74.51027131,24.13975942],[-74.51084507,24.13814521]],[[-74.52966964,22.08744061],[-74.52929163,22.08719385],[-74.52462184,22.08771467],[-74.52364063,22.08828342],[-74.521896,22.09209526],[-74.51807857,22.09428585],[-74.51743007,22.09612715],[-74.51860142,22.09707546],[-74.52511382,22.09580374],[-74.52562988,22.09566927],[-74.53032625,22.09299564],[-74.53125,22.09207594],[-74.5314908,22.09137833],[-74.53125,22.09012282],[-74.52966964,22.08744061]],[[-74.53531313,22.14155924],[-74.53354752,22.14135754],[-74.53125,22.14257813],[-74.52981734,22.14327931],[-74.52956045,22.14444435],[-74.52981424,22.14494145],[-74.53125,22.14536834],[-74.53530133,22.14195776],[-74.53531313,22.14155924]],[[-74.83741593,23.71253192],[-74.84035111,23.71261156],[-74.84411156,23.70872116],[-74.85232103,23.70793962],[-74.86134422,23.70516324],[-74.86555755,23.70181525],[-74.86779904,23.70181048],[-74.86798763,23.69960475],[-74.87112534,23.69829655],[-74.8828125,23.69734216],[-74.88984394,23.69759977],[-74.89179063,23.69615531],[-74.89681005,23.69636774],[-74.89802384,23.69383681],[-74.90061557,23.69215345],[-74.92387724,23.68874216],[-74.92244244,23.68428457],[-74.92594945,23.68081164],[-74.92688382,23.68020785],[-74.93502724,23.67697883],[-74.94293165,23.67710424],[-74.94476342,23.67668855],[-74.94639456,23.67588556],[-74.94683921,23.67548335],[-74.94965935,23.67132533],[-74.9505676,23.66983855],[-74.95062411,23.66587472],[-74.95056975,23.66480625],[-74.94803035,23.66261375],[-74.94623923,23.65413332],[-74.94260764,23.65059865],[-74.93926287,23.65127516],[-74.93225384,23.65510535],[-74.92046261,23.65597725],[-74.91519642,23.65847421],[-74.91008866,23.65850997],[-74.90026498,23.65689635],[-74.89628911,23.65364325],[-74.8828125,23.65792406],[-74.8828125,23.65820313],[-74.87465882,23.66060936],[-74.87270725,23.65964341],[-74.87018824,23.66029954],[-74.86978376,23.66021705],[-74.86502147,23.65818286],[-74.86385894,23.65734875],[-74.86025357,23.65415347],[-74.86049128,23.65188026],[-74.84916353,23.65127027],[-74.83700275,23.64481032],[-74.83432758,23.6428436],[-74.83365858,23.64167094],[-74.83272231,23.63487995],[-74.83226502,23.63476205],[-74.81620312,23.64045441],[-74.81324935,23.64296711],[-74.81118858,23.64205694],[-74.8078742,23.64267516],[-74.80827117,23.64613593],[-74.80481255,23.65165102],[-74.80230212,23.65274656],[-74.79988706,23.65042365],[-74.79877973,23.65014482],[-74.79825652,23.6507796],[-74.79795182,23.65142965],[-74.79725134,23.66106772],[-74.79510915,23.66572666],[-74.79390037,23.67267716],[-74.79220605,23.67473745],[-74.79291844,23.68266451],[-74.79125297,23.68562984],[-74.79124951,23.69015753],[-74.79221475,23.69608653],[-74.79598224,23.70223486],[-74.79491055,23.70407915],[-74.80219185,23.70859301],[-74.80325854,23.70891106],[-74.80904532,23.70893764],[-74.80984557,23.70819426],[-74.81960893,23.71032667],[-74.82179356,23.70825315],[-74.82892728,23.70766485],[-74.82947815,23.70777631],[-74.83103228,23.70940471],[-74.82986963,23.71116793],[-74.83005178,23.71148705],[-74.83061814,23.71182895],[-74.83219993,23.71200144],[-74.83741593,23.71253192]],[[-74.82079697,23.71265864],[-74.82030165,23.71199131],[-74.81659067,23.71099365],[-74.81687987,23.71218693],[-74.81744647,23.71242094],[-74.8199954,23.71282065],[-74.82079697,23.71265864]],[[-75.29028165,23.64765131],[-75.29589677,23.65746152],[-75.30511844,23.66635716],[-75.30645788,23.66603661],[-75.30586565,23.66242385],[-75.30848324,23.66341436],[-75.30973935,23.66099846],[-75.31142116,23.66246104],[-75.31019688,23.66440988],[-75.3116461,23.66621923],[-75.31154788,23.66831863],[-75.30755675,23.66690338],[-75.30691206,23.66773677],[-75.31522357,23.67335606],[-75.3155508,23.67366147],[-75.32792735,23.68620455],[-75.32878804,23.68621612],[-75.33015776,23.68548596],[-75.33566856,23.67970002],[-75.34684455,23.67478692],[-75.34696782,23.67433405],[-75.34643924,23.67342412],[-75.34443712,23.67317236],[-75.34030795,23.67063296],[-75.33982694,23.66943824],[-75.3396126,23.66550803],[-75.34397542,23.66003382],[-75.3434422,23.65883625],[-75.33743072,23.65973675],[-75.33495486,23.65883875],[-75.33447814,23.65997052],[-75.33625734,23.66363502],[-75.33399355,23.66597855],[-75.3282727,23.66354024],[-75.32766235,23.66111183],[-75.33369362,23.65871823],[-75.33093822,23.65368414],[-75.3325479,23.64595616],[-75.33650315,23.63649917],[-75.34590805,23.6255908],[-75.34409153,23.62121403],[-75.34602356,23.61218703],[-75.34354424,23.61309814],[-75.34170854,23.61930704],[-75.34012425,23.61935794],[-75.33867645,23.61588693],[-75.33666945,23.61510181],[-75.3363651,23.61758864],[-75.33856297,23.62143791],[-75.34087265,23.62284923],[-75.33310533,23.62789297],[-75.32702255,23.63459337],[-75.31895935,23.65179276],[-75.31811595,23.65172446],[-75.31722712,23.64985967],[-75.3187288,23.64229703],[-75.32226133,23.63969254],[-75.32633924,23.63240433],[-75.33041108,23.63019764],[-75.33159244,23.62793064],[-75.33663094,23.62409341],[-75.33663845,23.62144601],[-75.33363676,23.6164819],[-75.3336364,23.61393344],[-75.33011055,23.61502278],[-75.33036137,23.61767304],[-75.32880771,23.61935985],[-75.32841265,23.61668873],[-75.3260951,23.61565113],[-75.32506013,23.62085533],[-75.32258344,23.62308013],[-75.32090664,23.62233317],[-75.31523693,23.62475503],[-75.31186557,23.63047135],[-75.31195176,23.63306332],[-75.31001031,23.63114011],[-75.30729997,23.63101292],[-75.30425775,23.63565254],[-75.30046141,23.62097454],[-75.30363715,23.61745822],[-75.30649996,23.61728322],[-75.30386901,23.61526418],[-75.30613816,23.61221671],[-75.3044126,23.60576868],[-75.30554044,23.59822893],[-75.32079017,23.56630838],[-75.31919706,23.56568062],[-75.31705642,23.56857085],[-75.30845046,23.57400918],[-75.30715084,23.57519865],[-75.30231452,23.58081985],[-75.3025254,23.58354104],[-75.30172634,23.58508635],[-75.30031085,23.58629572],[-75.29543924,23.58895516],[-75.29066861,23.59037447],[-75.28708971,23.59048927],[-75.28527784,23.59020436],[-75.27873516,23.58705926],[-75.27383196,23.57932734],[-75.27382207,23.57736588],[-75.27657902,23.57415736],[-75.27582836,23.57334053],[-75.27450848,23.57392061],[-75.2743237,23.57363296],[-75.27439725,23.57305706],[-75.27538693,23.57034457],[-75.27625024,23.56950891],[-75.28210855,23.56715643],[-75.2768867,23.56341481],[-75.27641737,23.5611937],[-75.27753246,23.55827105],[-75.27181411,23.5546875],[-75.27144551,23.5546875],[-75.26913226,23.55323183],[-75.25728345,23.54259944],[-75.25481164,23.53858423],[-75.25072217,23.52575123],[-75.25150001,23.52288592],[-75.25319171,23.52225947],[-75.25357592,23.51903367],[-75.25301743,23.51762736],[-75.24990416,23.51686156],[-75.24783874,23.51049995],[-75.25001907,23.50338602],[-75.25745535,23.49273646],[-75.24979961,23.49101377],[-75.24704421,23.48963904],[-75.24485671,23.48790896],[-75.23578191,23.47639322],[-75.234375,23.47544634],[-75.22880006,23.47148097],[-75.22316384,23.46318233],[-75.22292435,23.46249533],[-75.22255063,23.45432186],[-75.22708487,23.45237994],[-75.22957492,23.44938755],[-75.22951496,23.44662094],[-75.22686231,23.44185805],[-75.22704685,23.43496692],[-75.22271502,23.43240213],[-75.21388864,23.43272746],[-75.21173716,23.43189037],[-75.20653164,23.42705345],[-75.20155835,23.41866624],[-75.2015661,23.41200066],[-75.20299625,23.40935636],[-75.20920122,23.40508091],[-75.20780766,23.40405512],[-75.20326102,23.40454555],[-75.20046794,23.40359235],[-75.19618845,23.39872015],[-75.19324291,23.40152526],[-75.18755901,23.40146124],[-75.18529177,23.39936042],[-75.18626726,23.39690447],[-75.18494356,23.39354467],[-75.18189073,23.39035833],[-75.17345274,23.39016664],[-75.16226673,23.38584471],[-75.15579546,23.38105965],[-75.14936495,23.38163853],[-75.14831448,23.38147891],[-75.14511228,23.38022244],[-75.14463842,23.37986946],[-75.14481461,23.37890625],[-75.14484668,23.37731516],[-75.14198172,23.37602246],[-75.14151776,23.37518227],[-75.14122713,23.37156117],[-75.14151323,23.37098086],[-75.1440196,23.36921656],[-75.15072513,23.36883247],[-75.15297115,23.36464834],[-75.15855098,23.3606683],[-75.16096318,23.35763311],[-75.16121101,23.35730064],[-75.16189325,23.35501421],[-75.16154015,23.35429275],[-75.15802825,23.35029805],[-75.15456498,23.35021925],[-75.15424788,23.35032654],[-75.15267634,23.35646832],[-75.14714742,23.36193228],[-75.14673126,23.36211574],[-75.13618767,23.36407554],[-75.13311136,23.36061943],[-75.12866533,23.35170233],[-75.12656665,23.34430361],[-75.12165976,23.33775556],[-75.12228,23.33076561],[-75.11756611,23.3198421],[-75.11978805,23.31467295],[-75.12738013,23.31567395],[-75.12807035,23.31487465],[-75.12583327,23.30960655],[-75.12163424,23.3077569],[-75.11893165,23.30247867],[-75.11964595,23.29805398],[-75.12308264,23.29374015],[-75.12273037,23.29027581],[-75.12158143,23.28947711],[-75.1189059,23.29182374],[-75.11553061,23.29286754],[-75.10994625,23.29224682],[-75.10909474,23.28940535],[-75.1054579,23.28670037],[-75.10416555,23.28418207],[-75.10327423,23.27551854],[-75.10456753,23.27328408],[-75.10829174,23.27319825],[-75.10962963,23.26949823],[-75.11725211,23.26088226],[-75.11858201,23.25973702],[-75.12912142,23.25303078],[-75.13432395,23.24725676],[-75.14015925,23.24486375],[-75.14045131,23.24452925],[-75.14111042,23.242733],[-75.13998163,23.23968875],[-75.12998784,23.24861515],[-75.12905383,23.24887276],[-75.12885046,23.24711704],[-75.12587833,23.24561107],[-75.1265856,23.24317515],[-75.12886703,23.24526775],[-75.13082838,23.24329364],[-75.13008118,23.23539734],[-75.13058281,23.23339105],[-75.13363028,23.2311058],[-75.13432193,23.22667205],[-75.13185585,23.22518337],[-75.13224864,23.22381985],[-75.12868023,23.21840274],[-75.12307632,23.21668625],[-75.12195551,23.21273804],[-75.12475753,23.20690155],[-75.12148845,23.20192325],[-75.12257481,23.2011888],[-75.12569153,23.20441234],[-75.12756777,23.20389891],[-75.13026798,23.20861804],[-75.1315757,23.20939064],[-75.13278985,23.20930481],[-75.13559175,23.2084465],[-75.13774025,23.20475566],[-75.13857961,23.20321083],[-75.14259505,23.20175171],[-75.14352906,23.20003498],[-75.14567685,23.19936812],[-75.14582133,23.19858813],[-75.14566255,23.19806123],[-75.14281225,23.19381475],[-75.13931787,23.19149113],[-75.14033925,23.190382],[-75.13960564,23.18892026],[-75.13613987,23.18680596],[-75.13533831,23.18457067],[-75.13645124,23.18246651],[-75.13471365,23.17759001],[-75.12406361,23.17722046],[-75.11995888,23.17524982],[-75.11926293,23.17142975],[-75.12067425,23.16869116],[-75.11965382,23.16646242],[-75.11827707,23.16847324],[-75.11747336,23.16816354],[-75.11845005,23.16375875],[-75.10419226,23.16219521],[-75.10029411,23.16133904],[-75.09517407,23.15873516],[-75.09234226,23.15669465],[-75.09124947,23.15498054],[-75.09075212,23.15385711],[-75.09112155,23.14967787],[-75.08800721,23.14705694],[-75.08790755,23.14671206],[-75.08776152,23.14550555],[-75.08923566,23.14412868],[-75.08915222,23.14381015],[-75.08699596,23.14124215],[-75.08463383,23.14138567],[-75.08301723,23.13971055],[-75.07692397,23.13841951],[-75.07659352,23.13673782],[-75.07288051,23.13533938],[-75.07339835,23.13382816],[-75.06924176,23.13234115],[-75.06406832,23.12826705],[-75.06357443,23.12520385],[-75.06529975,23.1272161],[-75.06518281,23.12399864],[-75.0634253,23.12356067],[-75.06329501,23.12085247],[-75.06108928,23.11816585],[-75.06006098,23.11049736],[-75.06477392,23.11004031],[-75.0652914,23.11141765],[-75.06371355,23.11281097],[-75.06153023,23.11073303],[-75.06075191,23.11234546],[-75.06227481,23.11836183],[-75.06427693,23.11745822],[-75.06581295,23.12165785],[-75.06554651,23.11432457],[-75.06692684,23.11021292],[-75.06874812,23.1086266],[-75.06908166,23.10869026],[-75.07209492,23.11314344],[-75.07438505,23.11897266],[-75.07918084,23.12462628],[-75.08060944,23.13139224],[-75.08108437,23.13166547],[-75.08542836,23.13092124],[-75.09718084,23.13266695],[-75.10156691,23.13221157],[-75.10278165,23.13083911],[-75.09783614,23.13135481],[-75.09180021,23.12952805],[-75.08379734,23.13012195],[-75.08184016,23.12736166],[-75.08095455,23.12210345],[-75.07992804,23.12341654],[-75.07855678,23.12241554],[-75.07430315,23.11590731],[-75.07340407,23.11124897],[-75.07074523,23.10819316],[-75.06977952,23.09683287],[-75.06131935,23.09304166],[-75.06076872,23.08859897],[-75.0473808,23.08342326],[-75.04752874,23.08321071],[-75.05216825,23.08232296],[-75.05293191,23.08478665],[-75.06181645,23.08320296],[-75.06411445,23.08560717],[-75.06968057,23.08631074],[-75.07187414,23.08978081],[-75.07158434,23.09069526],[-75.06981635,23.09000051],[-75.06984341,23.09251547],[-75.07213652,23.09371805],[-75.07151902,23.09261632],[-75.07245374,23.09230506],[-75.07426035,23.09501922],[-75.07069075,23.09752202],[-75.07131457,23.10224986],[-75.07411087,23.10697854],[-75.07779396,23.10988307],[-75.07920682,23.10950875],[-75.07950366,23.10679674],[-75.08178806,23.10581136],[-75.08313131,23.10631526],[-75.08278847,23.10849321],[-75.08494031,23.10868216],[-75.08428288,23.10579693],[-75.08719695,23.10179961],[-75.08762002,23.10394752],[-75.08651078,23.10521686],[-75.08899856,23.10571837],[-75.09038007,23.11454201],[-75.09525192,23.11656797],[-75.09706306,23.11504745],[-75.09908295,23.10996234],[-75.10232401,23.10856914],[-75.10025644,23.11223412],[-75.10062981,23.11687064],[-75.10942662,23.12716961],[-75.10900867,23.12860096],[-75.10407424,23.13221836],[-75.10542011,23.13354814],[-75.10785246,23.14220893],[-75.11233652,23.14926088],[-75.11814737,23.14999592],[-75.13122094,23.1571151],[-75.13448501,23.1570729],[-75.1369127,23.15911806],[-75.14087451,23.15947926],[-75.14206231,23.16093814],[-75.14368856,23.16052866],[-75.14033937,23.15295255],[-75.13799703,23.15427387],[-75.13117325,23.15404785],[-75.13050795,23.15290654],[-75.12958515,23.15452373],[-75.12575245,23.15126205],[-75.12418425,23.15212274],[-75.1219573,23.14987588],[-75.11439586,23.14862454],[-75.11470413,23.14540625],[-75.11153531,23.14444077],[-75.10715544,23.13237095],[-75.11031401,23.12811625],[-75.11368215,23.13133061],[-75.11488175,23.13418806],[-75.11724424,23.13508725],[-75.12207854,23.14071775],[-75.12570131,23.14272726],[-75.13802266,23.14474976],[-75.13985693,23.14384866],[-75.14173591,23.14444292],[-75.14244807,23.14332271],[-75.14007068,23.14261734],[-75.13519394,23.14393723],[-75.12720597,23.14162183],[-75.12510896,23.13983285],[-75.12413847,23.14077783],[-75.11922955,23.13396955],[-75.11546385,23.13276863],[-75.11442673,23.13096631],[-75.11515224,23.12982464],[-75.11180246,23.12828386],[-75.11501503,23.12391984],[-75.11041594,23.12595141],[-75.11051381,23.12457585],[-75.10816646,23.12367105],[-75.10704196,23.12083745],[-75.10576785,23.1211673],[-75.10303235,23.11869967],[-75.10211837,23.11587942],[-75.10411251,23.11452985],[-75.1020596,23.11422837],[-75.1014086,23.11309826],[-75.10411155,23.10935152],[-75.10644984,23.10852754],[-75.10359204,23.10566413],[-75.10111177,23.10681105],[-75.09477401,23.10452211],[-75.09408581,23.09985054],[-75.09488952,23.0994966],[-75.09606445,23.09972715],[-75.09759092,23.10376751],[-75.09858406,23.10391724],[-75.09889925,23.10196281],[-75.10047257,23.10085261],[-75.10772872,23.10777855],[-75.10966563,23.10784483],[-75.11159778,23.11105883],[-75.10814548,23.11301947],[-75.10411775,23.11289024],[-75.10590816,23.11467505],[-75.10707021,23.11515701],[-75.10809433,23.11402094],[-75.11392903,23.11294031],[-75.12332201,23.11989057],[-75.12519395,23.12241316],[-75.12816763,23.12228215],[-75.13097191,23.12414587],[-75.13174105,23.12686074],[-75.13451672,23.12799966],[-75.13549685,23.13052797],[-75.13735235,23.12959802],[-75.13815331,23.13356948],[-75.14022768,23.13314664],[-75.14169466,23.13710618],[-75.14809573,23.14170158],[-75.14780796,23.14473796],[-75.15162337,23.14544988],[-75.15095592,23.14839327],[-75.15620196,23.14614296],[-75.16067028,23.14578617],[-75.16211605,23.14727676],[-75.16863525,23.14919865],[-75.18988383,23.15964508],[-75.19249654,23.16182792],[-75.19141555,23.16364455],[-75.19600046,23.16702521],[-75.20053673,23.16579711],[-75.20385826,23.16720664],[-75.20542002,23.16603804],[-75.20966923,23.16768551],[-75.21146154,23.16689551],[-75.21170366,23.16835105],[-75.21378124,23.16927731],[-75.21062315,23.17043173],[-75.20144546,23.16703236],[-75.19670367,23.16799736],[-75.1930927,23.16708112],[-75.18498766,23.16075528],[-75.17439854,23.15550971],[-75.16988492,23.15061975],[-75.16378963,23.14876246],[-75.15867114,23.14839601],[-75.15733576,23.14992654],[-75.15267503,23.151636],[-75.14953423,23.1501832],[-75.14727092,23.15134084],[-75.14806592,23.15248942],[-75.15058315,23.15268445],[-75.15094626,23.15468586],[-75.15227735,23.15316045],[-75.15490222,23.15369987],[-75.15634525,23.15046847],[-75.15719235,23.15169275],[-75.15529907,23.15564275],[-75.14786684,23.15545034],[-75.14938664,23.15719163],[-75.14863086,23.16126287],[-75.15405774,23.16176677],[-75.15791154,23.16372931],[-75.15916681,23.16363275],[-75.15907097,23.16215444],[-75.16181397,23.16160345],[-75.16692603,23.16297865],[-75.16969585,23.16228962],[-75.17202473,23.16408408],[-75.17485476,23.16405821],[-75.17520976,23.16277623],[-75.17004192,23.16036451],[-75.16308713,23.15794682],[-75.15952396,23.15788805],[-75.15901482,23.15645587],[-75.16052985,23.15499747],[-75.15971625,23.15355754],[-75.16088307,23.15296996],[-75.16280031,23.15364397],[-75.16269958,23.15505493],[-75.16588271,23.1587249],[-75.17028022,23.15893805],[-75.18501675,23.16648126],[-75.18123782,23.16731274],[-75.17811787,23.17171252],[-75.17898464,23.17323315],[-75.17360163,23.17592013],[-75.17413712,23.17756712],[-75.17577696,23.17743647],[-75.18203867,23.17243183],[-75.1832242,23.17619085],[-75.1864748,23.17656922],[-75.18974805,23.17525887],[-75.19884646,23.17661595],[-75.19723856,23.17759764],[-75.17914951,23.17733181],[-75.16968787,23.18018305],[-75.17311704,23.17809212],[-75.16718364,23.17924166],[-75.16730285,23.17439532],[-75.16867793,23.17390764],[-75.17004001,23.17599082],[-75.17636311,23.17261302],[-75.17717707,23.17071605],[-75.17472053,23.16822922],[-75.16530132,23.16832376],[-75.16892147,23.16752768],[-75.16907787,23.16668105],[-75.15716803,23.16584003],[-75.15360475,23.16242254],[-75.14982665,23.16368926],[-75.14996815,23.16604793],[-75.14757395,23.16637576],[-75.14953685,23.16743004],[-75.15243554,23.16497684],[-75.15239418,23.16796875],[-75.15695155,23.16774452],[-75.15864611,23.17170083],[-75.16372585,23.17413962],[-75.164873,23.17791331],[-75.16290486,23.18150163],[-75.16465831,23.18289816],[-75.17146266,23.18358684],[-75.17747545,23.18065572],[-75.18682706,23.17866325],[-75.19519854,23.17976177],[-75.20039904,23.19272804],[-75.19924712,23.19798684],[-75.20145154,23.19924355],[-75.20219386,23.203125],[-75.20261562,23.20386505],[-75.20346165,23.203125],[-75.20326066,23.20206535],[-75.20648074,23.20189762],[-75.20962465,23.19980335],[-75.21335745,23.1991688],[-75.21675134,23.19492865],[-75.21880364,23.17749774],[-75.22700882,23.17654598],[-75.22896767,23.17498934],[-75.22905183,23.17411876],[-75.22875607,23.1736356],[-75.22749805,23.17275143],[-75.21766806,23.17022085],[-75.21215212,23.16456485],[-75.20095015,23.16235781],[-75.18047965,23.15269065],[-75.17884266,23.15137863],[-75.18035555,23.15004838],[-75.17983902,23.14833498],[-75.17432046,23.14695764],[-75.17287445,23.14484155],[-75.16206014,23.14000678],[-75.15930927,23.13702714],[-75.14689136,23.13049734],[-75.14214146,23.12548375],[-75.13452983,23.1242274],[-75.13185096,23.12274134],[-75.12499845,23.11621344],[-75.12402487,23.11335361],[-75.10652602,23.09720695],[-75.09444594,23.09479988],[-75.08079815,23.08845425],[-75.07590616,23.08828855],[-75.07540441,23.08807755],[-75.07027543,23.08436775],[-75.06450975,23.08351707],[-75.06425095,23.08338511],[-75.06266654,23.08144486],[-75.0569036,23.08144093],[-75.05399835,23.07965457],[-75.05085826,23.07954955],[-75.04693186,23.08056331],[-75.0329504,23.08060825],[-75.01176906,23.07976878],[-75.00272262,23.07501197],[-74.99786043,23.07120764],[-74.98724377,23.06963372],[-74.97872615,23.06663263],[-74.97134125,23.06011772],[-74.97072053,23.05809295],[-74.95808315,23.05320418],[-74.95778704,23.05288661],[-74.95733094,23.05082285],[-74.95167196,23.04425991],[-74.94734263,23.03279364],[-74.9443624,23.03054857],[-74.94251752,23.02734375],[-74.94246614,23.02734375],[-74.93875194,23.02080524],[-74.93859994,23.02047348],[-74.93483984,23.00691593],[-74.92381036,22.99877751],[-74.91952145,22.99094105],[-74.91937864,22.9906429],[-74.91424096,22.97528303],[-74.90770221,22.96329248],[-74.90301001,22.94811964],[-74.90105855,22.93653238],[-74.89667344,22.92961204],[-74.89633608,22.92522085],[-74.89122951,22.91981721],[-74.88848865,22.91464186],[-74.88714564,22.91028535],[-74.88730621,22.90351486],[-74.8828125,22.89508915],[-74.87932885,22.88096571],[-74.87737954,22.87811852],[-74.87372112,22.87597311],[-74.87263215,22.87336087],[-74.87045073,22.8733952],[-74.86479056,22.87056744],[-74.86022365,22.85500252],[-74.86134994,22.8515625],[-74.86138654,22.85119307],[-74.85972023,22.84967613],[-74.85935044,22.84975755],[-74.85711777,22.8515625],[-74.85586226,22.8515625],[-74.85302937,22.85352135],[-74.85265851,22.85629177],[-74.85100806,22.85692596],[-74.84965467,22.85539782],[-74.8457129,22.85844004],[-74.84176481,22.85865784],[-74.84086394,22.86004984],[-74.84026945,22.86035407],[-74.83672631,22.86103892],[-74.83618486,22.86154115],[-74.83292377,22.86655045],[-74.83223355,22.87095284],[-74.82888043,22.87443411],[-74.82870913,22.87735617],[-74.82851064,22.87775207],[-74.82706225,22.87799954],[-74.82670557,22.87864125],[-74.82673621,22.87965477],[-74.82838714,22.88242745],[-74.828529,22.8862344],[-74.83056807,22.88745284],[-74.82942164,22.89019787],[-74.82950628,22.89045215],[-74.83279932,22.89582968],[-74.83564568,22.90534794],[-74.83731186,22.91755831],[-74.84281862,22.92126656],[-74.84151578,22.92293632],[-74.83847547,22.92153704],[-74.83760524,22.92482758],[-74.84037793,22.92625701],[-74.83892596,22.92740607],[-74.84042203,22.93047547],[-74.84293795,22.93101776],[-74.84349203,22.92868221],[-74.84457767,22.92847896],[-74.84708095,22.93038487],[-74.84658015,22.93355834],[-74.84179902,22.93207455],[-74.84075844,22.93447375],[-74.84272861,22.93892348],[-74.84620571,22.93934524],[-74.85068274,22.94940984],[-74.84851933,22.96219826],[-74.84539735,22.96442604],[-74.84533584,22.96490645],[-74.84647524,22.96637833],[-74.8468765,22.97478461],[-74.84708536,22.97523272],[-74.84842444,22.97626674],[-74.85054362,22.9762032],[-74.85063541,22.97161341],[-74.85208106,22.97189712],[-74.85427785,22.97504997],[-74.85760677,22.98770511],[-74.85612905,22.99019217],[-74.8519603,22.98995805],[-74.85011172,22.98809552],[-74.84924042,22.98811901],[-74.84906352,22.98839724],[-74.84953713,22.99139142],[-74.85116267,22.99287295],[-74.85298085,22.99864113],[-74.85319233,22.99907923],[-74.85809946,23.00736105],[-74.85974896,23.00824761],[-74.85947645,23.00951755],[-74.86082625,23.01083887],[-74.86310446,23.01105404],[-74.86454821,23.01471412],[-74.86767197,23.01792204],[-74.86790311,23.01813364],[-74.87128496,23.02017343],[-74.87429225,23.01997852],[-74.8810755,23.0272454],[-74.88099396,23.02734375],[-74.8828125,23.02929676],[-74.8828125,23.02957594],[-74.89429748,23.04481065],[-74.89738405,23.05240655],[-74.90065885,23.05542123],[-74.90224588,23.05870581],[-74.90513813,23.05849862],[-74.91096425,23.06435442],[-74.92102957,23.07927406],[-74.92371595,23.08111715],[-74.93188477,23.09255123],[-74.93361545,23.09280062],[-74.93726885,23.09735334],[-74.94263577,23.0949434],[-74.94310677,23.09247375],[-74.93883371,23.08963394],[-74.93758416,23.09154236],[-74.93450141,23.09156144],[-74.93453586,23.08990085],[-74.93665385,23.09064174],[-74.93763781,23.08996236],[-74.93734026,23.08889115],[-74.93315804,23.08686686],[-74.9343847,23.08545363],[-74.93779993,23.08555472],[-74.94483697,23.08807218],[-74.94641614,23.09195793],[-74.94985056,23.09132063],[-74.95387685,23.09238422],[-74.96244824,23.10011482],[-74.96227324,23.1014657],[-74.95935166,23.10192585],[-74.95993483,23.10284853],[-74.98014808,23.10399437],[-74.99382615,23.10767651],[-74.99482656,23.10554564],[-74.99778867,23.10605323],[-75.00268805,23.10345686],[-75.00574064,23.10331774],[-75.00755107,23.10456622],[-75.00670075,23.10630417],[-75.01172793,23.10974264],[-75.01309967,23.10942817],[-75.01153946,23.10783946],[-75.01327586,23.10665166],[-75.02101612,23.10800934],[-75.02493262,23.11055946],[-75.03016603,23.11522424],[-75.03202105,23.1181761],[-75.03402364,23.11998653],[-75.03788495,23.12231612],[-75.03893542,23.12426996],[-75.05318165,23.13501704],[-75.06241667,23.14407802],[-75.0626173,23.14437616],[-75.06307483,23.14544904],[-75.06227016,23.14640832],[-75.06762958,23.15334713],[-75.08034205,23.18769968],[-75.08401954,23.19831574],[-75.08405173,23.203125],[-75.08409572,23.203125],[-75.08412766,23.20494068],[-75.08807373,23.22044575],[-75.08725655,23.22363734],[-75.08892846,23.22496676],[-75.08917534,23.22900474],[-75.0878762,23.23430216],[-75.08753014,23.24988604],[-75.08508277,23.25302291],[-75.08282685,23.25133753],[-75.08202505,23.25573134],[-75.0808264,23.25600398],[-75.08172023,23.25918806],[-75.0832237,23.25989652],[-75.08316386,23.26718235],[-75.08169544,23.26935387],[-75.08181322,23.27004611],[-75.08359325,23.27082574],[-75.08447194,23.27765167],[-75.08837795,23.29255104],[-75.09104526,23.29842174],[-75.09108555,23.30149364],[-75.0930351,23.30227387],[-75.09580517,23.30142474],[-75.09910083,23.30877221],[-75.09751427,23.31112933],[-75.10040963,23.32033002],[-75.09946775,23.32557201],[-75.10620797,23.33294725],[-75.11004734,23.34261584],[-75.1124866,23.34413922],[-75.11305404,23.3472532],[-75.11563742,23.34914506],[-75.1174134,23.35422206],[-75.12038565,23.35668588],[-75.12144732,23.35960531],[-75.12593555,23.36339855],[-75.12953925,23.37154543],[-75.13247526,23.37336385],[-75.13264024,23.37358427],[-75.13435495,23.37631941],[-75.13444865,23.37665927],[-75.13418865,23.37890625],[-75.13410223,23.37890625],[-75.13402116,23.37901092],[-75.13802958,23.38328052],[-75.13993466,23.38943446],[-75.14209616,23.39073396],[-75.15083528,23.40662754],[-75.15575886,23.41045845],[-75.1708492,23.42933786],[-75.17697775,23.43987143],[-75.18433464,23.44780827],[-75.19025016,23.45800555],[-75.1943469,23.46696544],[-75.20055187,23.49087501],[-75.20270812,23.50632203],[-75.20221496,23.51020336],[-75.2036854,23.51604354],[-75.20314693,23.52103555],[-75.20162571,23.5239284],[-75.20175445,23.52475595],[-75.20459986,23.53011596],[-75.20736134,23.53437305],[-75.21641636,23.54119551],[-75.22410893,23.54966521],[-75.22736597,23.55339456],[-75.22708237,23.5546875],[-75.22706986,23.5546875],[-75.22703183,23.55506063],[-75.23153424,23.56053186],[-75.234375,23.5625],[-75.234375,23.56333697],[-75.23899901,23.5690279],[-75.26857305,23.59861696],[-75.27055216,23.60173535],[-75.27515447,23.61209094],[-75.27605927,23.63339925],[-75.27704597,23.63556492],[-75.27740943,23.63610446],[-75.28457105,23.6410948],[-75.28782082,23.64634073],[-75.29028165,23.64765131]],[[-74.84570622,22.95300901],[-74.84515071,22.95286977],[-74.8441236,22.95296621],[-74.84323835,22.95523405],[-74.84314775,22.95826161],[-74.84394348,22.95942128],[-74.84443855,22.95962727],[-74.84618783,22.95748937],[-74.84640765,22.95419741],[-74.84637225,22.95366657],[-74.84570622,22.95300901]],[[-74.84526634,22.94466841],[-74.84354746,22.94403064],[-74.84416294,22.94602501],[-74.84449005,22.94623804],[-74.84555936,22.94598186],[-74.84565437,22.94506085],[-74.84526634,22.94466841]],[[-74.84837461,22.97878182],[-74.8472985,22.9783498],[-74.84688091,22.97855282],[-74.84660172,22.97922504],[-74.84756744,22.98347151],[-74.84820771,22.98378456],[-74.84868503,22.98384583],[-74.85030186,22.98172247],[-74.84837461,22.97878182]],[[-74.84994686,22.98476088],[-74.84943795,22.98424411],[-74.84813261,22.98440838],[-74.84772718,22.98504555],[-74.84857285,22.98714757],[-74.8489567,22.98720777],[-74.849949,22.98614192],[-74.84994686,22.98476088]],[[-74.93965495,23.09856725],[-74.93917155,23.09899473],[-74.93837202,23.10117376],[-74.94327354,23.10280466],[-74.94426405,23.10300791],[-74.94517195,23.10146225],[-74.94504774,23.1002357],[-74.94366217,23.09841335],[-74.94321346,23.09795368],[-74.94180906,23.09800208],[-74.93965495,23.09856725]],[[-74.94833755,23.11062443],[-74.95132053,23.10878205],[-74.95220101,23.10684717],[-74.94857657,23.10586774],[-74.94764614,23.10694695],[-74.9460355,23.10789764],[-74.94405913,23.10707557],[-74.94422293,23.10822237],[-74.94460404,23.10928333],[-74.9480046,23.11342204],[-74.95085192,23.11523426],[-74.94833755,23.11062443]],[[-75.06858838,23.09412313],[-75.06751645,23.09187567],[-75.06740272,23.09197998],[-75.06739521,23.09478652],[-75.07092977,23.09631944],[-75.07116115,23.09610152],[-75.06858838,23.09412313]],[[-75.08790207,23.11373365],[-75.08752954,23.11147273],[-75.08517396,23.11274803],[-75.08406973,23.11040771],[-75.08383226,23.11032522],[-75.08117223,23.11027241],[-75.0792073,23.11153865],[-75.07638872,23.11101055],[-75.07465637,23.11258376],[-75.07719827,23.11547554],[-75.07877755,23.11283505],[-75.08154297,23.11338103],[-75.082165,23.11406684],[-75.08300793,23.11558521],[-75.08650601,23.11401904],[-75.08781636,23.11382055],[-75.08790207,23.11373365]],[[-75.08408666,23.80694902],[-75.08097041,23.80356753],[-75.08076167,23.80369782],[-75.08208334,23.81098986],[-75.08259571,23.81116784],[-75.08341122,23.81041396],[-75.08408666,23.80694902]],[[-75.08966661,23.83700216],[-75.08730543,23.83479488],[-75.08693194,23.83489263],[-75.08540535,23.83527684],[-75.08480954,23.83591044],[-75.08483207,23.83925664],[-75.08996975,23.84162235],[-75.09149444,23.83883154],[-75.09136236,23.83819938],[-75.08966661,23.83700216]],[[-75.09511995,23.3061558],[-75.09249437,23.30529118],[-75.09206092,23.30649686],[-75.09220886,23.30680263],[-75.09477043,23.30924594],[-75.09486663,23.30943704],[-75.09603381,23.30849826],[-75.09551692,23.30658233],[-75.09511995,23.3061558]],[[-75.12434852,23.85563195],[-75.12410176,23.85439205],[-75.12260854,23.85541844],[-75.11903071,23.85342491],[-75.11873877,23.85292804],[-75.11854267,23.84813917],[-75.11964583,23.84542084],[-75.12458575,23.84104657],[-75.12977004,23.83383083],[-75.12770224,23.83132577],[-75.12759614,23.82575202],[-75.12718666,23.82478142],[-75.12173533,23.81953895],[-75.11595702,23.81219113],[-75.11508465,23.80926716],[-75.11251795,23.80655336],[-75.10991251,23.81071734],[-75.1094017,23.81169522],[-75.10916781,23.81276464],[-75.11010838,23.81916821],[-75.10594726,23.82910275],[-75.10306168,23.83221555],[-75.10050702,23.83189201],[-75.09387195,23.83990467],[-75.09668505,23.84308195],[-75.10125887,23.84581017],[-75.10604775,23.84381056],[-75.10841155,23.84479678],[-75.10931551,23.84858584],[-75.10919762,23.84918857],[-75.10737145,23.85049963],[-75.10723496,23.85079885],[-75.10762584,23.85170877],[-75.10850644,23.85227692],[-75.11094856,23.85330772],[-75.11381865,23.85382533],[-75.11685097,23.85344183],[-75.11877716,23.85544002],[-75.12339187,23.85661435],[-75.12434852,23.85563195]],[[-75.12857223,23.32970715],[-75.12887561,23.32981086],[-75.13109005,23.32772374],[-75.13125634,23.32665014],[-75.13087845,23.32610714],[-75.12692571,23.32520127],[-75.12619495,23.32823944],[-75.12620461,23.32862282],[-75.12703288,23.3296231],[-75.12857223,23.32970715]],[[-75.14166355,23.16799796],[-75.14577985,23.16720402],[-75.14629626,23.16644394],[-75.14619684,23.16619587],[-75.14111185,23.16528344],[-75.13803315,23.16573656],[-75.13783658,23.16431427],[-75.14040494,23.16448081],[-75.14045465,23.16333234],[-75.13135791,23.16049075],[-75.13156116,23.16163814],[-75.13050735,23.16188264],[-75.12890625,23.16057467],[-75.1304003,23.15931702],[-75.12859106,23.15836096],[-75.12886584,23.16329563],[-75.12620735,23.16698563],[-75.12932408,23.16626966],[-75.12990093,23.16394711],[-75.13133526,23.16451764],[-75.13393915,23.16346514],[-75.13632512,23.16488886],[-75.13550711,23.16662514],[-75.13958037,23.16758072],[-75.14143705,23.16828835],[-75.14166355,23.16799796]],[[-75.13632298,23.13370371],[-75.13547635,23.13236535],[-75.13210583,23.13113046],[-75.13098621,23.1302973],[-75.12763095,23.12661016],[-75.12682211,23.12678933],[-75.12637925,23.12705755],[-75.12791252,23.13017786],[-75.13135505,23.13262725],[-75.1354084,23.13470042],[-75.13657296,23.1348778],[-75.13712752,23.13458622],[-75.13632298,23.13370371]],[[-75.13753808,23.15022755],[-75.13364792,23.14597321],[-75.13029385,23.14570081],[-75.13047278,23.14715564],[-75.13276565,23.14716566],[-75.13288724,23.14742112],[-75.13463378,23.15020573],[-75.13731492,23.15097547],[-75.13799596,23.15052426],[-75.13753808,23.15022755]],[[-75.13540494,23.23857296],[-75.13970125,23.23659885],[-75.14054203,23.23599815],[-75.14119566,23.23471057],[-75.14100885,23.23325145],[-75.14016843,23.23325145],[-75.13372385,23.23479652],[-75.1317625,23.23848724],[-75.13540494,23.23857296]],[[-75.13363028,23.24149132],[-75.1351248,23.24174881],[-75.13671255,23.24114788],[-75.13727295,23.23943126],[-75.13624561,23.23943126],[-75.13335025,23.2397747],[-75.13288307,23.24071884],[-75.13363028,23.24149132]],[[-75.13755321,23.23067665],[-75.13652575,23.23033333],[-75.13437748,23.23050487],[-75.13437748,23.23230743],[-75.13503134,23.23265076],[-75.13774002,23.23204994],[-75.13755321,23.23067665]],[[-75.13693035,23.14627516],[-75.13724124,23.14645374],[-75.13711572,23.14542305],[-75.13525057,23.14466524],[-75.13496017,23.14491534],[-75.13693035,23.14627516]],[[-75.15490115,23.19097233],[-75.15944505,23.18876088],[-75.16065025,23.18834317],[-75.16608155,23.18750358],[-75.16121328,23.18277335],[-75.16250026,23.17885137],[-75.15019035,23.17695475],[-75.14624846,23.17325556],[-75.14091575,23.17060733],[-75.13968646,23.17321956],[-75.13638365,23.17506254],[-75.13999057,23.17684364],[-75.14238596,23.17555285],[-75.14066911,23.17791605],[-75.14097345,23.18022311],[-75.14132893,23.18086541],[-75.14857018,23.18767536],[-75.15109146,23.1922245],[-75.15269732,23.19280136],[-75.15490115,23.19097233]],[[-75.14393401,23.13989043],[-75.14196324,23.13899815],[-75.14137256,23.13911247],[-75.14213061,23.14030504],[-75.14273095,23.14071465],[-75.14398718,23.14119601],[-75.14440072,23.14076865],[-75.14393401,23.13989043]],[[-75.14362407,23.23007584],[-75.14166284,23.23342323],[-75.14707994,23.23024738],[-75.146613,23.22904575],[-75.14549208,23.22887421],[-75.14437127,23.22921753],[-75.14362407,23.23007584]],[[-75.14369655,23.15472412],[-75.14335024,23.15249395],[-75.14262736,23.15234625],[-75.14237738,23.15248168],[-75.14242065,23.15472984],[-75.14321184,23.15517461],[-75.14369655,23.15472412]],[[-75.15277731,23.23282242],[-75.14922822,23.23771465],[-75.1503489,23.23822975],[-75.15240371,23.23574054],[-75.15623295,23.23393822],[-75.15679336,23.23230743],[-75.15595293,23.23153496],[-75.15464532,23.23136318],[-75.15371132,23.23196411],[-75.15277731,23.23282242]],[[-75.17078745,23.18809712],[-75.17239678,23.19001114],[-75.18267572,23.18949091],[-75.18317854,23.18988132],[-75.18586588,23.19093001],[-75.19143784,23.18698871],[-75.18456185,23.1874696],[-75.18000913,23.18617702],[-75.17830133,23.18680215],[-75.17166507,23.18711865],[-75.17083967,23.18767631],[-75.17078745,23.18809712]],[[-75.17435014,23.16631341],[-75.17649567,23.16663075],[-75.17776847,23.16574085],[-75.17696643,23.16470504],[-75.17665815,23.16496575],[-75.17567205,23.16559947],[-75.17435014,23.16631341]],[[-75.18713164,22.02216232],[-75.18422675,22.02190804],[-75.18258905,22.02291203],[-75.18239355,22.02374685],[-75.18620694,22.02514243],[-75.18651032,22.02542675],[-75.19105005,22.03132987],[-75.19149446,22.03161395],[-75.19239068,22.03056705],[-75.19093394,22.02550983],[-75.18713164,22.02216232]],[[-75.20271707,23.23677385],[-75.20199955,23.23358536],[-75.20058715,23.23490655],[-75.18748105,23.23327994],[-75.18838656,23.23682046],[-75.18870437,23.23700643],[-75.19318306,23.23780894],[-75.19728875,23.2379111],[-75.20113134,23.23828125],[-75.20198882,23.23771942],[-75.20271707,23.23677385]],[[-75.22426081,23.17840755],[-75.22393215,23.17762983],[-75.22202885,23.17774355],[-75.22123504,23.17791975],[-75.21976042,23.17952311],[-75.21907687,23.18087125],[-75.21897197,23.1812582],[-75.22028696,23.18300784],[-75.22210836,23.18256855],[-75.22426081,23.17840755]],[[-75.22464001,23.23227727],[-75.22318757,23.23413622],[-75.22331882,23.23451531],[-75.22486615,23.23571825],[-75.2305752,23.2376039],[-75.23089898,23.23765826],[-75.234375,23.23688614],[-75.24336624,23.23481381],[-75.2389456,23.23277342],[-75.234375,23.23409593],[-75.23103154,23.23430717],[-75.22906756,23.23406875],[-75.22464001,23.23227727]],[[-75.23071766,23.18930864],[-75.22690034,23.18589342],[-75.22682881,23.18612015],[-75.22941124,23.19185436],[-75.22991085,23.19202757],[-75.23098326,23.19130945],[-75.23121345,23.19086635],[-75.23111963,23.19015181],[-75.23071766,23.18930864]],[[-75.24786794,23.1758548],[-75.24422467,23.17661834],[-75.234375,23.17606032],[-75.23267436,23.17638457],[-75.22887528,23.17882586],[-75.22749722,23.18053317],[-75.22715187,23.18196166],[-75.22727263,23.18241906],[-75.22895145,23.18429267],[-75.23411346,23.18848324],[-75.234375,23.18861604],[-75.23699605,23.18927443],[-75.25042784,23.18422151],[-75.25153887,23.17955565],[-75.25529504,23.1770395],[-75.25438046,23.17618406],[-75.25074196,23.17710567],[-75.24786794,23.1758548]],[[-75.23138011,23.19629037],[-75.22993147,23.19307971],[-75.22974193,23.19308054],[-75.2284497,23.19574261],[-75.22852743,23.19611907],[-75.22935414,23.19709313],[-75.2296766,23.19721127],[-75.23084176,23.19681096],[-75.23100126,23.19687974],[-75.23233593,23.19816804],[-75.23325646,23.19734597],[-75.23138011,23.19629037]],[[-75.24394882,23.19215345],[-75.24669194,23.19075215],[-75.24704027,23.19043946],[-75.24732137,23.18929827],[-75.24649572,23.18934703],[-75.24508333,23.18976653],[-75.24394882,23.19215345]],[[-75.25416696,23.18792903],[-75.2557559,23.18856633],[-75.25711405,23.18693697],[-75.25826526,23.18861866],[-75.26299834,23.18936312],[-75.26378655,23.19039834],[-75.26394594,23.19052005],[-75.26758015,23.19015384],[-75.26846302,23.19091344],[-75.27271736,23.19010937],[-75.27319253,23.18981397],[-75.27504182,23.18503487],[-75.27111995,23.18841875],[-75.27097511,23.18613374],[-75.26912904,23.18720973],[-75.26849318,23.18584871],[-75.26449013,23.18556535],[-75.26045191,23.18261385],[-75.2603023,23.17943943],[-75.25747097,23.17949212],[-75.25584733,23.18599784],[-75.25394034,23.18621886],[-75.25365007,23.1864866],[-75.25384986,23.18750596],[-75.25416696,23.18792903]],[[-75.27970314,23.18756783],[-75.2794404,23.18686426],[-75.27880716,23.18644345],[-75.27721941,23.18651176],[-75.2754606,23.1893301],[-75.27876401,23.19032323],[-75.27970314,23.18756783]],[[-75.29029644,23.18411946],[-75.28389287,23.18702996],[-75.28095925,23.18700027],[-75.28052592,23.19150186],[-75.28026307,23.19381893],[-75.28185368,23.19425786],[-75.28392804,23.19151902],[-75.28907561,23.19093812],[-75.29030848,23.19036245],[-75.2915163,23.18822181],[-75.29341424,23.18823016],[-75.29364598,23.18791676],[-75.29336476,23.18485224],[-75.29029644,23.18411946]],[[-75.29037881,23.19197822],[-75.29216957,23.19258892],[-75.2930634,23.19212663],[-75.29512274,23.19011974],[-75.29512036,23.18981338],[-75.29423463,23.18960261],[-75.2914443,23.19098294],[-75.29037881,23.19197822]],[[-75.73299861,24.68188417],[-75.7397567,24.67906952],[-75.74434173,24.67787385],[-75.7603302,24.67921376],[-75.76143873,24.67812705],[-75.76179743,24.67384875],[-75.75696886,24.67236173],[-75.75669467,24.67057455],[-75.75368655,24.66840923],[-75.74385095,24.66601884],[-75.74037147,24.66176283],[-75.73663437,24.65643418],[-75.73629177,24.64748478],[-75.7377367,24.64244246],[-75.73575652,24.63936961],[-75.72711074,24.64393353],[-75.72108781,24.64523184],[-75.71217465,24.64536834],[-75.70262623,24.63509655],[-75.68634856,24.62798774],[-75.68114877,24.62515843],[-75.67216694,24.61951756],[-75.66919315,24.61581516],[-75.66079021,24.609375],[-75.66072488,24.609375],[-75.65156925,24.59975696],[-75.6457504,24.59196627],[-75.64270568,24.58554006],[-75.64028192,24.57773316],[-75.63972533,24.56961346],[-75.64061391,24.56661844],[-75.63903165,24.56352353],[-75.64110863,24.55873323],[-75.64104605,24.54971325],[-75.64123452,24.54921246],[-75.64457011,24.541664],[-75.64903462,24.53717995],[-75.64931774,24.53632891],[-75.64867365,24.52918184],[-75.64509773,24.52797425],[-75.62569046,24.53088152],[-75.61975968,24.53118336],[-75.61404586,24.53086674],[-75.60477793,24.52925611],[-75.59648645,24.5253278],[-75.59523726,24.52233636],[-75.59272563,24.52104366],[-75.58659124,24.5134412],[-75.5859375,24.50976563],[-75.57831514,24.50293684],[-75.57556677,24.49901176],[-75.57213736,24.48376477],[-75.56139708,24.47380042],[-75.55878031,24.47086644],[-75.55441952,24.46441054],[-75.54949903,24.45607674],[-75.54959047,24.45272446],[-75.54489803,24.44597316],[-75.54367483,24.43986225],[-75.53996146,24.43359375],[-75.53973556,24.43359375],[-75.53496087,24.41837013],[-75.53209412,24.41361451],[-75.53185356,24.41055524],[-75.52317154,24.39309227],[-75.51775718,24.38621128],[-75.51584518,24.38188148],[-75.50834477,24.37380564],[-75.49868405,24.36066127],[-75.48283362,24.34494686],[-75.47998226,24.34054995],[-75.47611427,24.32594872],[-75.47628737,24.32241344],[-75.4730798,24.32157803],[-75.47122991,24.31817961],[-75.47184253,24.31462252],[-75.47431183,24.31233704],[-75.47222805,24.31131244],[-75.46873784,24.30404365],[-75.46657801,24.30282438],[-75.46313715,24.30325782],[-75.46340477,24.30066025],[-75.4604274,24.29558826],[-75.45853138,24.29457438],[-75.45393908,24.29540205],[-75.44865894,24.29426491],[-75.43937325,24.29874861],[-75.42791665,24.29695654],[-75.41975355,24.29247677],[-75.41796291,24.29124105],[-75.40942192,24.28098941],[-75.4056462,24.27136946],[-75.40276873,24.25880063],[-75.40082395,24.2578125],[-75.40067935,24.2578125],[-75.39785016,24.25630677],[-75.39555645,24.25215054],[-75.39276373,24.24339116],[-75.39250696,24.23785985],[-75.39509785,24.22539484],[-75.39555621,24.22405696],[-75.39827597,24.21778655],[-75.4041568,24.20864046],[-75.41261733,24.20296705],[-75.41093337,24.20257926],[-75.40173721,24.20791304],[-75.39583313,24.21537614],[-75.39643204,24.21082926],[-75.40115225,24.20402241],[-75.40421391,24.20152438],[-75.40662754,24.20149255],[-75.41301405,24.19813216],[-75.41802084,24.19903254],[-75.41487181,24.19750941],[-75.41529155,24.19683623],[-75.42192495,24.19688034],[-75.42213655,24.19802666],[-75.41951072,24.19953251],[-75.42005813,24.20054758],[-75.43784416,24.19383156],[-75.44561243,24.19242716],[-75.4476701,24.18950951],[-75.44971633,24.19144857],[-75.4526937,24.19172764],[-75.45861936,24.18769622],[-75.46672583,24.18532765],[-75.47051334,24.18116283],[-75.47200525,24.18108404],[-75.47734117,24.17690694],[-75.51063085,24.15859485],[-75.51956105,24.15561855],[-75.52317154,24.15500045],[-75.52924705,24.15546203],[-75.53044665,24.15486455],[-75.53163874,24.15374815],[-75.53207695,24.15250623],[-75.53184998,24.14914393],[-75.51602435,24.13884616],[-75.5145905,24.13369441],[-75.50595641,24.12964368],[-75.50418842,24.12699497],[-75.50000787,24.12585974],[-75.49773085,24.12286842],[-75.48813462,24.12580657],[-75.47964215,24.12562871],[-75.46653104,24.1215533],[-75.46313858,24.11384845],[-75.46294665,24.11384761],[-75.46176434,24.11653757],[-75.4583559,24.11956632],[-75.45441151,24.12146246],[-75.44928694,24.12869334],[-75.44564736,24.13157356],[-75.44342172,24.13571215],[-75.43904555,24.13950884],[-75.43121457,24.14425063],[-75.42366862,24.14617574],[-75.41449666,24.14668882],[-75.407848,24.14462304],[-75.40464306,24.14040375],[-75.40666413,24.13905561],[-75.40753245,24.1368438],[-75.40442014,24.13506532],[-75.40216565,24.13932371],[-75.39261472,24.13941145],[-75.38424063,24.14633215],[-75.37882102,24.14567685],[-75.37061882,24.15006554],[-75.36825228,24.15032744],[-75.36552465,24.14912415],[-75.3579483,24.1525557],[-75.34635961,24.15566194],[-75.33487546,24.15649951],[-75.32981515,24.15499783],[-75.32673073,24.15222263],[-75.32477212,24.14590955],[-75.32173026,24.1459192],[-75.31241584,24.14289713],[-75.30909944,24.14600182],[-75.30542851,24.14641166],[-75.30204475,24.14527214],[-75.30138767,24.14372456],[-75.30300105,24.13926804],[-75.29924631,24.13798296],[-75.29919755,24.13572264],[-75.29689658,24.13458073],[-75.29605734,24.136343],[-75.29306996,24.13747096],[-75.29425955,24.13966703],[-75.29386914,24.15021312],[-75.29666185,24.15237951],[-75.29978204,24.15247917],[-75.29965222,24.15469754],[-75.29650724,24.15616417],[-75.29895985,24.15719545],[-75.3018738,24.16679144],[-75.31666267,24.19852376],[-75.32158077,24.2051779],[-75.32318485,24.21032465],[-75.33369982,24.22382855],[-75.33530796,24.23036253],[-75.33559203,24.23084545],[-75.33886075,24.23362982],[-75.34076881,24.23752475],[-75.34097898,24.23771405],[-75.34608543,24.23859096],[-75.34760034,24.23916078],[-75.34920311,24.2402966],[-75.35035825,24.24313748],[-75.35325015,24.24566698],[-75.35402846,24.24698651],[-75.35848355,24.25717938],[-75.35849178,24.2578125],[-75.3585999,24.2578125],[-75.36107504,24.2699815],[-75.36445045,24.27199996],[-75.36749864,24.27744257],[-75.37691796,24.28588533],[-75.37947536,24.29004526],[-75.38195026,24.30180597],[-75.38998342,24.30477321],[-75.39267147,24.30846667],[-75.39603341,24.31028712],[-75.39950967,24.31402397],[-75.40467727,24.32288492],[-75.41546404,24.32775116],[-75.41999686,24.33129263],[-75.42457592,24.33805835],[-75.42667174,24.33797371],[-75.43492997,24.34357691],[-75.43868244,24.34337807],[-75.45973217,24.35606396],[-75.46214437,24.35897911],[-75.46608341,24.36082494],[-75.46750963,24.36324775],[-75.4710263,24.36289525],[-75.4744668,24.36562753],[-75.47773385,24.36903954],[-75.47703731,24.37147665],[-75.48066437,24.37164974],[-75.48271203,24.37315965],[-75.48575342,24.37670112],[-75.48903966,24.38086212],[-75.49619424,24.39196754],[-75.52006555,24.42272258],[-75.52264941,24.42646646],[-75.52688468,24.43359375],[-75.52708817,24.43359375],[-75.53530085,24.44710505],[-75.54275167,24.46226037],[-75.55625606,24.48523545],[-75.55782402,24.49263167],[-75.56196034,24.50155473],[-75.56444573,24.50421262],[-75.56960583,24.52190685],[-75.56981194,24.52224064],[-75.57231057,24.52533865],[-75.5859375,24.53543532],[-75.5859375,24.53599334],[-75.58932686,24.54203665],[-75.58997464,24.54640877],[-75.59493613,24.54960716],[-75.59899354,24.55053175],[-75.6036967,24.55459416],[-75.61316538,24.56639338],[-75.61904824,24.57630265],[-75.61954546,24.57729065],[-75.61988008,24.57936323],[-75.6197499,24.58025563],[-75.61797237,24.58433855],[-75.62205565,24.5868299],[-75.62346876,24.58892131],[-75.62371457,24.58936155],[-75.62483263,24.59647083],[-75.62547684,24.609375],[-75.62551117,24.609375],[-75.62605643,24.62178695],[-75.62468672,24.62583137],[-75.62528062,24.63238168],[-75.62313437,24.63350773],[-75.62441504,24.63803744],[-75.6269536,24.63879216],[-75.63022888,24.64208686],[-75.63451564,24.64232755],[-75.64005256,24.65271223],[-75.65057862,24.6612401],[-75.65475821,24.66295815],[-75.66010153,24.66906905],[-75.66515374,24.67189431],[-75.6754986,24.68467104],[-75.68827963,24.69148266],[-75.69230115,24.68963468],[-75.70481372,24.69567585],[-75.70986831,24.69636202],[-75.72177458,24.69323683],[-75.72307563,24.69182527],[-75.72266376,24.68959177],[-75.72499704,24.68704021],[-75.73299861,24.68188417]],[[-75.29451096,23.19258726],[-75.29418576,23.1926949],[-75.29455364,23.19389796],[-75.30138564,23.19545186],[-75.30005205,23.19263482],[-75.29727244,23.19130456],[-75.29635096,23.19130552],[-75.29451096,23.19258726]],[[-75.32991612,23.55680251],[-75.33025563,23.5546875],[-75.32995117,23.5546875],[-75.32669318,23.55761492],[-75.32664478,23.55792141],[-75.32756138,23.55812514],[-75.32841992,23.55805647],[-75.32991612,23.55680251]],[[-75.34407592,23.59516752],[-75.34383714,23.59510434],[-75.34016335,23.59535623],[-75.33716476,23.59683597],[-75.33698153,23.59700441],[-75.33476508,23.60425615],[-75.33243155,23.60198045],[-75.33056784,23.60684335],[-75.33054566,23.60957456],[-75.33236158,23.61004436],[-75.33383906,23.6071645],[-75.33624065,23.61047125],[-75.34166133,23.61412478],[-75.34215844,23.61368716],[-75.34124565,23.60454488],[-75.34391725,23.60032535],[-75.34407592,23.59516752]],[[-75.43540525,23.40407515],[-75.43812215,23.40248024],[-75.43798554,23.40188992],[-75.43572736,23.4012897],[-75.43166935,23.40210772],[-75.43148255,23.40414333],[-75.43229318,23.40495145],[-75.43296266,23.40517581],[-75.43540525,23.40407515]],[[-75.43659675,23.39966285],[-75.43703794,23.39932466],[-75.43727696,23.39749622],[-75.43689227,23.39708436],[-75.43622875,23.39712203],[-75.43398655,23.39974797],[-75.43404222,23.39992666],[-75.43659675,23.39966285]],[[-75.43945587,23.39950144],[-75.43984163,23.39963853],[-75.44038987,23.39913487],[-75.44037366,23.39601195],[-75.43883455,23.39539814],[-75.43862987,23.39552772],[-75.43945587,23.39950144]],[[-75.45679832,23.39411271],[-75.45450127,23.39146066],[-75.45294201,23.39154136],[-75.44978583,23.38901746],[-75.44952404,23.38924384],[-75.45062196,23.39196122],[-75.45087671,23.39255798],[-75.45679832,23.39411271]],[[-75.46979606,23.38603902],[-75.46332216,23.38878644],[-75.46119571,23.38807166],[-75.45718932,23.3906188],[-75.46733391,23.39403605],[-75.46943903,23.39645505],[-75.47037935,23.39682853],[-75.47398567,23.39768565],[-75.48485565,23.39855814],[-75.49251807,23.39843011],[-75.49674046,23.3996247],[-75.50952792,23.40395606],[-75.50983024,23.40405607],[-75.51027715,23.40304124],[-75.50864124,23.40158892],[-75.51197755,23.40091586],[-75.51234627,23.40024686],[-75.51193595,23.39965022],[-75.50921512,23.39940035],[-75.50829792,23.3979547],[-75.50501454,23.39875483],[-75.49287474,23.3953042],[-75.49094725,23.39315557],[-75.48296332,23.39156795],[-75.48156703,23.38864887],[-75.47330236,23.3890841],[-75.4725337,23.38688493],[-75.47223258,23.38651335],[-75.47087646,23.38602602],[-75.46979606,23.38603902]],[[-75.49887395,23.14163315],[-75.49685252,23.14295995],[-75.5002768,23.14244592],[-75.50070381,23.14209688],[-75.50027585,23.14150858],[-75.49887395,23.14163315]],[[-75.51387203,23.40323114],[-75.51467335,23.40341473],[-75.51890922,23.40288854],[-75.51912868,23.403108],[-75.52055395,23.40510201],[-75.52032507,23.4071846],[-75.52391863,23.41001916],[-75.52519822,23.41343212],[-75.52794313,23.41603816],[-75.52854288,23.41635644],[-75.53351843,23.41771877],[-75.53642905,23.42104018],[-75.53860235,23.42085755],[-75.54747522,23.42469251],[-75.54842091,23.42641342],[-75.54969621,23.42690325],[-75.55655944,23.42794633],[-75.56359518,23.43027496],[-75.56909561,23.4335618],[-75.57804596,23.43692803],[-75.58437264,23.43887615],[-75.5859375,23.43861604],[-75.58807611,23.43824625],[-75.58867002,23.43839037],[-75.59228742,23.44065475],[-75.5946393,23.43955231],[-75.60244405,23.44005442],[-75.60291255,23.44022834],[-75.6096971,23.44487262],[-75.60918498,23.44750536],[-75.61461902,23.44744635],[-75.62381792,23.45272672],[-75.62621987,23.45256186],[-75.63641286,23.45567763],[-75.64557135,23.46039486],[-75.64814627,23.46289587],[-75.65041912,23.46287525],[-75.65260875,23.46487665],[-75.65437913,23.46429658],[-75.6545763,23.46445966],[-75.66144598,23.46955872],[-75.66801941,23.4716953],[-75.67069674,23.47197163],[-75.67235351,23.46982467],[-75.67251146,23.46953416],[-75.67175114,23.46639037],[-75.67372334,23.46323085],[-75.67787874,23.46060133],[-75.68764055,23.45719576],[-75.68443906,23.45431638],[-75.67552435,23.45562124],[-75.67120063,23.45396805],[-75.66613615,23.46095586],[-75.66527545,23.46151972],[-75.66332996,23.46161556],[-75.65978301,23.46010625],[-75.65938926,23.45978844],[-75.65755761,23.45555556],[-75.65698755,23.45322216],[-75.65841162,23.45325816],[-75.65879333,23.4518789],[-75.65615416,23.45125067],[-75.65125751,23.44794643],[-75.65002453,23.44333184],[-75.64495528,23.44070291],[-75.64605415,23.43539286],[-75.63834965,23.43531001],[-75.63797057,23.43442631],[-75.63872635,23.43257093],[-75.63943624,23.43237603],[-75.64673901,23.43227506],[-75.64855945,23.435763],[-75.65079796,23.43598664],[-75.65210175,23.43505526],[-75.65318274,23.43030036],[-75.65270555,23.42915952],[-75.65135002,23.42835605],[-75.64839303,23.42833281],[-75.64585876,23.42964423],[-75.64402807,23.42869794],[-75.64068365,23.42916274],[-75.63873565,23.42799294],[-75.63675916,23.42548776],[-75.63579512,23.41536975],[-75.62853241,23.41875517],[-75.63124037,23.42033637],[-75.62994015,23.42447925],[-75.62796032,23.42542195],[-75.62444127,23.4247328],[-75.62543356,23.43320107],[-75.62804008,23.43319786],[-75.63203204,23.43641114],[-75.6252166,23.43603027],[-75.62431562,23.43591964],[-75.62221146,23.43451607],[-75.62476325,23.43113983],[-75.62315702,23.42311657],[-75.62418318,23.42150176],[-75.62014878,23.4213984],[-75.61769044,23.41992176],[-75.61635327,23.41867685],[-75.61680055,23.41731918],[-75.6125921,23.4138509],[-75.59547615,23.42047274],[-75.59474337,23.42068732],[-75.58828175,23.42207527],[-75.58785796,23.4220829],[-75.5859375,23.42159593],[-75.58272576,23.42032456],[-75.58113682,23.41722524],[-75.57666886,23.41409194],[-75.57239294,23.41241777],[-75.56899095,23.41245592],[-75.56948137,23.40988958],[-75.56452346,23.40652347],[-75.55331492,23.40717125],[-75.54280984,23.40982616],[-75.53571153,23.41040576],[-75.52908576,23.40828276],[-75.52919078,23.40468061],[-75.51886714,23.40103257],[-75.51600051,23.4007045],[-75.51330996,23.40136516],[-75.51308036,23.40189207],[-75.51387203,23.40323114]],[[-75.52323115,23.13301742],[-75.5248332,23.13345945],[-75.52756751,23.13185513],[-75.52891004,23.1299206],[-75.52858245,23.12950623],[-75.52784097,23.12933552],[-75.52607918,23.13083112],[-75.52323115,23.13301742]],[[-75.57112825,23.12442076],[-75.57041347,23.12344205],[-75.565099,23.12623596],[-75.56483078,23.12703645],[-75.56509352,23.12738526],[-75.56544805,23.12759936],[-75.57087541,23.12471378],[-75.57112825,23.12442076]],[[-75.57539535,23.12288928],[-75.57579362,23.12404883],[-75.57618964,23.12417936],[-75.5859375,23.11746645],[-75.58958066,23.11528826],[-75.59317517,23.11164534],[-75.59156167,23.11153114],[-75.58813965,23.11489904],[-75.58608901,23.11523426],[-75.5859375,23.11523426],[-75.5859375,23.11579227],[-75.58291936,23.11829984],[-75.57564092,23.12208211],[-75.57539535,23.12288928]],[[-75.61554551,24.58671117],[-75.61339784,24.58530891],[-75.61326265,24.58549941],[-75.61399937,24.58833206],[-75.61450672,24.58851147],[-75.61554551,24.58671117]],[[-75.61904895,23.10005546],[-75.62245762,23.10044634],[-75.62457812,23.09949303],[-75.6255362,23.09893358],[-75.62635374,23.09777641],[-75.62653494,23.09704125],[-75.62580514,23.09693515],[-75.61904895,23.10005546]],[[-75.62602067,23.47255087],[-75.62386966,23.47145903],[-75.62296796,23.47146356],[-75.62161934,23.47184944],[-75.62209153,23.47300124],[-75.62550807,23.47468841],[-75.62657416,23.4744873],[-75.62684882,23.47415316],[-75.62602067,23.47255087]],[[-75.64270675,23.43322575],[-75.64153147,23.43309927],[-75.63901722,23.43333101],[-75.63857341,23.43400085],[-75.63860846,23.43445754],[-75.64230287,23.43470967],[-75.64534152,23.43470967],[-75.64543605,23.43451285],[-75.64270675,23.43322575]],[[-75.64475071,23.48005295],[-75.64387918,23.47996807],[-75.6427685,23.48038495],[-75.64290094,23.48063135],[-75.6452471,23.48192143],[-75.64509237,23.48028517],[-75.64475071,23.48005295]],[[-75.65169776,23.48443794],[-75.64926231,23.48317003],[-75.64868784,23.48303044],[-75.64869714,23.48375523],[-75.65049732,23.48471463],[-75.65082216,23.48487115],[-75.65169776,23.48443794]],[[-75.65177536,23.43712676],[-75.65059805,23.43707252],[-75.65007806,23.43755555],[-75.65075314,23.43890524],[-75.65321982,23.44138205],[-75.65478933,23.43759263],[-75.65177536,23.43712676]],[[-75.84743977,23.51600182],[-75.8446393,23.51456022],[-75.84244382,23.51602793],[-75.84304655,23.51344967],[-75.84198916,23.512591],[-75.83930862,23.5164237],[-75.83063054,23.51913083],[-75.81806123,23.51478243],[-75.81772363,23.51446354],[-75.81792533,23.51403606],[-75.82704616,23.51447713],[-75.82830787,23.51383686],[-75.8289659,23.51262832],[-75.82884335,23.51184964],[-75.82608104,23.50938153],[-75.82641482,23.50519586],[-75.82889283,23.50344872],[-75.82443297,23.5035758],[-75.82333815,23.50330842],[-75.82240617,23.50253928],[-75.81951261,23.49950576],[-75.82212734,23.49916005],[-75.82185733,23.49494064],[-75.82074034,23.49377108],[-75.81770337,23.49228895],[-75.81482184,23.49323261],[-75.80926323,23.49169195],[-75.80508065,23.49629796],[-75.80795085,23.50156784],[-75.80483282,23.50270164],[-75.80189657,23.50096381],[-75.80038071,23.49765301],[-75.80433536,23.49597454],[-75.80766642,23.49224615],[-75.80588806,23.49057257],[-75.80630314,23.48808217],[-75.80445003,23.48731434],[-75.80466771,23.48462868],[-75.80791855,23.47885585],[-75.80597174,23.47930741],[-75.80524814,23.47852504],[-75.80556011,23.47614968],[-75.80390227,23.47217214],[-75.80121243,23.47346485],[-75.79988778,23.47196341],[-75.80543554,23.47031355],[-75.8029108,23.46609771],[-75.79723835,23.46689606],[-75.79507005,23.46344244],[-75.78933656,23.46124601],[-75.77191246,23.45822954],[-75.76565695,23.45979178],[-75.75462937,23.46051395],[-75.75279653,23.46291006],[-75.75047267,23.46084476],[-75.74587321,23.46141934],[-75.73635626,23.45873475],[-75.73011816,23.45979178],[-75.72222543,23.45877445],[-75.72014046,23.45718324],[-75.71943164,23.45303321],[-75.71087408,23.45349348],[-75.69848657,23.44318902],[-75.69509745,23.44214177],[-75.69846261,23.44021821],[-75.69904077,23.43766844],[-75.70109296,23.4372617],[-75.70157421,23.43872035],[-75.69937682,23.44065094],[-75.70408595,23.44108891],[-75.70515776,23.44381845],[-75.70663321,23.44407213],[-75.70982528,23.43925333],[-75.71526277,23.43634546],[-75.71347785,23.43505514],[-75.70829976,23.43607795],[-75.70413435,23.43168652],[-75.69578648,23.43577194],[-75.69391346,23.4347651],[-75.68397832,23.43670106],[-75.67077291,23.43367398],[-75.65727031,23.43783665],[-75.65687346,23.43799555],[-75.65442955,23.44005132],[-75.65405905,23.44458783],[-75.6574862,23.44844973],[-75.65797961,23.44864035],[-75.66053486,23.44821465],[-75.66156626,23.44658625],[-75.66645014,23.44340825],[-75.66858804,23.44290316],[-75.66879284,23.44324863],[-75.66796076,23.44543457],[-75.66586721,23.44519424],[-75.66453564,23.44734013],[-75.66159356,23.44811177],[-75.65973127,23.44990802],[-75.66027653,23.45036554],[-75.66369176,23.45252407],[-75.66405344,23.45253992],[-75.66755927,23.45064151],[-75.67108727,23.45010602],[-75.6791054,23.44952464],[-75.68422723,23.44952714],[-75.68911815,23.45113444],[-75.69277203,23.45302784],[-75.69361985,23.45383322],[-75.69747186,23.46255398],[-75.69972312,23.46581948],[-75.70108712,23.46694815],[-75.70276487,23.46772456],[-75.72711694,23.47332454],[-75.72778165,23.47344863],[-75.72865105,23.4730432],[-75.72862351,23.4726063],[-75.72756577,23.47172225],[-75.72755516,23.47132087],[-75.72848165,23.47083235],[-75.72616875,23.47040415],[-75.7263391,23.46961725],[-75.73240793,23.46711922],[-75.73481297,23.4668436],[-75.73534608,23.46696401],[-75.73711395,23.46790576],[-75.74036241,23.47193146],[-75.74240387,23.47129774],[-75.74815226,23.47618866],[-75.74813271,23.47636664],[-75.74455774,23.47388625],[-75.74052584,23.47419465],[-75.73923016,23.47228444],[-75.73780513,23.47446632],[-75.73918664,23.47565126],[-75.74196362,23.47789586],[-75.74369276,23.47682023],[-75.74553704,23.47900295],[-75.75087416,23.48037136],[-75.75627613,23.48421705],[-75.75629282,23.48454034],[-75.75501263,23.48510933],[-75.75168645,23.48286355],[-75.75101543,23.48284864],[-75.75073433,23.48322845],[-75.75077724,23.48404098],[-75.7532382,23.48546624],[-75.75153995,23.48758996],[-75.75303078,23.48939621],[-75.75291395,23.4896152],[-75.74818647,23.49097276],[-75.74775946,23.49072027],[-75.74669397,23.48965883],[-75.74575305,23.48458326],[-75.74242222,23.48272717],[-75.74203014,23.48280418],[-75.74142432,23.48360193],[-75.74505293,23.48649323],[-75.74460673,23.48783147],[-75.74227464,23.48910916],[-75.74199748,23.48908305],[-75.73991084,23.48640323],[-75.73499084,23.48516583],[-75.73385048,23.48439908],[-75.73291194,23.48315108],[-75.73293674,23.48250496],[-75.73537326,23.48170745],[-75.73705304,23.47940385],[-75.73732758,23.47924674],[-75.73867893,23.48119926],[-75.74071896,23.48024237],[-75.74026215,23.47843063],[-75.73648512,23.47417295],[-75.73600697,23.47409892],[-75.73646867,23.47790122],[-75.73457801,23.47714412],[-75.73466837,23.47849166],[-75.73155391,23.47763824],[-75.73079371,23.47794747],[-75.73063958,23.47835326],[-75.73247123,23.48052382],[-75.73213172,23.48504245],[-75.73938942,23.49105144],[-75.74429524,23.49232233],[-75.74184632,23.49314225],[-75.74576592,23.49768984],[-75.74694908,23.49709344],[-75.74725783,23.49416602],[-75.74911368,23.49806786],[-75.75073755,23.49698591],[-75.75274456,23.49761391],[-75.75101185,23.49343336],[-75.75532496,23.48952305],[-75.75588465,23.48622024],[-75.76348984,23.49111545],[-75.76562536,23.49307513],[-75.76548386,23.49452996],[-75.76086855,23.49503696],[-75.75824368,23.49745977],[-75.75847185,23.49795973],[-75.76209247,23.49839902],[-75.76285625,23.50064266],[-75.7650156,23.50104153],[-75.76657414,23.50286353],[-75.7659955,23.50404894],[-75.76764154,23.50542843],[-75.76533091,23.50634146],[-75.76525617,23.50762725],[-75.77138412,23.50744665],[-75.77613234,23.50924051],[-75.77736056,23.51136506],[-75.7783761,23.51033926],[-75.78081202,23.51296747],[-75.78165364,23.51699531],[-75.78556895,23.51826787],[-75.78581417,23.51892376],[-75.78538561,23.5213294],[-75.78333104,23.52417517],[-75.78321564,23.52471876],[-75.78306711,23.52850926],[-75.78348231,23.52894783],[-75.78414106,23.52830768],[-75.78485262,23.52400458],[-75.78724217,23.52267325],[-75.78893042,23.5229516],[-75.78980601,23.52565384],[-75.79292583,23.52802205],[-75.79388988,23.53335845],[-75.79912496,23.53720105],[-75.80109346,23.54137504],[-75.80151355,23.54147375],[-75.80314708,23.53943527],[-75.80071211,23.53393233],[-75.80377161,23.53107941],[-75.80942333,23.53016245],[-75.81444788,23.533903],[-75.82098257,23.53507841],[-75.82136536,23.53532958],[-75.82560205,23.53837562],[-75.82615495,23.54041505],[-75.82877302,23.54047704],[-75.84083223,23.55135775],[-75.84455311,23.55298066],[-75.84603906,23.5546875],[-75.84618497,23.5546875],[-75.84805405,23.55842245],[-75.85296786,23.56027687],[-75.85927177,23.56698561],[-75.86628604,23.57766056],[-75.87227178,23.58075428],[-75.88188946,23.59168601],[-75.88935375,23.5974946],[-75.90586305,23.61577201],[-75.91055655,23.61902535],[-75.91296613,23.61675417],[-75.91505635,23.61782086],[-75.91639233,23.62378597],[-75.91527176,23.62618434],[-75.90646684,23.62727058],[-75.90431488,23.62914145],[-75.90702653,23.6305809],[-75.91098821,23.62905502],[-75.91516364,23.63373232],[-75.9151839,23.63117325],[-75.9123075,23.62877953],[-75.91678667,23.63044906],[-75.91841173,23.62853813],[-75.91858733,23.63012731],[-75.91636956,23.63199806],[-75.91889465,23.63159585],[-75.91599643,23.63290334],[-75.91744602,23.636289],[-75.92003226,23.63765705],[-75.92055714,23.63775635],[-75.92510045,23.63774705],[-75.92689872,23.63481653],[-75.92969692,23.63288891],[-75.93582463,23.63507295],[-75.9375,23.63643956],[-75.9375,23.63671875],[-75.94157076,23.64048183],[-75.94063425,23.64357591],[-75.95188594,23.65206587],[-75.95793092,23.66046393],[-75.96140528,23.6595366],[-75.97653437,23.66824853],[-75.98065782,23.67442751],[-75.98124695,23.67504144],[-75.98447621,23.6781919],[-75.98981905,23.68116105],[-75.99911463,23.69190347],[-75.99946821,23.69210172],[-76.00066125,23.69133723],[-75.99944675,23.68625462],[-75.99781084,23.68553281],[-75.99837852,23.68090165],[-75.99541604,23.68188608],[-75.99327397,23.67885077],[-75.993402,23.67844236],[-75.99578536,23.67663336],[-75.99677968,23.67734933],[-75.99636126,23.67931783],[-75.99972248,23.67560422],[-75.99946415,23.68120182],[-76.00735855,23.67887974],[-76.01259506,23.67903376],[-76.01318824,23.67740571],[-76.00584865,23.67590582],[-76.00335968,23.67674875],[-76.00242055,23.67552137],[-76.00180185,23.67374861],[-76.00623047,23.67113543],[-76.00697494,23.66786182],[-76.00755072,23.66769707],[-76.01729035,23.66930151],[-76.01704931,23.67102385],[-76.01378834,23.67039144],[-76.01298153,23.67180014],[-76.01385963,23.67307484],[-76.00859296,23.67460322],[-76.01190054,23.67651176],[-76.01778245,23.67711723],[-76.01835215,23.67870545],[-76.01541245,23.67957127],[-76.01518857,23.68080747],[-76.02107334,23.68223202],[-76.02161348,23.6825093],[-76.02319801,23.68464637],[-76.02608311,23.68639505],[-76.02844644,23.69153178],[-76.02840877,23.69472766],[-76.02925014,23.69443703],[-76.03066516,23.69342947],[-76.03115845,23.69220054],[-76.02895117,23.68504703],[-76.03028035,23.68463492],[-76.03207445,23.68595207],[-76.03136361,23.6873914],[-76.03240442,23.68803227],[-76.03359425,23.68514073],[-76.03134227,23.68391967],[-76.03020895,23.6795212],[-76.02803361,23.68344212],[-76.02656841,23.68326783],[-76.02579927,23.68093908],[-76.02307284,23.67900157],[-76.02147496,23.67618334],[-76.02281582,23.67439616],[-76.02536821,23.67707372],[-76.02723503,23.67657781],[-76.02907932,23.67814434],[-76.02758062,23.67014647],[-76.03285778,23.66056645],[-76.03329825,23.65667987],[-76.0350275,23.65583217],[-76.03514612,23.65112543],[-76.03906834,23.6456784],[-76.0479207,23.64021027],[-76.04791474,23.63991416],[-76.04749024,23.63933551],[-76.03951466,23.63936687],[-76.04073274,23.63833845],[-76.03860736,23.63645434],[-76.03696418,23.63137102],[-76.03959525,23.62928367],[-76.04028296,23.62439525],[-76.03603733,23.62496054],[-76.03136694,23.62003446],[-76.02942872,23.61963642],[-76.02942872,23.61820102],[-76.03243411,23.61594784],[-76.03252125,23.61284781],[-76.02345681,23.60955584],[-76.02302003,23.60944438],[-76.02003348,23.60975814],[-76.02004766,23.60949755],[-76.02653408,23.60595906],[-76.02690816,23.60581231],[-76.03526211,23.60355806],[-76.03617525,23.59997547],[-76.03901172,23.59626114],[-76.04168153,23.59617043],[-76.04386413,23.59986413],[-76.04562616,23.59946275],[-76.04655504,23.59637451],[-76.0422101,23.59083331],[-76.04373145,23.58946145],[-76.04369295,23.58464527],[-76.04353356,23.58438015],[-76.03662694,23.57934153],[-76.03463328,23.57958913],[-76.03418851,23.58330071],[-76.0343914,23.58367395],[-76.03766823,23.58371663],[-76.03917146,23.5855571],[-76.03939533,23.58656275],[-76.0385251,23.59194183],[-76.03681385,23.59615862],[-76.03178978,23.60082436],[-76.02558684,23.60237002],[-76.02044272,23.60237002],[-76.00729036,23.59902167],[-76.00303614,23.59657228],[-76.00069344,23.59640324],[-76.00007546,23.59726727],[-75.97817755,23.59299397],[-75.97568917,23.59060884],[-75.96129262,23.58865333],[-75.95933163,23.58710527],[-75.95336032,23.58592844],[-75.94537461,23.57968795],[-75.93795645,23.58007813],[-75.9375,23.57979906],[-75.9375,23.57952011],[-75.93556833,23.57833374],[-75.92922771,23.57642484],[-75.92341173,23.57130766],[-75.91972947,23.57195532],[-75.89842844,23.56163585],[-75.89275563,23.5546875],[-75.89252913,23.5546875],[-75.88969088,23.55145252],[-75.88935888,23.55114996],[-75.88253462,23.54708028],[-75.88186145,23.54426181],[-75.87829185,23.5414108],[-75.87659466,23.53588438],[-75.87130022,23.53253615],[-75.86645865,23.52524221],[-75.86534083,23.52575064],[-75.86454511,23.52862716],[-75.86528778,23.53248692],[-75.86264551,23.53449655],[-75.86302197,23.5402801],[-75.86169362,23.54475081],[-75.86115193,23.54484963],[-75.86066115,23.54460156],[-75.85941732,23.53972995],[-75.85978878,23.53434122],[-75.85185265,23.52538586],[-75.85113657,23.51922321],[-75.84743977,23.51600182]],[[-75.66332424,23.48706305],[-75.65897214,23.48592985],[-75.65868473,23.48606002],[-75.66204274,23.48891676],[-75.66261125,23.48907268],[-75.66409326,23.48853076],[-75.66362822,23.48728275],[-75.66332424,23.48706305]],[[-75.66238856,23.45355511],[-75.65997326,23.45158577],[-75.66044867,23.45714712],[-75.66196024,23.45846891],[-75.66485345,23.4546808],[-75.66238856,23.45355511]],[[-75.66157591,23.07109797],[-75.66180634,23.07123482],[-75.66378927,23.06860018],[-75.66323257,23.06854117],[-75.66179001,23.06958115],[-75.66158164,23.06992602],[-75.66157591,23.07109797]],[[-75.66304958,23.05556691],[-75.66286635,23.05714905],[-75.66627645,23.05431438],[-75.66715658,23.05259693],[-75.66679823,23.05138385],[-75.66304958,23.05556691]],[[-75.67031276,23.0470705],[-75.67020857,23.04917324],[-75.67295468,23.04813373],[-75.67297387,23.04557145],[-75.67226434,23.0455178],[-75.67031276,23.0470705]],[[-75.67766571,23.05473006],[-75.67413747,23.05966651],[-75.67844641,23.05718934],[-75.68121624,23.05310094],[-75.68135297,23.05247855],[-75.68046677,23.05230367],[-75.67766571,23.05473006]],[[-75.67935967,23.42842901],[-75.67847955,23.42837787],[-75.67625046,23.42954278],[-75.67627537,23.42998457],[-75.67797065,23.43091464],[-75.67903697,23.43042612],[-75.67943144,23.43016434],[-75.67970252,23.42881632],[-75.67935967,23.42842901]],[[-75.69423938,23.48331261],[-75.69785786,23.48414338],[-75.69671571,23.47776222],[-75.70276642,23.47342145],[-75.70275676,23.47300172],[-75.70134473,23.47130954],[-75.70008934,23.47185028],[-75.69937646,23.47434306],[-75.69757652,23.47387815],[-75.69767177,23.46887004],[-75.69612372,23.46935141],[-75.69552565,23.46370685],[-75.69090855,23.45683324],[-75.69078088,23.45683086],[-75.69114685,23.46036887],[-75.69129884,23.46077907],[-75.69468522,23.46722197],[-75.69426095,23.47458947],[-75.69623387,23.47580385],[-75.69062364,23.47810805],[-75.68749881,23.47788525],[-75.68742847,23.47832477],[-75.68773735,23.47968662],[-75.68818152,23.48031425],[-75.69423938,23.48331261]],[[-75.69606018,22.16406202],[-75.69789183,22.16598105],[-75.69840205,22.169227],[-75.70043266,22.16920137],[-75.70155275,22.17186308],[-75.70417595,22.17724645],[-75.70496106,22.17636907],[-75.70485675,22.17577577],[-75.70295191,22.17278123],[-75.70317233,22.17196906],[-75.70352662,22.17175472],[-75.70570385,22.17227244],[-75.7071892,22.17088127],[-75.71020424,22.17285526],[-75.71378887,22.17155588],[-75.71482325,22.17067766],[-75.71497655,22.16783762],[-75.71308911,22.16688967],[-75.71606195,22.16226351],[-75.71602857,22.16094124],[-75.71579814,22.16060781],[-75.71170688,22.15826035],[-75.70867276,22.15923512],[-75.70282316,22.15876293],[-75.70088613,22.15702248],[-75.70123482,22.15441263],[-75.70007455,22.15363765],[-75.69757664,22.15480185],[-75.69794476,22.15028942],[-75.69250166,22.14945614],[-75.68967545,22.15104735],[-75.68785155,22.14912415],[-75.68765748,22.15016735],[-75.69200945,22.15547764],[-75.69154525,22.15738738],[-75.69358873,22.15777457],[-75.69341505,22.15887821],[-75.69460642,22.15947676],[-75.69694984,22.15832007],[-75.69759142,22.15893877],[-75.69813716,22.16220093],[-75.69606018,22.16406202]],[[-75.69184792,23.04452586],[-75.69236731,23.04473877],[-75.69342423,23.04394281],[-75.69373524,23.04345536],[-75.69401205,23.04188263],[-75.69338655,23.04168403],[-75.69159865,23.04366541],[-75.69184792,23.04452586]],[[-75.70538497,23.49406815],[-75.70342672,23.49386823],[-75.69970643,23.49652505],[-75.69969213,23.49675155],[-75.70315528,23.4974159],[-75.70549154,23.49704015],[-75.70617044,23.49632597],[-75.70596421,23.49453413],[-75.70538497,23.49406815]],[[-75.73549426,22.99739242],[-75.73415494,22.99675596],[-75.73352373,22.99704754],[-75.73100793,23.00029576],[-75.72914505,23.00505722],[-75.72479773,23.01030087],[-75.72038507,23.01855457],[-75.71220934,23.02734375],[-75.71201503,23.02734375],[-75.71085405,23.02974427],[-75.71206343,23.03095043],[-75.71153974,23.03229427],[-75.70938218,23.03136015],[-75.70670426,23.03199422],[-75.70642126,23.03212285],[-75.70067287,23.03710854],[-75.70271826,23.03790212],[-75.70952976,23.0365231],[-75.71157682,23.03298545],[-75.71405935,23.03291404],[-75.71539485,23.03147614],[-75.71365786,23.02961135],[-75.71396661,23.0280292],[-75.71443963,23.02734375],[-75.71493447,23.02734375],[-75.71634924,23.02631414],[-75.72129726,23.01926005],[-75.72185051,23.01867175],[-75.72549808,23.01604426],[-75.72581995,23.0132606],[-75.72762036,23.01152575],[-75.72896373,23.00741565],[-75.73215353,23.00513911],[-75.73622346,22.99865174],[-75.73549426,22.99739242]],[[-75.73299694,22.17235541],[-75.72957873,22.17630982],[-75.72482705,22.17739725],[-75.72142017,22.17793953],[-75.72104931,22.17782915],[-75.71779931,22.17468858],[-75.71234584,22.17361844],[-75.70980597,22.17544425],[-75.71129835,22.17762065],[-75.71081197,22.17997015],[-75.70902121,22.18009973],[-75.70678055,22.17751825],[-75.70506525,22.17805076],[-75.71158695,22.18649065],[-75.71584296,22.18874943],[-75.71655953,22.19010437],[-75.71535981,22.19110775],[-75.71726048,22.19158196],[-75.71611345,22.19267356],[-75.71640456,22.19406795],[-75.71786416,22.19330478],[-75.71960282,22.19436908],[-75.71854556,22.19647443],[-75.72127736,22.19963896],[-75.72185886,22.20360935],[-75.72480166,22.20638835],[-75.72652805,22.20577204],[-75.72853994,22.20655906],[-75.73107123,22.21292174],[-75.73197377,22.21720636],[-75.73134434,22.21973646],[-75.73493886,22.22459686],[-75.73298573,22.22698295],[-75.73458922,22.23002887],[-75.73607564,22.23301804],[-75.73691964,22.23001397],[-75.74056423,22.23121977],[-75.74224532,22.23068714],[-75.73860025,22.22502995],[-75.73693717,22.21938324],[-75.74005735,22.21242535],[-75.73988545,22.20972943],[-75.73629916,22.20402265],[-75.73062646,22.20299506],[-75.73056781,22.20007098],[-75.73574615,22.20130491],[-75.7446264,22.20866025],[-75.75343883,22.20938277],[-75.75216997,22.20460165],[-75.75039172,22.20326865],[-75.75044012,22.20027077],[-75.74851203,22.19570196],[-75.74390447,22.19609368],[-75.74219811,22.19418514],[-75.74390125,22.18980873],[-75.74400616,22.18902111],[-75.74376166,22.18601358],[-75.74297976,22.18347323],[-75.74129856,22.18180072],[-75.73919976,22.17530465],[-75.73312473,22.16861856],[-75.73299694,22.17235541]],[[-75.71487653,23.50248265],[-75.71562707,23.50124526],[-75.71552622,23.50086641],[-75.70786691,23.49809921],[-75.70690751,23.49822664],[-75.70584917,23.49907005],[-75.70576942,23.49995983],[-75.71079087,23.50258195],[-75.71278524,23.503196],[-75.71342194,23.50339663],[-75.71487653,23.50248265]],[[-75.78057873,23.54154456],[-75.77757585,23.53988338],[-75.77401423,23.53506601],[-75.77182245,23.53449774],[-75.76471007,23.52861965],[-75.76401317,23.5250411],[-75.76146245,23.52219665],[-75.76106036,23.51999915],[-75.75664306,23.51974976],[-75.75261867,23.51605117],[-75.74288297,23.51496375],[-75.73682916,23.50804532],[-75.73393261,23.50854707],[-75.73550355,23.51145267],[-75.73369825,23.51208985],[-75.73265076,23.50879097],[-75.72600627,23.50582993],[-75.7224977,23.50304365],[-75.72060096,23.50135803],[-75.7202208,23.50144076],[-75.71876156,23.50391352],[-75.71615422,23.5048809],[-75.71604645,23.50519347],[-75.73351824,23.51258194],[-75.73599768,23.51616716],[-75.73961878,23.51604784],[-75.75115657,23.52163506],[-75.76449788,23.53317654],[-75.76856256,23.53535962],[-75.77412248,23.54085124],[-75.78023362,23.5446825],[-75.78167522,23.54437137],[-75.78057873,23.54154456]],[[-75.72995424,23.4577831],[-75.72962165,23.45708752],[-75.72884893,23.457183],[-75.72565484,23.458516],[-75.72801304,23.45901096],[-75.7297281,23.45808005],[-75.72995424,23.4577831]],[[-75.72946405,23.43184757],[-75.72859657,23.43328011],[-75.73098195,23.43214905],[-75.73105311,23.43174684],[-75.73013854,23.43151927],[-75.72946405,23.43184757]],[[-75.72903454,23.44002342],[-75.73341513,23.44048107],[-75.73448765,23.44002414],[-75.73761082,23.43737757],[-75.73778105,23.43674207],[-75.73738432,23.43642175],[-75.73195374,23.43771541],[-75.73102808,23.43808746],[-75.72903454,23.44002342]],[[-75.7335695,23.00767505],[-75.73407781,23.00794363],[-75.73483884,23.00630844],[-75.7344104,23.00459385],[-75.7341634,23.00460613],[-75.73316062,23.00652337],[-75.7335695,23.00767505]],[[-75.75515723,22.23381126],[-75.75366664,22.23677552],[-75.75116146,22.23736942],[-75.74829423,22.23592734],[-75.74855244,22.23390365],[-75.74513483,22.23428345],[-75.74528945,22.23620725],[-75.74316096,22.23875928],[-75.74016035,22.23904443],[-75.73976576,22.23951721],[-75.73963594,22.24017358],[-75.74113154,22.24428856],[-75.74413526,22.24902916],[-75.74298465,22.25131023],[-75.74568415,22.25409007],[-75.74505687,22.25691485],[-75.74638915,22.25859284],[-75.74710071,22.26490176],[-75.75065875,22.26661325],[-75.75006986,22.26756525],[-75.74740601,22.26764536],[-75.74713683,22.26799703],[-75.74726295,22.26866198],[-75.75081992,22.27119696],[-75.75298011,22.27206814],[-75.75339997,22.27162492],[-75.75385916,22.26632774],[-75.75380707,22.26601934],[-75.75062215,22.26110303],[-75.75038028,22.25833237],[-75.75183046,22.25552392],[-75.74966514,22.24984336],[-75.75184154,22.24525607],[-75.74978805,22.24409545],[-75.75235605,22.23864317],[-75.75490856,22.23803163],[-75.75683296,22.23957777],[-75.75853395,22.23752892],[-75.757254,22.23337614],[-75.75693607,22.23313665],[-75.75515723,22.23381126]],[[-75.74165654,23.43993914],[-75.74062514,23.44073296],[-75.74061942,23.44087243],[-75.74216831,23.44448304],[-75.74348736,23.44559145],[-75.74409497,23.44559145],[-75.74483681,23.44507444],[-75.74482346,23.44473362],[-75.74421895,23.44381332],[-75.74307776,23.44232702],[-75.74320436,23.44196892],[-75.74582016,23.43976605],[-75.74442816,23.43923354],[-75.74165654,23.43993914]],[[-75.75018811,22.99672318],[-75.74562752,22.99822474],[-75.74463713,22.99994445],[-75.74575424,23.00036383],[-75.74804985,22.99826086],[-75.75259936,22.99709272],[-75.75562656,22.99398077],[-75.75575721,22.99324882],[-75.75467563,22.99317574],[-75.75058866,22.99662232],[-75.75018811,22.99672318]],[[-75.74697197,23.50078392],[-75.75195086,23.50538635],[-75.75217152,23.50520933],[-75.75142705,23.50210476],[-75.75114834,23.50178421],[-75.74774754,23.49972165],[-75.74721384,23.49981344],[-75.74697197,23.50078392]],[[-75.74952996,22.27878666],[-75.75001776,22.27949524],[-75.75161505,22.27850401],[-75.7526952,22.27940726],[-75.75277185,22.27971542],[-75.75019443,22.28111064],[-75.75538754,22.29423273],[-75.75467205,22.29617751],[-75.75645554,22.29874218],[-75.75595665,22.30013013],[-75.75846291,22.30145001],[-75.75761914,22.30203128],[-75.75768363,22.30593252],[-75.76120126,22.31515992],[-75.76115084,22.32138264],[-75.76578736,22.3239876],[-75.76673114,22.32319737],[-75.76553595,22.32085872],[-75.76644361,22.31800103],[-75.76200736,22.31214273],[-75.76544762,22.30573487],[-75.75965953,22.30312932],[-75.75810075,22.29573274],[-75.75969815,22.29363024],[-75.75666785,22.28491104],[-75.75803864,22.28559256],[-75.76168644,22.29233742],[-75.76093388,22.28728557],[-75.75893116,22.28494823],[-75.76050127,22.2804774],[-75.75789607,22.27752435],[-75.75237155,22.27813137],[-75.75106895,22.27691627],[-75.7504245,22.27703536],[-75.74944413,22.27817714],[-75.74952996,22.27878666]],[[-75.75762343,21.71839118],[-75.75613666,21.71778345],[-75.75466883,21.71830487],[-75.75441277,21.71867704],[-75.75526202,21.71965504],[-75.75638342,21.71997738],[-75.75774646,21.71885645],[-75.75762343,21.71839118]],[[-75.77810895,22.29423857],[-75.77552915,22.29444373],[-75.77381921,22.29563045],[-75.77072585,22.29429197],[-75.77032554,22.29436934],[-75.76762605,22.29634786],[-75.76739883,22.29676306],[-75.76839554,22.30194736],[-75.76835132,22.30403078],[-75.76875937,22.30446804],[-75.77087057,22.30535114],[-75.7767328,22.30167568],[-75.77715373,22.30153894],[-75.78376305,22.30008554],[-75.78792131,22.30036271],[-75.78828144,22.30001462],[-75.78836787,22.29942656],[-75.78727198,22.29765606],[-75.78519094,22.29780865],[-75.78070867,22.29397547],[-75.77810895,22.29423857]],[[-75.76920462,22.32273006],[-75.76954222,22.32288873],[-75.77023995,22.32052195],[-75.76988912,22.31957471],[-75.76945186,22.31961715],[-75.76854384,22.32097602],[-75.76854742,22.32161725],[-75.76920462,22.32273006]],[[-75.77119875,22.31443274],[-75.77157593,22.31450164],[-75.77136445,22.31279635],[-75.77101433,22.31208372],[-75.76977467,22.31125844],[-75.76950812,22.31153417],[-75.77119875,22.31443274]],[[-75.77238965,22.28868425],[-75.77184296,22.2886219],[-75.77106547,22.29041624],[-75.77120125,22.29117382],[-75.7725172,22.29229307],[-75.77326035,22.28974414],[-75.77238965,22.28868425]],[[-75.77485585,22.32932854],[-75.77440166,22.32914817],[-75.77486837,22.33113122],[-75.77529144,22.33181262],[-75.77660167,22.33235562],[-75.77689612,22.331339],[-75.77671337,22.33105075],[-75.77485585,22.32932854]],[[-75.78024745,22.3324368],[-75.77786446,22.33344674],[-75.77813685,22.33479786],[-75.77602625,22.33631301],[-75.77519858,22.33742416],[-75.77514994,22.33832037],[-75.77699804,22.34401166],[-75.77722216,22.34410214],[-75.77951324,22.34075844],[-75.77911055,22.33639622],[-75.78063655,22.3359729],[-75.78179193,22.33728874],[-75.78308487,22.33575821],[-75.78323913,22.33518803],[-75.78056443,22.33251083],[-75.78024745,22.3324368]],[[-75.78142941,23.42681265],[-75.78127384,23.42666304],[-75.78081882,23.42666602],[-75.78034425,23.42680705],[-75.77981865,23.42702365],[-75.77904546,23.42731583],[-75.77807355,23.42759097],[-75.77730763,23.42785573],[-75.77688611,23.42803454],[-75.77674985,23.42820966],[-75.77684605,23.42846954],[-75.77711475,23.42880583],[-75.77755821,23.42862284],[-75.77838314,23.42841554],[-75.77914631,23.42815697],[-75.77981353,23.42795694],[-75.78026867,23.42780304],[-75.78053701,23.42768824],[-75.78067613,23.42754817],[-75.78077853,23.42737246],[-75.78096521,23.42720902],[-75.78124213,23.42703497],[-75.78142941,23.42681265]],[[-75.80012167,23.45405734],[-75.80028105,23.44623816],[-75.79250884,23.44627535],[-75.79158163,23.44717514],[-75.79358816,23.44825363],[-75.79332435,23.44856036],[-75.79287672,23.44883096],[-75.78476286,23.45124614],[-75.77943706,23.45444131],[-75.77761865,23.45440245],[-75.77710772,23.4555124],[-75.77735651,23.45631933],[-75.7797662,23.45696986],[-75.78167617,23.45618165],[-75.79529762,23.45638692],[-75.79764128,23.45700336],[-75.79952705,23.45574367],[-75.80012167,23.45405734]],[[-75.78280282,22.28837693],[-75.78400862,22.28969324],[-75.78413034,22.2861284],[-75.78242147,22.28183866],[-75.78143823,22.28130865],[-75.78119004,22.28175914],[-75.78227484,22.2871983],[-75.78280282,22.28837693]],[[-75.78354585,22.32601464],[-75.78195202,22.32537222],[-75.783324,22.32894266],[-75.78376174,22.32944846],[-75.78436124,22.32904315],[-75.78354585,22.32601464]],[[-75.78256083,23.42606211],[-75.78490913,23.42617202],[-75.78670084,23.42465115],[-75.78656554,23.42386806],[-75.78564596,23.42401993],[-75.78256083,23.42606211]],[[-75.78555834,23.54716635],[-75.78320766,23.54473865],[-75.78482282,23.54867578],[-75.78555834,23.54716635]],[[-75.79281235,22.96444654],[-75.78806305,22.96982944],[-75.79130447,22.96845865],[-75.79602158,22.96189928],[-75.79281235,22.96444654]],[[-75.80284035,22.34386563],[-75.80270815,22.34415054],[-75.79861915,22.34469604],[-75.80073917,22.34805918],[-75.80088842,22.34853041],[-75.80044293,22.34929693],[-75.79811907,22.35110176],[-75.79768872,22.35128474],[-75.79675984,22.35113156],[-75.79657435,22.35088491],[-75.79665315,22.34919524],[-75.79418015,22.34812868],[-75.79307663,22.34807885],[-75.79271054,22.34964883],[-75.79352045,22.35128081],[-75.79685688,22.35199261],[-75.79732251,22.35370123],[-75.80718195,22.36323905],[-75.80716884,22.36513603],[-75.81050456,22.36873972],[-75.81089962,22.37216067],[-75.81575418,22.38036907],[-75.81665635,22.39102411],[-75.81683457,22.39166725],[-75.81915355,22.39488184],[-75.81931674,22.39123321],[-75.82099175,22.39304626],[-75.82591355,22.39168811],[-75.82307243,22.38891435],[-75.82194042,22.38395166],[-75.82346857,22.37691092],[-75.8202728,22.37346423],[-75.82289314,22.37079775],[-75.81972826,22.36904657],[-75.8176403,22.36402977],[-75.81437874,22.36272717],[-75.81167781,22.3592931],[-75.81139302,22.35880744],[-75.81093943,22.3572638],[-75.81174743,22.35234165],[-75.80946982,22.35060894],[-75.80902195,22.34509897],[-75.80577111,22.34363425],[-75.80329692,22.34070325],[-75.80289698,22.34078825],[-75.80284035,22.34386563]],[[-75.79501557,22.33704543],[-75.79422545,22.3375349],[-75.79387808,22.33815205],[-75.79448175,22.33948612],[-75.79690027,22.3386029],[-75.79595923,22.33705986],[-75.79501557,22.33704543]],[[-75.79525483,22.32320285],[-75.79470587,22.32421875],[-75.79458356,22.32421875],[-75.79569471,22.32561076],[-75.79794204,22.32613134],[-75.79827332,22.32608116],[-75.79820156,22.32421875],[-75.79801965,22.32421875],[-75.79743886,22.32354403],[-75.79617786,22.32314324],[-75.79525483,22.32320285]],[[-75.80152762,23.430426],[-75.79707301,23.43328655],[-75.79535305,23.43426633],[-75.79515791,23.43468976],[-75.79536891,23.43860483],[-75.79570508,23.4393146],[-75.79803836,23.43975723],[-75.80030405,23.43800127],[-75.80004096,23.43392491],[-75.80252945,23.43090022],[-75.80247056,23.43059397],[-75.80152762,23.430426]],[[-75.79845583,22.96032262],[-75.79885781,22.96048522],[-75.80168128,22.95828581],[-75.80032754,22.95677912],[-75.79979455,22.95689845],[-75.79823625,22.95939326],[-75.79845583,22.96032262]],[[-75.80360067,23.55781853],[-75.80098963,23.55575621],[-75.79937732,23.55582786],[-75.80285847,23.55967784],[-75.80307627,23.55975056],[-75.80360067,23.55781853]],[[-75.8081094,23.45456195],[-75.80820107,23.45517325],[-75.8101083,23.45082963],[-75.80934131,23.44793045],[-75.80787027,23.44701171],[-75.8072319,23.44710135],[-75.80384123,23.45023596],[-75.80786145,23.45346796],[-75.8081094,23.45456195]],[[-75.84594047,23.4770683],[-75.84386635,23.47309482],[-75.83980131,23.4726603],[-75.83909011,23.47191048],[-75.83836532,23.47100937],[-75.83403873,23.46258044],[-75.83065987,23.46337032],[-75.82794881,23.46636081],[-75.82580543,23.46426642],[-75.81767714,23.46592736],[-75.81233728,23.4634763],[-75.80504525,23.46553671],[-75.80471361,23.46711361],[-75.80741525,23.46779525],[-75.80851972,23.46970725],[-75.80895376,23.47195292],[-75.8056401,23.47265887],[-75.80742204,23.47626495],[-75.81034243,23.47616553],[-75.81009913,23.47276306],[-75.81140661,23.47187996],[-75.81586552,23.47212458],[-75.81833684,23.47570646],[-75.81765211,23.47638643],[-75.81454992,23.47542012],[-75.81097424,23.47922313],[-75.80962527,23.47922361],[-75.80806375,23.4829638],[-75.80595076,23.48473012],[-75.80757844,23.48892391],[-75.81173778,23.49209642],[-75.81776285,23.49141324],[-75.82060516,23.49299634],[-75.82198966,23.49416614],[-75.82522476,23.49972093],[-75.82856166,23.49844515],[-75.82885325,23.49823225],[-75.82974076,23.4936825],[-75.82684207,23.49378526],[-75.83306456,23.48579538],[-75.83333695,23.48398471],[-75.83688974,23.48222661],[-75.83924615,23.47916627],[-75.83969116,23.47898316],[-75.84240031,23.47857332],[-75.84489417,23.47958696],[-75.84586334,23.47751975],[-75.84594047,23.4770683]],[[-75.82138705,24.56348968],[-75.81620288,24.56340325],[-75.80952168,24.56397522],[-75.80858874,24.56454861],[-75.80854034,24.56504226],[-75.82138705,24.56348968]],[[-75.80892885,22.95381546],[-75.80930245,22.95476735],[-75.81118858,22.95436203],[-75.81135833,22.95409298],[-75.81180406,22.95106328],[-75.81150746,22.95117843],[-75.80892885,22.95381546]],[[-75.81196845,23.45079875],[-75.81264532,23.45098186],[-75.8128643,23.45077634],[-75.81496453,23.44779932],[-75.81462312,23.44704282],[-75.81343615,23.44716036],[-75.81147587,23.44796515],[-75.81120431,23.44851804],[-75.81149662,23.45046866],[-75.81196845,23.45079875]],[[-75.8163923,22.94551384],[-75.81579936,22.94779181],[-75.81815803,22.94628894],[-75.81872821,22.94488001],[-75.81846011,22.94435024],[-75.81790173,22.94420981],[-75.8163923,22.94551384]],[[-75.82788432,23.57491708],[-75.8284471,23.57361186],[-75.82792425,23.57247674],[-75.82750821,23.57218313],[-75.82316923,23.57093728],[-75.82222533,23.57105315],[-75.82172024,23.57152498],[-75.82228196,23.57271647],[-75.82788432,23.57491708]],[[-75.8237133,22.42445076],[-75.82365787,22.42337286],[-75.82392395,22.42308962],[-75.82572687,22.42354774],[-75.82826245,22.42051876],[-75.82851458,22.4199661],[-75.82825851,22.41890562],[-75.82777655,22.41854763],[-75.82471454,22.41717637],[-75.82444155,22.41728103],[-75.82446027,22.41961861],[-75.82179463,22.42092967],[-75.82252932,22.42334652],[-75.82358754,22.42563021],[-75.8237133,22.42445076]],[[-75.8264662,23.44045496],[-75.82585001,23.44019568],[-75.82344413,23.44143164],[-75.82294273,23.44304574],[-75.82481253,23.44254208],[-75.82666075,23.44089425],[-75.8264662,23.44045496]],[[-75.82492685,22.39823544],[-75.82302225,22.40032125],[-75.82351828,22.40110075],[-75.82698703,22.40037513],[-75.82735455,22.39989626],[-75.82757294,22.39884055],[-75.82741463,22.39861524],[-75.82539833,22.39798474],[-75.82492685,22.39823544]],[[-75.82346416,22.41055965],[-75.82489002,22.41200626],[-75.82388473,22.41562784],[-75.8240087,22.41600847],[-75.82582498,22.41641223],[-75.82648134,22.41651845],[-75.82690012,22.41617501],[-75.82570505,22.41406643],[-75.82731044,22.41298175],[-75.82720566,22.41222715],[-75.82534301,22.40822518],[-75.82486367,22.40835536],[-75.82344234,22.40995145],[-75.82346416,22.41055965]],[[-75.83728993,22.41641486],[-75.83406854,22.42087495],[-75.82965505,22.42173266],[-75.82887602,22.42417026],[-75.82817376,22.42431605],[-75.82690024,22.42570615],[-75.82687795,22.43819821],[-75.82922375,22.4415102],[-75.82941914,22.44476533],[-75.83022416,22.44556916],[-75.83077896,22.44563627],[-75.83469117,22.44372284],[-75.83570671,22.441854],[-75.83529603,22.43884003],[-75.83190012,22.43630373],[-75.83166945,22.43010604],[-75.83395374,22.42459714],[-75.83923507,22.41749454],[-75.83887208,22.41645706],[-75.83749223,22.41539562],[-75.8372761,22.41549754],[-75.83728993,22.41641486]],[[-75.82868552,23.44006896],[-75.82917213,23.44039285],[-75.83167863,23.43897045],[-75.83169496,23.43859482],[-75.83016264,23.43851411],[-75.82851744,23.43892765],[-75.82817852,23.43918145],[-75.82868552,23.44006896]],[[-75.84365201,23.43833315],[-75.83495474,23.44344366],[-75.83111477,23.44308507],[-75.82919776,23.44473672],[-75.82907724,23.4459939],[-75.83328342,23.44607675],[-75.83562136,23.44667745],[-75.83683276,23.44614804],[-75.83754778,23.44564402],[-75.84398186,23.43917584],[-75.84365201,23.43833315]],[[-75.83299243,22.45571887],[-75.83332884,22.45590115],[-75.83938813,22.45252407],[-75.84004915,22.44962883],[-75.84005165,22.44912088],[-75.83860481,22.44727945],[-75.83441496,22.44717515],[-75.83343613,22.44730556],[-75.83192647,22.44779074],[-75.83092904,22.44877863],[-75.83082342,22.44937015],[-75.83299243,22.45571887]],[[-75.8312875,23.57268477],[-75.83166575,23.57447183],[-75.83596826,23.57193565],[-75.83420408,23.57092786],[-75.8338232,23.57093823],[-75.8312875,23.57268477]],[[-75.83516753,22.46339691],[-75.8334372,22.46699107],[-75.83319664,22.46752882],[-75.83169126,22.46776497],[-75.83181214,22.46805561],[-75.83399975,22.46824372],[-75.83448017,22.46879184],[-75.83629763,22.47046626],[-75.83674884,22.47112215],[-75.84017205,22.48012304],[-75.84237313,22.48158467],[-75.84513557,22.47649968],[-75.84479833,22.46968996],[-75.84636438,22.46702838],[-75.84565413,22.46259236],[-75.83996654,22.45945513],[-75.83389068,22.45822382],[-75.83361006,22.459463],[-75.83528638,22.46017981],[-75.83516753,22.46339691]],[[-75.83615363,23.46232605],[-75.83604825,23.46261168],[-75.83879185,23.46646965],[-75.83925045,23.46983027],[-75.84429514,23.47209871],[-75.84479165,23.47284746],[-75.84548402,23.4749155],[-75.84710252,23.4765625],[-75.84771025,23.4765625],[-75.84846687,23.47610867],[-75.84890187,23.47541165],[-75.84793925,23.47182846],[-75.84992695,23.46860838],[-75.84800315,23.46189475],[-75.84453797,23.46101451],[-75.83894777,23.46124494],[-75.83615363,23.46232605]],[[-75.83980215,22.92733645],[-75.84047687,22.92817664],[-75.84270942,22.92756355],[-75.84311175,22.92718291],[-75.84503818,22.92427683],[-75.84434402,22.92277944],[-75.84312928,22.92259932],[-75.84209442,22.92365551],[-75.83992696,22.92701423],[-75.83980215,22.92733645]],[[-75.843032,22.49395251],[-75.84379292,22.49423301],[-75.84410107,22.49372864],[-75.84362292,22.49201703],[-75.84021795,22.48969448],[-75.84104383,22.49223375],[-75.843032,22.49395251]],[[-75.84420943,22.48732686],[-75.84471595,22.48750627],[-75.84570372,22.48669231],[-75.84560704,22.48614275],[-75.84376705,22.48381245],[-75.84342623,22.48411465],[-75.84364235,22.48677063],[-75.84420943,22.48732686]],[[-75.84505224,22.49716795],[-75.84433293,22.5],[-75.84477675,22.5],[-75.8447628,22.50036955],[-75.84609806,22.50215304],[-75.84652138,22.50243115],[-75.84736192,22.50209868],[-75.84779716,22.5],[-75.84764945,22.5],[-75.84764945,22.49958146],[-75.84505224,22.49716795]],[[-75.84682715,22.92010164],[-75.84811461,22.92108083],[-75.85025883,22.91805291],[-75.85004318,22.91774106],[-75.84816778,22.91688705],[-75.8479439,22.91701221],[-75.84548903,22.91954136],[-75.84555566,22.91982436],[-75.84682715,22.92010164]],[[-75.8465687,22.49421573],[-75.84804571,22.49472666],[-75.84888434,22.49399471],[-75.84864116,22.49344015],[-75.84748113,22.49196577],[-75.84654081,22.49205363],[-75.84567165,22.49284828],[-75.84572625,22.49345601],[-75.8465687,22.49421573]],[[-75.85203612,23.46580327],[-75.85278845,23.46600854],[-75.85365236,23.46504605],[-75.85412657,23.46327937],[-75.85371006,23.46275115],[-75.85288668,23.46275568],[-75.85039484,23.46409392],[-75.8502686,23.46469545],[-75.85203612,23.46580327]],[[-75.86256552,23.47597504],[-75.86666036,23.47251356],[-75.86820376,23.46063471],[-75.86743665,23.45964146],[-75.86541164,23.45972514],[-75.86445665,23.46002781],[-75.85698473,23.46383941],[-75.85779035,23.47102547],[-75.85193348,23.47414815],[-75.85165131,23.47675967],[-75.85616755,23.47743177],[-75.86256552,23.47597504]],[[-75.85788047,23.58657944],[-75.85224926,23.58631015],[-75.85201061,23.58668363],[-75.85242426,23.58748543],[-75.85546911,23.58935356],[-75.85633802,23.58949196],[-75.85781157,23.58959472],[-75.85899806,23.58907282],[-75.85940528,23.58853531],[-75.85917652,23.58740461],[-75.85788047,23.58657944]],[[-75.86088872,23.43502903],[-75.85976541,23.43483376],[-75.85677695,23.43602717],[-75.85610425,23.43694377],[-75.85663044,23.43717635],[-75.85770071,23.43728864],[-75.86079264,23.43575895],[-75.86088872,23.43502903]],[[-75.86556757,22.87163007],[-75.86542344,22.87511706],[-75.86205578,22.87936783],[-75.86291933,22.88123405],[-75.86010706,22.89331746],[-75.86126566,22.8927865],[-75.86185753,22.88874912],[-75.86587095,22.88658404],[-75.86918592,22.89161158],[-75.87375843,22.89592636],[-75.87486947,22.89554775],[-75.86988294,22.89057445],[-75.86988711,22.88529944],[-75.86757231,22.88384426],[-75.86919916,22.88161194],[-75.8680433,22.87926602],[-75.86628544,22.87909484],[-75.86915755,22.87738514],[-75.86945295,22.87302208],[-75.86701286,22.87278974],[-75.87144995,22.86773241],[-75.87068164,22.86736774],[-75.86766565,22.86841917],[-75.86796141,22.86978185],[-75.86556757,22.87163007]],[[-75.86145926,23.54019082],[-75.86202967,23.54056394],[-75.86214197,23.5378381],[-75.86092496,23.53658485],[-75.86065435,23.53691685],[-75.86036265,23.53876698],[-75.86053312,23.53923404],[-75.86145926,23.54019082]],[[-75.87339282,24.57326984],[-75.86270094,24.57243085],[-75.86401713,24.57321584],[-75.87819207,24.57543051],[-75.87934685,24.57549202],[-75.87339282,24.57326984]],[[-75.86461091,23.43451345],[-75.86511898,23.43468547],[-75.86759532,23.43431985],[-75.86765456,23.43230522],[-75.86716843,23.43232703],[-75.86461091,23.43451345]],[[-75.87898493,23.47095597],[-75.87910736,23.46820235],[-75.87853324,23.46683145],[-75.87726855,23.46500421],[-75.87349176,23.46223903],[-75.87214935,23.45915461],[-75.87171447,23.45916295],[-75.87006128,23.46000648],[-75.86918652,23.46115816],[-75.86983836,23.46939325],[-75.87144268,23.47024083],[-75.87149227,23.47109056],[-75.87018764,23.47470891],[-75.87037218,23.47502434],[-75.87984681,23.47342324],[-75.87898493,23.47095597]],[[-75.87576473,22.84914494],[-75.87492597,22.8515625],[-75.87512112,22.8515625],[-75.87497616,22.85195315],[-75.87219393,22.86565018],[-75.87371171,22.86492562],[-75.87539184,22.86116207],[-75.87602961,22.8515625],[-75.87613523,22.8515625],[-75.87661445,22.84971023],[-75.87624943,22.84918165],[-75.87576473,22.84914494]],[[-75.88018513,23.45685327],[-75.87595356,23.45912683],[-75.87522686,23.46066844],[-75.87968326,23.46679771],[-75.87990141,23.46685851],[-75.88125896,23.46523714],[-75.88184547,23.45876145],[-75.88047171,23.45660615],[-75.88018513,23.45685327]],[[-75.87927484,22.84568334],[-75.87999284,22.84576881],[-75.88119173,22.84416854],[-75.88097942,22.84025514],[-75.87967134,22.83898485],[-75.87921095,22.83908725],[-75.87891412,22.84547293],[-75.87927484,22.84568334]],[[-75.90333891,23.46412063],[-75.90015948,23.4613862],[-75.89957297,23.4577831],[-75.89905107,23.45721853],[-75.89837146,23.45705807],[-75.89572954,23.45808911],[-75.89682937,23.45614195],[-75.89514971,23.45476258],[-75.89362538,23.45516276],[-75.89270925,23.45597732],[-75.89308667,23.45712066],[-75.89162266,23.45835197],[-75.89079952,23.45744765],[-75.88899767,23.45818543],[-75.88723361,23.46205306],[-75.88394201,23.46017587],[-75.88402104,23.46414626],[-75.88088584,23.46739423],[-75.88057423,23.46847856],[-75.88100314,23.46990752],[-75.88142777,23.47011006],[-75.88502657,23.46964586],[-75.88821435,23.46771145],[-75.89017487,23.46881366],[-75.89140952,23.46826851],[-75.89159453,23.46834087],[-75.89093065,23.47042227],[-75.89299905,23.47090793],[-75.89955115,23.46817505],[-75.90272808,23.46586883],[-75.90341675,23.46442986],[-75.90333891,23.46412063]],[[-75.88292635,23.47263265],[-75.88577843,23.47510016],[-75.88718092,23.47491086],[-75.88648736,23.47388446],[-75.88292635,23.47263265]],[[-75.88504422,23.42664707],[-75.88328683,23.42748976],[-75.88326252,23.42788768],[-75.88570845,23.42851615],[-75.88637733,23.42860425],[-75.88691425,23.42771566],[-75.88538551,23.42663956],[-75.88504422,23.42664707]],[[-75.88544178,22.83049357],[-75.88612306,22.83078742],[-75.88698566,22.82989216],[-75.88868105,22.82369244],[-75.88840914,22.8226788],[-75.88795114,22.82270467],[-75.88509786,22.8284831],[-75.88492215,22.82916737],[-75.88544178,22.83049357]],[[-75.89187038,22.63864684],[-75.89225411,22.63871396],[-75.89291501,22.63794506],[-75.89299941,22.63307905],[-75.88718677,22.62903178],[-75.88758695,22.63155687],[-75.88923228,22.63285351],[-75.89187038,22.63864684]],[[-75.88941956,22.62680841],[-75.88988376,22.62714374],[-75.89090061,22.62632585],[-75.89041722,22.62529016],[-75.88959277,22.62462151],[-75.88783097,22.62452435],[-75.88746107,22.62476695],[-75.88775671,22.62641811],[-75.88941956,22.62680841]],[[-75.88841975,22.82195687],[-75.88864815,22.82202196],[-75.89014435,22.82071066],[-75.89028084,22.82012796],[-75.89000344,22.81843054],[-75.88966095,22.81830382],[-75.88912976,22.81848848],[-75.88800013,22.82134235],[-75.88841975,22.82195687]],[[-75.89324462,24.59832621],[-75.89082062,24.59781826],[-75.88880885,24.59902334],[-75.88881075,24.59938502],[-75.89229035,24.59933031],[-75.89325953,24.59864354],[-75.89324462,24.59832621]],[[-75.97124541,24.58678365],[-75.96577644,24.58526135],[-75.96270144,24.5861479],[-75.96230376,24.58614707],[-75.95977807,24.58551097],[-75.95504105,24.58304298],[-75.95380151,24.58191287],[-75.95288885,24.58049762],[-75.95180845,24.57774556],[-75.95168316,24.57635415],[-75.95192182,24.57515764],[-75.95326364,24.57391465],[-75.95607054,24.57442677],[-75.95637751,24.57317662],[-75.94958317,24.57195365],[-75.94176376,24.56576085],[-75.9375,24.56473207],[-75.9375,24.56501114],[-75.93732631,24.56497776],[-75.93481684,24.56255674],[-75.92455673,24.56605244],[-75.91789687,24.56338263],[-75.91752195,24.56339502],[-75.91003513,24.56494403],[-75.90310395,24.56707704],[-75.90327275,24.5690304],[-75.90020454,24.57024145],[-75.89765596,24.56951594],[-75.8978188,24.56705534],[-75.89558566,24.567734],[-75.89211643,24.56698716],[-75.89037454,24.57016325],[-75.89007366,24.57430613],[-75.89061952,24.57564306],[-75.90516007,24.57408512],[-75.91556454,24.5756433],[-75.9375,24.58342636],[-75.94410622,24.58531225],[-75.94740725,24.58862436],[-75.95543826,24.5871253],[-75.96450365,24.58821213],[-75.96962142,24.59037483],[-75.97054243,24.59058797],[-75.97294617,24.59002602],[-75.97124541,24.58678365]],[[-75.89092553,22.81025052],[-75.89130855,22.8103106],[-75.89217961,22.80991745],[-75.89339554,22.80480421],[-75.8944422,22.80434811],[-75.89456904,22.80386424],[-75.89373434,22.80241895],[-75.8921411,22.80230975],[-75.89149427,22.80252826],[-75.89037907,22.80399144],[-75.89012015,22.80847466],[-75.89092553,22.81025052]],[[-75.89160514,22.81332755],[-75.89216137,22.81338072],[-75.89302194,22.81086731],[-75.89280701,22.81060493],[-75.89193857,22.81069601],[-75.89112294,22.81126976],[-75.89100647,22.81240416],[-75.89160514,22.81332755]],[[-75.89891231,23.44148457],[-75.89881372,23.44113314],[-75.89679646,23.44107282],[-75.89595532,23.4424082],[-75.89644325,23.44293916],[-75.89732611,23.44322586],[-75.89831221,23.44257295],[-75.89891231,23.44148457]],[[-75.90210474,22.74216044],[-75.90249586,22.74225104],[-75.90465355,22.74047852],[-75.9048146,22.74026275],[-75.90572894,22.73805916],[-75.90571105,22.73772955],[-75.90173411,22.73363006],[-75.90154934,22.73370337],[-75.90159523,22.7410897],[-75.90210474,22.74216044]],[[-75.90174103,22.74967301],[-75.90271854,22.74993718],[-75.90444231,22.7493062],[-75.90615094,22.74622714],[-75.90524065,22.74327767],[-75.90504408,22.74332356],[-75.90451813,22.74765623],[-75.90436685,22.74792135],[-75.90156806,22.74915564],[-75.90174103,22.74967301]],[[-75.90169716,22.72840524],[-75.90193343,22.72871125],[-75.90266132,22.72716975],[-75.90260255,22.72640026],[-75.90199316,22.72580826],[-75.90170598,22.72605407],[-75.90169716,22.72840524]],[[-75.91024685,23.45694375],[-75.90573704,23.45729065],[-75.90303564,23.46227956],[-75.90749264,23.4622488],[-75.91251695,23.46073127],[-75.91313827,23.45689034],[-75.91024685,23.45694375]],[[-75.90764117,22.71890044],[-75.90683794,22.7169044],[-75.90617943,22.71692085],[-75.90558183,22.71794295],[-75.90551841,22.71895754],[-75.90603328,22.72015953],[-75.90642703,22.72019136],[-75.90764117,22.71890044]],[[-75.90653264,22.72348464],[-75.90711486,22.72395515],[-75.90767217,22.72299385],[-75.90745676,22.72172928],[-75.90708232,22.72107494],[-75.90655804,22.72117174],[-75.90606892,22.72186375],[-75.90605521,22.72274387],[-75.90653264,22.72348464]],[[-75.90677094,22.74097157],[-75.90698564,22.74202287],[-75.90781963,22.74147785],[-75.90805411,22.74085343],[-75.90755093,22.73928344],[-75.90678978,22.73986423],[-75.90677094,22.74097157]],[[-75.90979397,22.71623576],[-75.90970814,22.71888626],[-75.91090143,22.71992886],[-75.91088831,22.71576512],[-75.9103322,22.71584105],[-75.90979397,22.71623576]],[[-75.911327,23.43842626],[-75.91002107,23.43991995],[-75.91217876,23.43981516],[-75.91261518,23.43950737],[-75.91313267,23.43839371],[-75.91204727,23.43814564],[-75.911327,23.43842626]],[[-75.91559172,23.46674228],[-75.92552674,23.46284425],[-75.93108904,23.45984626],[-75.93271935,23.45773685],[-75.93040288,23.45709705],[-75.92883003,23.45737433],[-75.92412412,23.45741665],[-75.92277503,23.45809317],[-75.91535401,23.46082485],[-75.91481876,23.46118045],[-75.91366744,23.46357596],[-75.91095817,23.46486843],[-75.91050851,23.46695697],[-75.91559172,23.46674228]],[[-75.91754532,23.43961227],[-75.9186666,23.44007826],[-75.91945803,23.43963444],[-75.92035568,23.43797314],[-75.92016077,23.43747973],[-75.91841936,23.43882787],[-75.91754532,23.43961227]],[[-75.92288625,23.43743694],[-75.92455745,23.43785954],[-75.92519927,23.43759286],[-75.92616558,23.43647635],[-75.92518365,23.43622756],[-75.92288375,23.43702066],[-75.92288625,23.43743694]],[[-75.93000543,23.64748216],[-75.92952645,23.64733064],[-75.92903662,23.64745843],[-75.92781973,23.64853644],[-75.92783022,23.64892185],[-75.92888463,23.65148187],[-75.92931342,23.65196073],[-75.92971885,23.6519109],[-75.93102407,23.65039873],[-75.93000543,23.64748216]],[[-75.94805658,23.45463741],[-75.94736588,23.4527086],[-75.94547546,23.45233965],[-75.94232845,23.45291436],[-75.9375,23.45479906],[-75.93617404,23.45539522],[-75.93390596,23.45818841],[-75.9375,23.46065843],[-75.9375,23.4609375],[-75.94376755,23.46465814],[-75.94609797,23.46414804],[-75.94453394,23.46065795],[-75.94805515,23.45496047],[-75.94805658,23.45463741]],[[-75.93925798,23.44297516],[-75.93861175,23.44133806],[-75.9375,23.44140625],[-75.93700123,23.44159293],[-75.93602133,23.44318497],[-75.93613112,23.44358396],[-75.9375,23.44391727],[-75.93897557,23.44394267],[-75.93925798,23.44297516]],[[-75.93929243,23.46545076],[-75.9375,23.46316957],[-75.9375,23.46484375],[-75.93913734,23.46562827],[-75.93929243,23.46545076]],[[-75.95380533,23.66622794],[-75.94782865,23.66473734],[-75.94736934,23.66498435],[-75.94696081,23.66583383],[-75.94924545,23.66876686],[-75.94953525,23.66889572],[-75.95196486,23.66976655],[-75.95253634,23.66997361],[-75.95468843,23.66764414],[-75.95481324,23.66738558],[-75.95426631,23.66650713],[-75.95380533,23.66622794]],[[-75.95053756,23.43465996],[-75.95018995,23.43579006],[-75.95411575,23.4333781],[-75.95450795,23.43291366],[-75.95376265,23.43267643],[-75.95053756,23.43465996]],[[-75.95339584,23.43739784],[-75.95105708,23.43863523],[-75.95061386,23.43933737],[-75.95094931,23.43989933],[-75.95205641,23.43951845],[-75.95456672,23.43761027],[-75.95435405,23.43735373],[-75.95339584,23.43739784]],[[-75.95811236,23.6765269],[-75.95392382,23.67513287],[-75.95285773,23.67659771],[-75.95532906,23.68025267],[-75.95678425,23.68104231],[-75.95794284,23.68145132],[-75.95919442,23.68011308],[-75.95811236,23.6765269]],[[-75.95805347,23.67135787],[-75.95648682,23.67112327],[-75.95388782,23.67116845],[-75.95307934,23.67229784],[-75.95343184,23.67288923],[-75.95407915,23.67333281],[-75.95809054,23.67278695],[-75.95818651,23.67171741],[-75.95805347,23.67135787]],[[-75.97409856,23.44263744],[-75.97288835,23.44172084],[-75.97258067,23.44173098],[-75.96911824,23.44470406],[-75.96143687,23.44711614],[-75.95738435,23.44952476],[-75.95679653,23.45026624],[-75.95723796,23.45313847],[-75.95763207,23.45339012],[-75.95978594,23.45291471],[-75.96039987,23.45303166],[-75.96572506,23.4542706],[-75.96775246,23.45289743],[-75.97109652,23.45109737],[-75.9731462,23.44799626],[-75.97328568,23.44518638],[-75.97464848,23.44389832],[-75.97471726,23.44362056],[-75.97409856,23.44263744]],[[-75.96981597,23.68420506],[-75.9691354,23.6826359],[-75.96895564,23.68246806],[-75.96749365,23.68235326],[-75.96684456,23.6825155],[-75.96677172,23.68373168],[-75.96841705,23.68436074],[-75.96981597,23.68420506]],[[-75.97533786,23.68470812],[-75.97146571,23.68292344],[-75.97109044,23.68335056],[-75.97115886,23.68410277],[-75.97284496,23.68624341],[-75.97593153,23.68912125],[-75.97671413,23.68879485],[-75.97550774,23.68485236],[-75.97533786,23.68470812]],[[-75.97928858,23.68981552],[-75.97784162,23.68932295],[-75.97620034,23.6912626],[-75.97919393,23.69097006],[-75.97928858,23.68981552]],[[-75.97934926,23.43954575],[-75.97812092,23.44067323],[-75.97770023,23.44137895],[-75.97809386,23.44231355],[-75.97881925,23.44262862],[-75.98000324,23.44156981],[-75.98058295,23.44004154],[-75.98025692,23.43928993],[-75.97934926,23.43954575]],[[-75.98253334,23.69295096],[-75.98108625,23.69259775],[-75.98062897,23.69576764],[-75.98360813,23.69974566],[-75.98445022,23.69999397],[-75.98526633,23.70008135],[-75.98654616,23.69893265],[-75.98627424,23.69767571],[-75.98605382,23.69727767],[-75.98294032,23.6933459],[-75.98253334,23.69295096]],[[-75.99392915,23.70837831],[-75.99480665,23.70877075],[-75.99589062,23.70770323],[-75.99775016,23.70588326],[-75.99873126,23.70307827],[-75.9971174,23.70171595],[-75.99147105,23.70163465],[-75.99106014,23.70194328],[-75.9905169,23.70323002],[-75.99070215,23.70363355],[-75.99299514,23.70493317],[-75.99392915,23.70837831]],[[-75.99620402,23.68006396],[-75.99609828,23.67975164],[-75.99597168,23.67980397],[-75.99583852,23.68007827],[-75.99570525,23.68044984],[-75.99568331,23.68081677],[-75.99581254,23.68104207],[-75.99604046,23.68114865],[-75.99627185,23.68072796],[-75.99620402,23.68006396]],[[-76.00571787,23.71542728],[-76.00609005,23.71522963],[-76.00065732,23.71026707],[-76.00077903,23.70860267],[-75.99720061,23.70732772],[-75.99697113,23.70767236],[-75.99836445,23.71073985],[-75.9989084,23.71123421],[-76.00396585,23.71490741],[-76.00571787,23.71542728]],[[-76.01574314,23.43611634],[-76.00940216,23.43742716],[-76.00615656,23.43650234],[-76.00459266,23.43727255],[-76.00385296,23.43855786],[-76.00094914,23.43758488],[-75.99809361,23.43867993],[-75.99795771,23.43916631],[-75.99881244,23.44060755],[-76.00280654,23.44215477],[-76.00424516,23.44646871],[-76.00635576,23.44776404],[-76.00934517,23.44580972],[-76.01663017,23.44369471],[-76.02145922,23.44064856],[-76.02153695,23.44002271],[-76.01574314,23.43611634]],[[-76.00352573,23.69721568],[-76.00643802,23.70008087],[-76.00745165,23.69746077],[-76.00729835,23.69686234],[-76.00545466,23.69493425],[-76.00431335,23.69488478],[-76.00402307,23.69501364],[-76.00352573,23.69721568]],[[-76.00734568,23.71525025],[-76.00955713,23.715312],[-76.01038826,23.71515381],[-76.00942886,23.71391702],[-76.00878096,23.71377301],[-76.00713623,23.71433401],[-76.00692642,23.7145828],[-76.00734568,23.71525025]],[[-76.02247775,23.72332037],[-76.02124763,23.72119021],[-76.02301598,23.72024715],[-76.02307856,23.71881974],[-76.01043141,23.71577525],[-76.01103592,23.71707344],[-76.01373768,23.71738362],[-76.01369548,23.71911871],[-76.01530826,23.72011316],[-76.02029061,23.72058666],[-76.02098024,23.72308326],[-76.02173364,23.72345614],[-76.02222061,23.72352946],[-76.02247775,23.72332037]],[[-76.03246736,23.73046875],[-76.03256893,23.73036993],[-76.02367675,23.7246114],[-76.02329755,23.72462845],[-76.02296448,23.72543704],[-76.02580476,23.72941566],[-76.02942371,23.73046875],[-76.03019285,23.73046875],[-76.03025377,23.73075998],[-76.03149188,23.73123062],[-76.03246736,23.73046875]],[[-76.06525493,23.72035003],[-76.06806827,23.72148895],[-76.07288945,23.72112155],[-76.06766987,23.71982503],[-76.06389105,23.71294546],[-76.06462908,23.70818865],[-76.07014465,23.70356953],[-76.07144606,23.70079935],[-76.06510401,23.68861115],[-76.06902564,23.68021655],[-76.06723547,23.67259741],[-76.06548667,23.67081976],[-76.06383455,23.67215586],[-76.06207883,23.67039263],[-76.0576545,23.66937947],[-76.05879974,23.66641295],[-76.05781496,23.66417933],[-76.05915844,23.66276741],[-76.05571783,23.66091228],[-76.0553565,23.65960336],[-76.05784321,23.65524387],[-76.0526129,23.65335906],[-76.05167675,23.6520735],[-76.04688323,23.65205097],[-76.04526711,23.65049243],[-76.04489624,23.64435732],[-76.04114354,23.64623201],[-76.03638315,23.65104878],[-76.03561926,23.65798581],[-76.03906667,23.65716398],[-76.04018903,23.65439212],[-76.03892982,23.65205824],[-76.03994405,23.65187442],[-76.04183602,23.65443635],[-76.03980732,23.65922797],[-76.04132497,23.66041672],[-76.04485667,23.6601423],[-76.04595506,23.65852761],[-76.05088186,23.66789985],[-76.05093122,23.66966891],[-76.05078602,23.67033112],[-76.04842675,23.67419934],[-76.03760016,23.67986393],[-76.04002011,23.68821144],[-76.04001546,23.68898046],[-76.03865945,23.69080436],[-76.03787136,23.69133055],[-76.03690374,23.69140053],[-76.03437257,23.69031966],[-76.03404987,23.69045937],[-76.03286684,23.69150162],[-76.03253376,23.69221115],[-76.03389597,23.69454467],[-76.02516901,23.69839191],[-76.025195,23.69875824],[-76.02951086,23.69997275],[-76.03107572,23.70220804],[-76.03210282,23.7022897],[-76.03324485,23.70225096],[-76.03388035,23.70198238],[-76.03392124,23.69945741],[-76.03248096,23.69858766],[-76.03251934,23.69818437],[-76.03417707,23.69587564],[-76.0349822,23.69561446],[-76.03815317,23.69704771],[-76.03924477,23.69852376],[-76.03996027,23.69878101],[-76.04267633,23.69853461],[-76.04656458,23.7000854],[-76.05762291,23.70996761],[-76.06134427,23.71640575],[-76.06525493,23.72035003]],[[-76.03360307,23.67672372],[-76.03562665,23.68026185],[-76.04323292,23.67433143],[-76.04444957,23.67320085],[-76.04453266,23.67281294],[-76.04346836,23.66870356],[-76.04463172,23.66838241],[-76.04508972,23.66732895],[-76.04505074,23.66581738],[-76.04451287,23.66480911],[-76.03962636,23.6609621],[-76.03562176,23.66147721],[-76.03442454,23.66200066],[-76.03343272,23.66292655],[-76.02943945,23.66906583],[-76.03014755,23.67452085],[-76.03045225,23.67501795],[-76.03360307,23.67672372]],[[-76.04773641,23.73907554],[-76.04797471,23.7387346],[-76.04533374,23.73403954],[-76.04696298,23.73046875],[-76.04738235,23.73046875],[-76.04826105,23.72858298],[-76.04499555,23.72741055],[-76.03899336,23.72748482],[-76.03662765,23.72788751],[-76.03464961,23.72898054],[-76.0346173,23.72933555],[-76.03703332,23.73046875],[-76.03720593,23.73046875],[-76.03734696,23.73076951],[-76.04735148,23.73931456],[-76.04773641,23.73907554]],[[-76.04158723,23.45268154],[-76.04218411,23.45279121],[-76.04380441,23.45182836],[-76.04395676,23.45159602],[-76.04437613,23.44978964],[-76.04379582,23.44853735],[-76.04347312,23.44841576],[-76.04184985,23.44889951],[-76.03957236,23.44897854],[-76.039168,23.44933641],[-76.03907073,23.44991076],[-76.04158723,23.45268154]],[[-76.04338217,23.44468474],[-76.0436939,23.44477928],[-76.04556894,23.44186175],[-76.04413915,23.44177377],[-76.04312217,23.44234335],[-76.04242051,23.44378054],[-76.04338217,23.44468474]],[[-76.05120206,23.72685373],[-76.05022347,23.72581995],[-76.04932904,23.72589684],[-76.04846323,23.72703934],[-76.04851794,23.72785556],[-76.04888845,23.72813976],[-76.05118465,23.7290436],[-76.05168295,23.72850835],[-76.05120206,23.72685373]],[[-76.04954648,23.60511696],[-76.05010796,23.60532153],[-76.05104494,23.60467064],[-76.05161571,23.60339832],[-76.05121136,23.60281706],[-76.05035615,23.60274208],[-76.04951811,23.60310543],[-76.04924095,23.60397363],[-76.04954648,23.60511696]],[[-76.11769533,23.77335262],[-76.11567044,23.77263176],[-76.10390008,23.77289832],[-76.10078001,23.76760673],[-76.09637427,23.76627004],[-76.09595704,23.76466584],[-76.09295428,23.76466775],[-76.09069121,23.76268446],[-76.08616817,23.76155746],[-76.08399975,23.75499284],[-76.08102965,23.75204694],[-76.06852674,23.74860644],[-76.06809294,23.74338174],[-76.0664041,23.74199331],[-76.06246996,23.74153614],[-76.06240964,23.73896277],[-76.05795372,23.74016011],[-76.05349135,23.73886776],[-76.05345094,23.7409389],[-76.05590975,23.74267185],[-76.05900526,23.74438846],[-76.06148243,23.74440372],[-76.06373417,23.74868906],[-76.07122195,23.7511456],[-76.07492566,23.75420475],[-76.07779038,23.75896812],[-76.08008087,23.75888431],[-76.08755183,23.76543093],[-76.09250665,23.76731122],[-76.09418476,23.76905453],[-76.09463406,23.77202094],[-76.1010915,23.77655101],[-76.10131514,23.77804613],[-76.09980071,23.7783848],[-76.10129356,23.78025568],[-76.10146761,23.78036535],[-76.10289872,23.77934957],[-76.10472155,23.78074634],[-76.10627341,23.77879691],[-76.11089301,23.78319335],[-76.11207986,23.78033376],[-76.11240876,23.77998877],[-76.11887097,23.77520835],[-76.11878777,23.77489376],[-76.11769533,23.77335262]],[[-76.05973637,23.57637501],[-76.06032062,23.57551193],[-76.06009614,23.57495463],[-76.05975235,23.57496047],[-76.05827475,23.57747734],[-76.05973637,23.57637501]],[[-76.06634653,23.57701647],[-76.06439388,23.57622051],[-76.05880225,23.58333612],[-76.05896771,23.58357346],[-76.06118143,23.58244932],[-76.06134152,23.58246672],[-76.06234264,23.58359015],[-76.06372201,23.58334625],[-76.06662762,23.57965767],[-76.06683087,23.57920873],[-76.06688476,23.57730556],[-76.06634653,23.57701647]],[[-76.06041002,23.58830011],[-76.06109238,23.58855021],[-76.06164765,23.58794105],[-76.06246996,23.58636391],[-76.0622617,23.5858134],[-76.06140375,23.58569884],[-76.06065845,23.58598721],[-76.05987704,23.58742833],[-76.06041002,23.58830011]],[[-76.06654596,23.57602537],[-76.06723464,23.57667255],[-76.06777596,23.57678425],[-76.07051337,23.57280874],[-76.07037783,23.57229924],[-76.06881523,23.57206225],[-76.06785321,23.572281],[-76.06588745,23.57437456],[-76.06654596,23.57602537]],[[-76.07831204,23.69854832],[-76.07932496,23.69629466],[-76.07738996,23.69507694],[-76.07687521,23.69318342],[-76.07670546,23.69308722],[-76.0730406,23.69515371],[-76.07278597,23.69573355],[-76.07256198,23.69941688],[-76.07493627,23.69968653],[-76.07526076,23.69978726],[-76.07831204,23.69854832]],[[-76.09105384,23.69462705],[-76.08925951,23.69310522],[-76.085765,23.69315481],[-76.0851562,23.69334066],[-76.08175743,23.69557464],[-76.08373594,23.69825423],[-76.08864582,23.69704175],[-76.09091938,23.69507694],[-76.09105384,23.69462705]],[[-76.09276521,23.69262993],[-76.09540546,23.69383574],[-76.09655118,23.6938591],[-76.09926665,23.69422555],[-76.10312855,23.69374204],[-76.10573661,23.69263136],[-76.10200584,23.69155073],[-76.10019696,23.69207525],[-76.09535646,23.68648064],[-76.09506857,23.68627346],[-76.09316731,23.68640065],[-76.09312296,23.68643844],[-76.09187996,23.68878114],[-76.09188604,23.68932402],[-76.09250307,23.69217384],[-76.09276521,23.69262993]],[[-76.12631774,23.69589281],[-76.12309921,23.69411671],[-76.11851394,23.69457555],[-76.11296177,23.6920377],[-76.11208046,23.68912554],[-76.11120272,23.69104004],[-76.10927784,23.69122291],[-76.10890675,23.69163656],[-76.10939574,23.69291413],[-76.11702454,23.69637513],[-76.11778915,23.69663525],[-76.12606287,23.69708192],[-76.12708342,23.69681954],[-76.12631774,23.69589281]],[[-76.10985196,25.10156345],[-76.10912216,25.10151875],[-76.10919225,25.10252023],[-76.11121571,25.10471952],[-76.10985196,25.10156345]],[[-76.11364198,23.78667211],[-76.11295044,23.78659844],[-76.11210907,23.7876085],[-76.11450243,23.78969395],[-76.11479676,23.78776205],[-76.11458731,23.78733432],[-76.11364198,23.78667211]],[[-76.12355793,25.0832355],[-76.12398446,25.08803117],[-76.12682736,25.08767724],[-76.12881756,25.08970487],[-76.12860501,25.0977838],[-76.13219476,25.10196805],[-76.13265777,25.11336195],[-76.12913883,25.1173532],[-76.12430465,25.11464953],[-76.11574364,25.11710155],[-76.11529636,25.11748648],[-76.11568391,25.12020326],[-76.11345077,25.12698507],[-76.1133759,25.12786531],[-76.11359584,25.12999988],[-76.11446035,25.13029671],[-76.11587572,25.12784052],[-76.11929154,25.12624228],[-76.12052453,25.12656164],[-76.12341714,25.12890816],[-76.12744224,25.13671875],[-76.12845874,25.13716412],[-76.13250613,25.14300537],[-76.13304877,25.15113235],[-76.14868474,25.16331184],[-76.1624577,25.16833305],[-76.16693091,25.16873276],[-76.18053925,25.17771173],[-76.18927944,25.18061113],[-76.19445825,25.18360913],[-76.19743705,25.1836493],[-76.22300231,25.19938052],[-76.22771537,25.19905865],[-76.22811556,25.19930005],[-76.23536384,25.20453036],[-76.2380321,25.21008253],[-76.24310136,25.21450806],[-76.25906766,25.22166956],[-76.26871932,25.23056114],[-76.27365625,25.23884904],[-76.28299832,25.243999],[-76.2890625,25.25],[-76.28925276,25.24998116],[-76.29346275,25.25663996],[-76.29701364,25.25764775],[-76.29972911,25.26057291],[-76.30322134,25.26139021],[-76.30943811,25.26933527],[-76.31510031,25.27347386],[-76.32206404,25.28503871],[-76.32908523,25.29293311],[-76.33156502,25.29961526],[-76.33489466,25.30213368],[-76.33730876,25.30093026],[-76.34022427,25.30389667],[-76.33985138,25.31006253],[-76.34267485,25.3125],[-76.34276915,25.3125],[-76.34689093,25.32370913],[-76.35045362,25.32790375],[-76.35135984,25.33167446],[-76.35279512,25.33361244],[-76.36536205,25.34726155],[-76.36788738,25.34948647],[-76.37328672,25.35237706],[-76.37381411,25.35224557],[-76.37443006,25.35158968],[-76.37454414,25.34762645],[-76.3758105,25.34739912],[-76.37703466,25.34875774],[-76.37751305,25.34861875],[-76.37805343,25.34820437],[-76.38168335,25.34086335],[-76.38834238,25.33819807],[-76.39404857,25.33837664],[-76.39925182,25.33712566],[-76.41098273,25.33753645],[-76.41288185,25.33628285],[-76.41790032,25.33658743],[-76.42193985,25.33842003],[-76.42870748,25.33819914],[-76.43247366,25.33956587],[-76.44209147,25.34305656],[-76.44361365,25.34387803],[-76.46823156,25.35917008],[-76.47693765,25.36055446],[-76.48522484,25.36642528],[-76.49344385,25.36725533],[-76.49676895,25.36817265],[-76.50003564,25.36937344],[-76.50250483,25.37134433],[-76.51855314,25.37717736],[-76.52372158,25.38031995],[-76.52717924,25.38463044],[-76.53132308,25.3852396],[-76.54588866,25.39923465],[-76.55392432,25.40948248],[-76.56555593,25.41955233],[-76.58364451,25.42636752],[-76.58617306,25.4285928],[-76.59730542,25.43334293],[-76.60493541,25.4395014],[-76.60485816,25.44095445],[-76.60855925,25.44289851],[-76.60908806,25.44573796],[-76.61324835,25.44963574],[-76.61994481,25.46609926],[-76.62268472,25.46845257],[-76.62591827,25.47512913],[-76.62711811,25.47456527],[-76.62810767,25.4694432],[-76.62288356,25.46396387],[-76.62266147,25.46358526],[-76.62193835,25.46023643],[-76.62219477,25.45970225],[-76.62313771,25.45882118],[-76.62602782,25.45724011],[-76.62690794,25.45696938],[-76.63188314,25.45594466],[-76.63460982,25.45594466],[-76.640625,25.45814717],[-76.640625,25.45842636],[-76.64429176,25.46029341],[-76.64928412,25.46451235],[-76.65560722,25.47243965],[-76.65734971,25.47644687],[-76.66119421,25.47976685],[-76.66149366,25.48018074],[-76.66277385,25.48302531],[-76.6631968,25.48828661],[-76.66320324,25.48869956],[-76.66459036,25.49016964],[-76.66327608,25.49287593],[-76.66391504,25.49422705],[-76.66583621,25.49476385],[-76.66682971,25.49759793],[-76.66509128,25.50035298],[-76.66693652,25.50125217],[-76.66734493,25.50756407],[-76.66770935,25.50819767],[-76.67212558,25.50861835],[-76.67180908,25.5103054],[-76.67609751,25.51162434],[-76.67741621,25.51494885],[-76.67801046,25.51507187],[-76.67895496,25.51462686],[-76.67990148,25.51132524],[-76.68148518,25.51260412],[-76.68402362,25.50909758],[-76.69123936,25.50888586],[-76.69335365,25.51069295],[-76.69763815,25.51073873],[-76.69655061,25.5074228],[-76.6939677,25.50558257],[-76.69270444,25.50567901],[-76.69280422,25.50698257],[-76.69173098,25.50737894],[-76.68633234,25.50659907],[-76.68567872,25.50404274],[-76.68307936,25.50152564],[-76.68495953,25.49850762],[-76.68907523,25.49846506],[-76.69394004,25.49654925],[-76.69174194,25.49473596],[-76.69048965,25.49608827],[-76.68647742,25.49608397],[-76.69043374,25.49483037],[-76.68730354,25.49331868],[-76.68862402,25.49151063],[-76.69121587,25.49164844],[-76.69182503,25.49060726],[-76.69729722,25.48898375],[-76.70014524,25.48944855],[-76.6995877,25.49193156],[-76.69447231,25.49262631],[-76.69351041,25.49359834],[-76.69586265,25.49506795],[-76.69464004,25.49748552],[-76.70000327,25.50000381],[-76.69806397,25.5015223],[-76.70231783,25.50220525],[-76.70473945,25.50391305],[-76.70723915,25.50912976],[-76.70504045,25.51095045],[-76.70153975,25.50840151],[-76.70033038,25.50878382],[-76.70189488,25.51473403],[-76.70619702,25.51808286],[-76.70733833,25.52195775],[-76.70677543,25.52354968],[-76.70486045,25.52413011],[-76.70157194,25.53601444],[-76.70482814,25.53715944],[-76.70824516,25.53020585],[-76.713135,25.52982903],[-76.71370852,25.53168488],[-76.71050966,25.53312731],[-76.70798552,25.53766286],[-76.71034217,25.53870416],[-76.70582104,25.53941905],[-76.70483661,25.54111314],[-76.70697284,25.54107261],[-76.70665395,25.54404211],[-76.70004702,25.54241693],[-76.69333565,25.54311335],[-76.69147432,25.54123414],[-76.68993676,25.54341996],[-76.68679071,25.54333937],[-76.68266988,25.54722261],[-76.67847002,25.54815435],[-76.67671692,25.54723823],[-76.67512786,25.54885805],[-76.66949391,25.54807866],[-76.66538453,25.55005574],[-76.66858292,25.54995215],[-76.67041147,25.5510534],[-76.67235351,25.54977644],[-76.67346477,25.55145502],[-76.68249655,25.55378246],[-76.68739676,25.55661118],[-76.68615985,25.5581938],[-76.68679535,25.55873632],[-76.69475985,25.5587877],[-76.71010923,25.56191242],[-76.71473944,25.56147134],[-76.71918201,25.56271195],[-76.71980763,25.5627079],[-76.72216952,25.56211734],[-76.72484171,25.55825376],[-76.72551358,25.55890274],[-76.73878145,25.55767965],[-76.73777986,25.55543232],[-76.73805642,25.55315495],[-76.73838556,25.55260384],[-76.74419105,25.54874611],[-76.74422276,25.54833412],[-76.74262285,25.54768395],[-76.73611867,25.55023074],[-76.73253155,25.54662144],[-76.72698975,25.54368103],[-76.72528744,25.54144692],[-76.72410953,25.53752792],[-76.72744143,25.52303135],[-76.73653471,25.50792897],[-76.74473441,25.49935377],[-76.74884558,25.48828125],[-76.74927294,25.48828125],[-76.75039613,25.48726952],[-76.75113177,25.48395812],[-76.76138663,25.46775305],[-76.76157331,25.46724856],[-76.76196051,25.45637763],[-76.76465201,25.4414978],[-76.76683438,25.44123983],[-76.77276945,25.42987347],[-76.78072155,25.42168915],[-76.78767586,25.41109753],[-76.79378891,25.40498781],[-76.79252863,25.40381312],[-76.79135275,25.40339458],[-76.78501081,25.40336251],[-76.78125274,25.40526426],[-76.778041,25.40951657],[-76.77825415,25.41302717],[-76.77268434,25.41806507],[-76.7616471,25.42592502],[-76.75786591,25.42814505],[-76.74765146,25.43366933],[-76.73244405,25.43998158],[-76.71373725,25.44572234],[-76.70773125,25.44695711],[-76.70172572,25.44751513],[-76.69460917,25.44636154],[-76.68692231,25.44440413],[-76.67349327,25.44053972],[-76.66338325,25.43669236],[-76.65522075,25.43507576],[-76.64397264,25.43449962],[-76.640625,25.43498886],[-76.61670387,25.43973207],[-76.60917544,25.43964386],[-76.60749972,25.43914235],[-76.60348666,25.43635535],[-76.60223246,25.43317461],[-76.59868681,25.43063486],[-76.59790516,25.42895842],[-76.59780323,25.42843926],[-76.59898794,25.42568862],[-76.59521616,25.42454576],[-76.59125686,25.41881943],[-76.59158361,25.41613245],[-76.58979416,25.41259301],[-76.59141052,25.41033006],[-76.59106565,25.40907764],[-76.5857259,25.40804446],[-76.58176363,25.40372002],[-76.57282627,25.39968276],[-76.56862712,25.39428282],[-76.56500566,25.39363682],[-76.55968368,25.38991034],[-76.55738294,25.38979614],[-76.55058455,25.38422978],[-76.53961194,25.37781036],[-76.53457105,25.37204134],[-76.52979135,25.36919224],[-76.52838683,25.36554766],[-76.51881921,25.36169875],[-76.51428115,25.35613513],[-76.49215555,25.34529066],[-76.48466504,25.34305894],[-76.48412347,25.34312296],[-76.48371124,25.34352803],[-76.48387432,25.34528875],[-76.47991657,25.34788525],[-76.47718906,25.34930181],[-76.47435832,25.34927535],[-76.47285247,25.34760535],[-76.46697152,25.34715736],[-76.46453476,25.34486794],[-76.45589566,25.34411395],[-76.45422494,25.34161377],[-76.44781184,25.33736193],[-76.44429243,25.33628845],[-76.43468118,25.3355726],[-76.43326521,25.33504891],[-76.43133342,25.33307707],[-76.43141067,25.33119667],[-76.42318416,25.33167052],[-76.38791883,25.33026504],[-76.38054872,25.32947195],[-76.37401795,25.32804227],[-76.36886406,25.32622886],[-76.36102772,25.32250655],[-76.35110295,25.3125],[-76.35099423,25.3125],[-76.34955943,25.31001782],[-76.34609687,25.30752301],[-76.34285402,25.29804266],[-76.33768165,25.29198813],[-76.33674705,25.29001677],[-76.33531272,25.28666925],[-76.33522737,25.28229976],[-76.32910717,25.28048956],[-76.32634354,25.27584243],[-76.32088947,25.27197742],[-76.31939995,25.26975214],[-76.31917942,25.26937497],[-76.31780756,25.26525486],[-76.31810772,25.25925398],[-76.31969714,25.25750887],[-76.32326055,25.25765944],[-76.32345271,25.25713944],[-76.32298887,25.25615513],[-76.32193947,25.25521326],[-76.31792867,25.25543106],[-76.31588864,25.25424373],[-76.31467497,25.25067878],[-76.31677234,25.24963284],[-76.31662142,25.24948251],[-76.31531167,25.24896681],[-76.31427646,25.24926317],[-76.31043303,25.25245345],[-76.30990362,25.25258827],[-76.30486941,25.25239944],[-76.30399835,25.24880886],[-76.2975744,25.24625432],[-76.29429197,25.2428503],[-76.29355192,25.23798692],[-76.28970611,25.23727715],[-76.2890625,25.23604906],[-76.28783858,25.2344923],[-76.28521311,25.23355174],[-76.28019035,25.22868347],[-76.27732027,25.22390378],[-76.27259135,25.21941924],[-76.26407933,25.21646881],[-76.26218724,25.21245623],[-76.25615418,25.21003675],[-76.25837231,25.20667326],[-76.25814402,25.20440161],[-76.25269806,25.20221818],[-76.24699175,25.20233631],[-76.24475646,25.19550025],[-76.24800265,25.19262135],[-76.25196207,25.19509041],[-76.25208926,25.19260013],[-76.24827695,25.19024825],[-76.24546135,25.19180596],[-76.23800051,25.18824208],[-76.23675084,25.18633616],[-76.23743773,25.18363905],[-76.23344934,25.18133545],[-76.22976065,25.17730486],[-76.22562516,25.17588747],[-76.22337556,25.17275548],[-76.2225281,25.17022753],[-76.22335637,25.16693234],[-76.22177684,25.16412544],[-76.21582472,25.16356754],[-76.21142745,25.15882015],[-76.19864333,25.15225375],[-76.19184232,25.15245116],[-76.18729305,25.14831972],[-76.1842066,25.14942706],[-76.17763412,25.14757633],[-76.16993082,25.14223325],[-76.16952765,25.13817775],[-76.16741824,25.13671875],[-76.16573572,25.13397205],[-76.16123235,25.13223398],[-76.16068792,25.12965906],[-76.15907633,25.12809265],[-76.15879178,25.12783515],[-76.15611374,25.1273632],[-76.15462065,25.12504566],[-76.15203762,25.12377965],[-76.15165842,25.12324333],[-76.15194285,25.11768568],[-76.15436006,25.11672008],[-76.15516591,25.11317956],[-76.15781975,25.11041164],[-76.15758276,25.10745037],[-76.15454972,25.10616302],[-76.15144527,25.10721445],[-76.14898086,25.10669935],[-76.14755905,25.10468245],[-76.14727497,25.10034788],[-76.14604294,25.09848106],[-76.14554524,25.09790182],[-76.14258337,25.09719372],[-76.14229906,25.09676445],[-76.14085364,25.09371746],[-76.14156485,25.08487701],[-76.14042747,25.07867575],[-76.14239395,25.05427825],[-76.14130437,25.05279768],[-76.14097273,25.04018056],[-76.14310408,25.02365816],[-76.14286745,25.01578331],[-76.14357793,25.01295078],[-76.14675057,25.00290871],[-76.15051544,24.99799478],[-76.15050256,24.99786925],[-76.15953565,24.98857486],[-76.16533613,24.98381126],[-76.17002332,24.98054981],[-76.18924463,24.97052896],[-76.19305515,24.96773946],[-76.1984061,24.9609375],[-76.19971275,24.95875633],[-76.20544255,24.93644285],[-76.2091459,24.90868163],[-76.21536195,24.89057314],[-76.21607876,24.88547325],[-76.21435297,24.87367213],[-76.21234214,24.86999238],[-76.20888805,24.86775374],[-76.20297253,24.85731852],[-76.19893765,24.85600483],[-76.19773555,24.85356605],[-76.19277847,24.85042763],[-76.19052124,24.84721494],[-76.18918633,24.85134912],[-76.19131601,24.85052562],[-76.19217801,24.85170317],[-76.19189751,24.85698354],[-76.19302571,24.85756624],[-76.19371796,24.86199057],[-76.19172823,24.86984801],[-76.19341135,24.88084686],[-76.19158745,24.88568008],[-76.19120944,24.88635922],[-76.18692803,24.88930452],[-76.17955744,24.8911401],[-76.17099381,24.88797307],[-76.16571856,24.88470817],[-76.16555405,24.88442051],[-76.16511953,24.88324153],[-76.16560781,24.87834954],[-76.16547084,24.87750566],[-76.16389942,24.87096941],[-76.16270435,24.86778486],[-76.15879047,24.86207044],[-76.15837347,24.85573494],[-76.15602982,24.84971797],[-76.15602791,24.84528303],[-76.15808535,24.83774781],[-76.16198051,24.83212674],[-76.16432238,24.82999384],[-76.16503704,24.82956433],[-76.17077255,24.82800305],[-76.17120945,24.82773745],[-76.17516851,24.82447267],[-76.17813694,24.82350612],[-76.17927861,24.82157445],[-76.18157506,24.82142866],[-76.18483293,24.81699014],[-76.18500864,24.81436753],[-76.19328976,24.8206073],[-76.19359934,24.82364476],[-76.20110858,24.82332528],[-76.20276487,24.82239306],[-76.20720732,24.82414877],[-76.20605063,24.82057285],[-76.20091355,24.81590664],[-76.19945765,24.81272185],[-76.19649303,24.81347084],[-76.19453847,24.81132007],[-76.19468296,24.80660236],[-76.20073593,24.80099332],[-76.20345652,24.79613948],[-76.20679796,24.79492295],[-76.21756184,24.78637886],[-76.22034526,24.78515625],[-76.22039628,24.78498876],[-76.22049844,24.78493297],[-76.22060084,24.78498876],[-76.22065186,24.78515625],[-76.22095883,24.78515625],[-76.22285688,24.78378797],[-76.22468531,24.78441715],[-76.22545028,24.78429317],[-76.22807252,24.78347325],[-76.2293632,24.78226185],[-76.23416066,24.78428102],[-76.24172628,24.78272176],[-76.24220705,24.78271747],[-76.25358415,24.78323245],[-76.25971293,24.78501308],[-76.2596122,24.78515625],[-76.25986803,24.78515625],[-76.26526403,24.78827143],[-76.27217758,24.79497528],[-76.28704715,24.79984283],[-76.28893542,24.80163956],[-76.2890625,24.80161834],[-76.28934395,24.79981363],[-76.2890625,24.79938614],[-76.28755736,24.79937911],[-76.28761613,24.79925656],[-76.2890625,24.79882812],[-76.29231751,24.79976571],[-76.2968533,24.80455911],[-76.30008328,24.80616856],[-76.3016988,24.80950642],[-76.3073529,24.81349027],[-76.30895495,24.81667805],[-76.31272161,24.81927502],[-76.31482816,24.81816435],[-76.31650412,24.81895196],[-76.3289026,24.83202887],[-76.33686078,24.83400834],[-76.33752954,24.83711183],[-76.34024656,24.83649373],[-76.34394276,24.84030795],[-76.34511876,24.83913493],[-76.34476483,24.83556557],[-76.34618962,24.83022487],[-76.34155154,24.81833494],[-76.34136975,24.81737495],[-76.34107447,24.81079567],[-76.34208667,24.80825305],[-76.34200525,24.80794275],[-76.3411628,24.80556333],[-76.34060001,24.80484641],[-76.33776641,24.8036046],[-76.33257258,24.79127216],[-76.32901275,24.78515625],[-76.32863617,24.78515625],[-76.32757413,24.78357506],[-76.32544434,24.78245616],[-76.31349623,24.78063047],[-76.31313562,24.78048754],[-76.30882156,24.77817035],[-76.30857277,24.77675235],[-76.30116022,24.77607715],[-76.29771495,24.7741183],[-76.29675472,24.77390003],[-76.2890625,24.77315843],[-76.28740036,24.77312982],[-76.28614414,24.77265441],[-76.28160286,24.76954126],[-76.2812103,24.76942372],[-76.27971613,24.76961136],[-76.27962255,24.76991963],[-76.27999258,24.77135313],[-76.2890625,24.77566957],[-76.2890625,24.77594864],[-76.29432273,24.77851367],[-76.28992248,24.77836514],[-76.2890625,24.77790165],[-76.27890885,24.77498877],[-76.27331185,24.77219296],[-76.26796734,24.76942313],[-76.26492977,24.76637352],[-76.26478767,24.76485717],[-76.26687551,24.76431],[-76.26835084,24.76648045],[-76.27528787,24.7685436],[-76.28038347,24.76771092],[-76.27239382,24.76473725],[-76.26938403,24.76209593],[-76.27004123,24.76050866],[-76.26827037,24.75889766],[-76.26579154,24.76010096],[-76.26208997,24.75873208],[-76.26053262,24.75739396],[-76.26055574,24.75479746],[-76.26273167,24.75374818],[-76.26144433,24.75242186],[-76.24878478,24.74830556],[-76.22844911,24.73261344],[-76.2268666,24.72906566],[-76.22824931,24.72592747],[-76.22381568,24.71798027],[-76.22400665,24.71322584],[-76.21945703,24.70874095],[-76.21832406,24.70593786],[-76.21926796,24.70398283],[-76.21481466,24.69451332],[-76.21179235,24.69178236],[-76.20972621,24.68781412],[-76.20928347,24.68394268],[-76.20399284,24.67600274],[-76.20453584,24.67430866],[-76.19608843,24.67008805],[-76.19438112,24.66690028],[-76.18845391,24.6627568],[-76.18609953,24.65977478],[-76.18330264,24.65275383],[-76.18411255,24.65056622],[-76.18254817,24.64621341],[-76.18044734,24.64250255],[-76.17732871,24.64022505],[-76.17475665,24.63147306],[-76.16993725,24.62833774],[-76.16844666,24.62321031],[-76.1636914,24.62242782],[-76.16042554,24.61994994],[-76.15869141,24.6169126],[-76.15544164,24.61687458],[-76.15355217,24.61526096],[-76.15121424,24.61672378],[-76.14876032,24.61672795],[-76.14443004,24.61243892],[-76.1454004,24.61558723],[-76.14503586,24.62603021],[-76.15015686,24.63645613],[-76.15474856,24.65856123],[-76.16138291,24.67927384],[-76.16425335,24.68052113],[-76.1718235,24.68732047],[-76.17487013,24.69425941],[-76.17535734,24.70053315],[-76.18266785,24.70212913],[-76.18319118,24.70244885],[-76.18669546,24.70595193],[-76.18933916,24.71114874],[-76.19235683,24.72217822],[-76.19236946,24.72257471],[-76.19163275,24.72473085],[-76.18910611,24.72573531],[-76.19113255,24.7349056],[-76.19001222,24.74031234],[-76.19417906,24.74563122],[-76.19449937,24.74720967],[-76.1942836,24.75008845],[-76.19238055,24.75292826],[-76.19128895,24.75420582],[-76.19105268,24.75431657],[-76.18889105,24.7542541],[-76.18939567,24.75792408],[-76.18748796,24.76520646],[-76.17989564,24.76896536],[-76.18081164,24.77137744],[-76.17890787,24.77906406],[-76.17440236,24.78374255],[-76.17326045,24.7845813],[-76.17046523,24.78456485],[-76.16996098,24.78217006],[-76.16916728,24.78181696],[-76.16832292,24.78248966],[-76.1672734,24.78515625],[-76.16706038,24.78515625],[-76.16617155,24.78757203],[-76.16539085,24.79834294],[-76.16526496,24.79870915],[-76.16065395,24.80518556],[-76.15610147,24.81798863],[-76.14985514,24.82216334],[-76.14601076,24.83149874],[-76.14379823,24.83264005],[-76.13984215,24.84111238],[-76.13775826,24.84183931],[-76.13762104,24.8422029],[-76.13593423,24.86012387],[-76.13391686,24.86402571],[-76.13380945,24.86491084],[-76.13363135,24.86934376],[-76.13470483,24.87646961],[-76.13501132,24.87764752],[-76.13870621,24.88802135],[-76.13897598,24.89127493],[-76.13762665,24.89378226],[-76.13779843,24.8948189],[-76.14151895,24.90889192],[-76.14248312,24.91751921],[-76.14797175,24.9253931],[-76.14818418,24.93494642],[-76.15023017,24.93435383],[-76.15195334,24.93184078],[-76.15225196,24.92819977],[-76.15034604,24.92296004],[-76.14831448,24.92117751],[-76.14834785,24.91838408],[-76.15004265,24.91515946],[-76.1539855,24.91460586],[-76.15613008,24.91671634],[-76.15732336,24.91517556],[-76.15855527,24.91604471],[-76.16251767,24.92120385],[-76.16405714,24.92634571],[-76.16412544,24.92680264],[-76.16266847,24.93405592],[-76.15924621,24.93851256],[-76.15695643,24.93938744],[-76.14955926,24.93614626],[-76.14769793,24.93722224],[-76.14971817,24.94418466],[-76.15297461,24.94526112],[-76.15546715,24.94400108],[-76.15627015,24.94421637],[-76.15785384,24.94524372],[-76.15967035,24.94771791],[-76.16052771,24.95358813],[-76.15924323,24.95827901],[-76.15753377,24.9609375],[-76.15524066,24.96261382],[-76.15377617,24.96304154],[-76.15182364,24.9626286],[-76.15108025,24.9609375],[-76.15056825,24.95957303],[-76.14788687,24.95856166],[-76.14751923,24.95885575],[-76.14800715,24.9609375],[-76.14600372,24.97001135],[-76.14215732,24.97109234],[-76.14131105,24.97245204],[-76.14215755,24.97754288],[-76.14188814,24.98127401],[-76.14123428,24.98549294],[-76.13981116,24.98929381],[-76.13023221,25.00930846],[-76.12938571,25.01178396],[-76.12892401,25.01914144],[-76.12665367,25.02388346],[-76.12650502,25.02834034],[-76.12268376,25.0322715],[-76.12312436,25.03491986],[-76.12690341,25.03645468],[-76.12865448,25.03978372],[-76.12919331,25.05149961],[-76.12857735,25.05801988],[-76.12504005,25.06035864],[-76.12361991,25.06614435],[-76.12131023,25.06797898],[-76.11975527,25.07547855],[-76.12355793,25.0832355]],[[-76.11983585,25.10116565],[-76.12156057,25.10539412],[-76.12199521,25.10586262],[-76.12267053,25.10566938],[-76.12295485,25.10515451],[-76.12313247,25.10026205],[-76.11972046,25.09227991],[-76.12128401,25.09002686],[-76.12011123,25.08754837],[-76.12142611,25.08474815],[-76.11787176,25.08259165],[-76.11776531,25.07518876],[-76.11885846,25.07026434],[-76.12059963,25.06785035],[-76.11978233,25.06604791],[-76.12295795,25.05861282],[-76.12197065,25.05484343],[-76.12286794,25.05125105],[-76.12385213,25.04984462],[-76.12685585,25.04918933],[-76.12715316,25.04647851],[-76.12595546,25.04424036],[-76.11870265,25.0411489],[-76.11852086,25.03916514],[-76.1165359,25.0369724],[-76.1166234,25.03339565],[-76.11400533,25.03685224],[-76.11577678,25.04004288],[-76.11491013,25.04292595],[-76.1178652,25.04617846],[-76.11812985,25.04988444],[-76.11811376,25.05937386],[-76.11779988,25.06211507],[-76.11520708,25.07535207],[-76.11563265,25.08008575],[-76.11364603,25.08125246],[-76.1135534,25.08541763],[-76.11635494,25.08767104],[-76.11971354,25.10103261],[-76.11983585,25.10116565]],[[-76.135203,23.78703105],[-76.14163935,23.78982484],[-76.13838005,23.78357625],[-76.13419771,23.7797966],[-76.12975216,23.76113486],[-76.12759757,23.76188481],[-76.12581694,23.76065135],[-76.12275231,23.76250553],[-76.11988437,23.75968325],[-76.11936986,23.75984645],[-76.11954021,23.76129794],[-76.12248015,23.76916575],[-76.12414897,23.77060413],[-76.12706041,23.77811944],[-76.13302076,23.78323567],[-76.135203,23.78703105]],[[-76.12500775,23.79200494],[-76.12180674,23.79107153],[-76.12002325,23.7911756],[-76.11993945,23.79141557],[-76.12161136,23.79429424],[-76.12181544,23.79498148],[-76.12494063,23.79395843],[-76.12500775,23.79200494]],[[-76.13048172,23.78997886],[-76.13184905,23.78728378],[-76.13193154,23.78698564],[-76.13144362,23.78599608],[-76.13073444,23.78545797],[-76.12334156,23.78381455],[-76.12201464,23.78437924],[-76.12173021,23.78461146],[-76.12203705,23.78522253],[-76.12892866,23.78809953],[-76.12829256,23.79146624],[-76.12830615,23.79205227],[-76.12911081,23.79331708],[-76.13048172,23.78997886]],[[-76.13061225,23.79969215],[-76.13082695,23.79937792],[-76.1307137,23.79809201],[-76.13020802,23.79753494],[-76.12595356,23.79818058],[-76.12607634,23.79850686],[-76.13061225,23.79969215]],[[-76.1339606,23.69678545],[-76.13133216,23.69594097],[-76.12937665,23.69583845],[-76.12777543,23.69680548],[-76.1278789,23.6973387],[-76.12854517,23.69836748],[-76.13122451,23.69957197],[-76.13751197,23.70069432],[-76.13651204,23.69773424],[-76.13609004,23.69756424],[-76.1339606,23.69678545]],[[-76.13334656,23.79498041],[-76.13496137,23.79755247],[-76.13599968,23.79746056],[-76.13756013,23.79725873],[-76.13523245,23.7939471],[-76.13416183,23.79365885],[-76.13368165,23.79404187],[-76.13334656,23.79498041]],[[-76.15738511,23.70399058],[-76.15248477,23.70205176],[-76.15166044,23.70283055],[-76.14983058,23.70015812],[-76.14944196,23.69987357],[-76.14682055,23.69846284],[-76.14293814,23.69666922],[-76.13985574,23.69660366],[-76.13786805,23.69766533],[-76.13754606,23.69861555],[-76.13812506,23.70090055],[-76.14006686,23.70281613],[-76.15003264,23.70568538],[-76.15013373,23.70581436],[-76.15707481,23.71391535],[-76.15887976,23.71369481],[-76.15962052,23.70736384],[-76.15738511,23.70399058]],[[-76.1423099,23.80252862],[-76.14253914,23.80242145],[-76.14189208,23.80078554],[-76.14118147,23.80034566],[-76.13892245,23.80005705],[-76.13827813,23.80031776],[-76.13824677,23.80064845],[-76.1423099,23.80252862]],[[-76.14434195,23.79877067],[-76.14468944,23.79890406],[-76.14640892,23.79860353],[-76.14437234,23.79762268],[-76.14404833,23.79776084],[-76.14347422,23.79821241],[-76.14434195,23.79877067]],[[-76.14430857,23.80087745],[-76.14741421,23.80251992],[-76.14817154,23.80199957],[-76.14785027,23.80013275],[-76.14464486,23.79956043],[-76.14430857,23.80087745]],[[-76.15160835,23.80449796],[-76.15224946,23.80636036],[-76.1550529,23.80399931],[-76.15516365,23.80367255],[-76.15424681,23.80292416],[-76.15263724,23.80287933],[-76.15192091,23.80343974],[-76.15160835,23.80449796]],[[-76.16140687,23.80570352],[-76.16154516,23.80703628],[-76.16127574,23.80790913],[-76.15896964,23.80811322],[-76.15749896,23.81041145],[-76.16038263,23.81213343],[-76.16055775,23.81376386],[-76.16052163,23.81453145],[-76.16304076,23.81823146],[-76.16389024,23.81836414],[-76.16547227,23.81714034],[-76.1656816,23.81684184],[-76.16547263,23.81539297],[-76.16575313,23.81512702],[-76.16797388,23.81358397],[-76.17118013,23.81388044],[-76.17460084,23.81072521],[-76.17496443,23.81014097],[-76.17543018,23.80833387],[-76.1716392,23.80655324],[-76.17135334,23.80312121],[-76.18067563,23.80991566],[-76.18152416,23.80947697],[-76.18154788,23.80817652],[-76.18115127,23.80766165],[-76.17428947,23.80333745],[-76.17125773,23.80289841],[-76.17033243,23.80168796],[-76.16396058,23.80169714],[-76.16209436,23.80174494],[-76.15871477,23.8031677],[-76.15809691,23.80427516],[-76.1581254,23.80450594],[-76.16099048,23.80499172],[-76.16140687,23.80570352]],[[-76.17548525,23.72526681],[-76.17535913,23.72607482],[-76.17378092,23.72788584],[-76.17430997,23.73046875],[-76.17441595,23.73046875],[-76.17442155,23.73090506],[-76.17520595,23.73155677],[-76.17585742,23.73148644],[-76.17687285,23.73060286],[-76.17685521,23.73046875],[-76.17674506,23.73046875],[-76.17628455,23.72783327],[-76.17635727,23.72741735],[-76.1785506,23.72414303],[-76.17869115,23.723315],[-76.17853963,23.71730673],[-76.17639101,23.71738911],[-76.17713475,23.72054911],[-76.17612064,23.72062206],[-76.17555356,23.71561694],[-76.17533827,23.71541905],[-76.16346562,23.70871556],[-76.1631428,23.70884621],[-76.16110194,23.71548545],[-76.15856421,23.71749282],[-76.16169584,23.72019446],[-76.16714275,23.72253883],[-76.16960168,23.72278464],[-76.16946626,23.72093225],[-76.1726073,23.72364807],[-76.17487144,23.72339725],[-76.17548525,23.72526681]],[[-76.17787135,23.74532485],[-76.17732406,23.74503386],[-76.17249775,23.74630034],[-76.16607881,23.74592924],[-76.16496301,23.74716151],[-76.16728175,23.74854612],[-76.17669106,23.74853218],[-76.1821866,23.74912202],[-76.18231785,23.74890172],[-76.1804651,23.74625885],[-76.17787135,23.74532485]],[[-76.18138814,23.81358707],[-76.18052042,23.81345475],[-76.18029165,23.81450427],[-76.18053186,23.81517541],[-76.1823436,23.81682467],[-76.17907155,23.81693006],[-76.18113101,23.82187104],[-76.17994475,23.82276154],[-76.1772716,23.82084465],[-76.17617416,23.82327867],[-76.17762411,23.82335556],[-76.18810654,23.83186758],[-76.19315255,23.839064],[-76.19478715,23.83704984],[-76.19338036,23.83393836],[-76.19481742,23.83131087],[-76.19118226,23.83064616],[-76.18915725,23.82870865],[-76.19167757,23.82356358],[-76.1885637,23.82269382],[-76.18874836,23.82073104],[-76.18302381,23.81661046],[-76.18250453,23.81462276],[-76.18138814,23.81358707]],[[-76.17858243,23.72779405],[-76.18070197,23.73046875],[-76.18081903,23.73046875],[-76.18085384,23.73086393],[-76.18202317,23.73381436],[-76.18266284,23.73440206],[-76.18586302,23.73547697],[-76.18625605,23.73535037],[-76.18752694,23.73046875],[-76.18739855,23.73046875],[-76.18733287,23.72780335],[-76.18699205,23.72702825],[-76.18377244,23.72473276],[-76.18462205,23.722],[-76.18430197,23.7219758],[-76.18013406,23.72312868],[-76.17925072,23.72474742],[-76.17858243,23.72779405]],[[-76.18418992,23.81318152],[-76.18559062,23.81338048],[-76.18691576,23.81264305],[-76.18715513,23.81180418],[-76.18642712,23.81045628],[-76.18581605,23.81032407],[-76.18531466,23.81121337],[-76.18398952,23.81191278],[-76.18418992,23.81318152]],[[-76.18448842,23.74855387],[-76.18543005,23.74930823],[-76.18701076,23.7499305],[-76.18781257,23.75002837],[-76.18873525,23.74902594],[-76.18513751,23.74784505],[-76.18464851,23.74814224],[-76.18448842,23.74855387]],[[-76.18951464,23.73496175],[-76.18758023,23.73695552],[-76.18888593,23.73851466],[-76.18994308,23.73983967],[-76.19061196,23.74004924],[-76.19118953,23.73959422],[-76.19138444,23.73880863],[-76.18996954,23.73487377],[-76.18951464,23.73496175]],[[-76.19227207,25.14360154],[-76.19048643,25.14331031],[-76.18951488,25.14434385],[-76.18964767,25.14481914],[-76.19025588,25.14522231],[-76.19128871,25.14547014],[-76.19162977,25.14521313],[-76.19258034,25.14410293],[-76.19227207,25.14360154]],[[-76.19645691,23.75301027],[-76.19697845,23.75310326],[-76.19610035,23.75149965],[-76.19438505,23.75129282],[-76.19336295,23.75156844],[-76.19378698,23.75240564],[-76.19645691,23.75301027]],[[-76.19533455,23.74063826],[-76.19438374,23.74039447],[-76.19375265,23.74041033],[-76.19359136,23.74182737],[-76.19682062,23.74305403],[-76.19533455,23.74063826]],[[-76.20170295,23.83988166],[-76.19757235,23.83875954],[-76.20201731,23.84424806],[-76.205724,23.84889758],[-76.20576584,23.84722102],[-76.20402777,23.84554887],[-76.20404005,23.84495735],[-76.20431435,23.84416187],[-76.20601153,23.84444904],[-76.20672011,23.84336901],[-76.20658255,23.84320414],[-76.20439875,23.84320664],[-76.20170295,23.83988166]],[[-76.20103967,23.73981535],[-76.20039213,23.74417722],[-76.20087254,23.74464035],[-76.20390058,23.74517524],[-76.20855486,23.74508464],[-76.20877457,23.74463058],[-76.20669186,23.741611],[-76.20636976,23.74138248],[-76.20207298,23.73888373],[-76.20153523,23.73874044],[-76.20103967,23.73981535]],[[-76.20922995,23.85223913],[-76.21009886,23.85244501],[-76.21066713,23.85198283],[-76.20996678,23.85082567],[-76.20801222,23.84941065],[-76.20742524,23.84958243],[-76.20922995,23.85223913]],[[-76.22460675,23.85577106],[-76.22732651,23.85425258],[-76.23080575,23.85493863],[-76.23582697,23.8508929],[-76.2358886,23.85062492],[-76.23315418,23.84638214],[-76.22899461,23.84308064],[-76.22852421,23.84061372],[-76.22304916,23.83761156],[-76.21951544,23.84019625],[-76.21935678,23.84432602],[-76.21790648,23.84555388],[-76.22321224,23.85199535],[-76.22419703,23.85486805],[-76.21877587,23.85154164],[-76.21258295,23.85113585],[-76.21270192,23.84571767],[-76.20785725,23.84638917],[-76.20782745,23.84683144],[-76.21473837,23.85394084],[-76.21590495,23.85893631],[-76.21730077,23.85657752],[-76.2181648,23.85638535],[-76.21903002,23.85659945],[-76.220734,23.85812461],[-76.22311437,23.86184657],[-76.22552836,23.86219156],[-76.22715855,23.85811734],[-76.22460675,23.85577106]],[[-76.21509695,23.83636487],[-76.21495032,23.83605635],[-76.21271133,23.83644211],[-76.21046603,23.83250892],[-76.20950484,23.83342612],[-76.21123147,23.83687425],[-76.21183932,23.83844233],[-76.21214891,23.83895814],[-76.21495187,23.83890653],[-76.21509695,23.83636487]],[[-76.21721578,23.80901885],[-76.21754694,23.80925834],[-76.21766782,23.80731905],[-76.21574128,23.80582356],[-76.2156049,23.80595374],[-76.21721578,23.80901885]],[[-76.21832037,23.81336045],[-76.21796155,23.81340122],[-76.21836364,23.81652713],[-76.21968496,23.81717825],[-76.22071373,23.81650364],[-76.21832037,23.81336045]],[[-76.22421372,23.86637986],[-76.22457445,23.86444104],[-76.22428036,23.86426163],[-76.22321558,23.8641746],[-76.22170663,23.86503434],[-76.22421372,23.86637986]],[[-76.25238764,23.89128196],[-76.25257325,23.88682675],[-76.25567067,23.88698745],[-76.25667954,23.88602293],[-76.25640225,23.88550794],[-76.25483274,23.88422596],[-76.25283492,23.88530302],[-76.25279522,23.88329184],[-76.24951434,23.88277721],[-76.24899566,23.88036656],[-76.24566126,23.87800217],[-76.24476171,23.87526095],[-76.23980737,23.87530494],[-76.24022531,23.87298143],[-76.23720193,23.87039805],[-76.23407543,23.86910295],[-76.23282874,23.86737025],[-76.22754621,23.86628365],[-76.2292937,23.87129486],[-76.23299074,23.87028432],[-76.23525608,23.87169635],[-76.23692274,23.87318635],[-76.23692656,23.87580752],[-76.23993516,23.87651765],[-76.24003267,23.87964106],[-76.24849784,23.88551033],[-76.24976885,23.88748896],[-76.25238764,23.89128196]],[[-76.23352218,23.86519527],[-76.23545933,23.86539292],[-76.23436594,23.86311483],[-76.23404396,23.86289907],[-76.23261333,23.86246955],[-76.23239911,23.86266386],[-76.23253465,23.86364615],[-76.23330104,23.86505151],[-76.23352218,23.86519527]],[[-76.24366975,23.82182837],[-76.24378288,23.8220036],[-76.24503005,23.82154298],[-76.24467731,23.81834507],[-76.24421823,23.81778324],[-76.24372387,23.81804264],[-76.24325895,23.81891584],[-76.24366975,23.82182837]],[[-76.24581301,23.82182872],[-76.24460852,23.82410192],[-76.24585605,23.82514083],[-76.24695516,23.82309711],[-76.24581301,23.82182872]],[[-76.26329732,23.89797306],[-76.26360452,23.89809144],[-76.26541066,23.89533865],[-76.26540566,23.89455712],[-76.26356638,23.89130986],[-76.26308835,23.89105773],[-76.25873244,23.89122975],[-76.25632906,23.89325881],[-76.25592983,23.89331758],[-76.25422323,23.89238381],[-76.25392437,23.89354801],[-76.25483727,23.89452624],[-76.25606024,23.89472127],[-76.26028538,23.89426136],[-76.26210713,23.89788151],[-76.26329732,23.89797306]],[[-76.25561714,23.88217056],[-76.25431621,23.88212275],[-76.25402105,23.88289487],[-76.25572765,23.88417256],[-76.25742602,23.88413954],[-76.25767767,23.8837893],[-76.25731885,23.88285077],[-76.25561714,23.88217056]],[[-76.26111972,23.87516332],[-76.26145542,23.87534177],[-76.2597903,23.86959565],[-76.25769508,23.86919224],[-76.25742221,23.86939716],[-76.26111972,23.87516332]],[[-76.26146805,23.90011156],[-76.26170814,23.89961398],[-76.26154828,23.89848125],[-76.26123762,23.89791048],[-76.25883734,23.89824426],[-76.25861132,23.89869082],[-76.2586658,23.90022755],[-76.26146805,23.90011156]],[[-76.28010273,23.91612494],[-76.27838564,23.91509342],[-76.27666926,23.9110049],[-76.27445686,23.90997005],[-76.27617145,23.90848207],[-76.27610946,23.90804815],[-76.27441394,23.90625],[-76.27442682,23.90625],[-76.27374434,23.90514982],[-76.26664925,23.90061092],[-76.26540756,23.90014076],[-76.26243424,23.90009916],[-76.26059675,23.90124977],[-76.26041806,23.90151155],[-76.26179457,23.90482974],[-76.26575625,23.90531254],[-76.26649904,23.90625],[-76.26647937,23.90625],[-76.26619685,23.90803015],[-76.26802003,23.90851283],[-76.27030468,23.91177356],[-76.2743659,23.91469765],[-76.27535772,23.91751325],[-76.27775657,23.92017674],[-76.27905846,23.92098606],[-76.27997851,23.92075431],[-76.28017998,23.92043686],[-76.28010273,23.91612494]],[[-76.26619196,23.88001645],[-76.26657665,23.88008142],[-76.26685524,23.87708795],[-76.26449525,23.87642026],[-76.26619196,23.88001645]],[[-76.26883996,25.21195471],[-76.27027476,25.21083355],[-76.26694846,25.20971227],[-76.26564395,25.20661426],[-76.26531804,25.20667326],[-76.26557875,25.21112847],[-76.26691592,25.21133494],[-76.26883996,25.21195471]],[[-76.26593804,23.88184845],[-76.26620531,23.88252246],[-76.26806235,23.88525927],[-76.26918817,23.88568795],[-76.26990914,23.88520586],[-76.26765704,23.88128316],[-76.26681876,23.88118935],[-76.26593804,23.88184845]],[[-76.27293706,23.885432],[-76.27437663,23.88769746],[-76.2732743,23.88974404],[-76.27326727,23.89014566],[-76.27418411,23.89094555],[-76.27635694,23.88804495],[-76.27655041,23.88667727],[-76.27642357,23.88599527],[-76.27388525,23.88427806],[-76.27326274,23.88436544],[-76.27264285,23.88489533],[-76.27293706,23.885432]],[[-76.2890625,23.92773426],[-76.28958023,23.92776263],[-76.29022312,23.92624891],[-76.29016352,23.92525387],[-76.2890625,23.92410707],[-76.28750944,23.92206311],[-76.28581095,23.92146277],[-76.28127122,23.92192554],[-76.28118014,23.92226136],[-76.28149784,23.92350376],[-76.2890625,23.92773426]],[[-76.30329382,23.95525074],[-76.30346096,23.95547986],[-76.30568743,23.95449877],[-76.30602193,23.9547739],[-76.3068341,23.95632696],[-76.30992317,23.96159506],[-76.3122853,23.96070242],[-76.31258166,23.96033895],[-76.31132412,23.95803785],[-76.30925834,23.95741045],[-76.31003237,23.95598686],[-76.31197214,23.9564805],[-76.31204546,23.95412731],[-76.31181777,23.95368373],[-76.31091046,23.95242155],[-76.30576646,23.95073485],[-76.30638397,23.9494245],[-76.30499423,23.94750357],[-76.30599236,23.94540405],[-76.30351877,23.94495082],[-76.30256617,23.94278133],[-76.30626607,23.93752551],[-76.30271566,23.93546104],[-76.29869735,23.93551695],[-76.29871202,23.92926431],[-76.29755867,23.92812097],[-76.29688525,23.92777777],[-76.29402995,23.92762172],[-76.29301214,23.92776108],[-76.29029751,23.92906666],[-76.28957367,23.92803884],[-76.2890625,23.92801344],[-76.28641045,23.92762494],[-76.28607452,23.92869484],[-76.28668833,23.93214107],[-76.28895605,23.93254805],[-76.2890625,23.93247771],[-76.2890625,23.93108261],[-76.28887928,23.93103611],[-76.28881836,23.93094313],[-76.28887928,23.93085003],[-76.2890625,23.93080354],[-76.28917944,23.93072963],[-76.28959882,23.93059576],[-76.29137981,23.93116546],[-76.29160082,23.93144095],[-76.29204345,23.9338181],[-76.29192901,23.93451905],[-76.29063058,23.93592143],[-76.29452693,23.93908203],[-76.29395294,23.94001174],[-76.29562843,23.94104135],[-76.2965008,23.94353795],[-76.30154872,23.94743645],[-76.30329382,23.95525074]],[[-76.28950834,23.91418183],[-76.29009795,23.91579962],[-76.29163027,23.91399145],[-76.29114628,23.9133054],[-76.29002798,23.91336823],[-76.28950834,23.91418183]],[[-76.29428673,24.80343175],[-76.29216576,24.80220556],[-76.29186702,24.80234504],[-76.29278076,24.80394328],[-76.29320967,24.80410755],[-76.29428673,24.80399001],[-76.29428673,24.80343175]],[[-76.29397714,23.91869104],[-76.29732847,23.9233762],[-76.29882813,23.92201436],[-76.29881334,23.91895103],[-76.29811478,23.91798365],[-76.29737806,23.91784465],[-76.29532671,23.91784],[-76.29393125,23.91843307],[-76.29397714,23.91869104]],[[-76.40343487,24.11773062],[-76.40520215,24.11632895],[-76.40557516,24.11482334],[-76.41097248,24.10984194],[-76.41128731,24.10838544],[-76.41099834,24.10802805],[-76.40568161,24.10681045],[-76.40208423,24.10440445],[-76.39628816,24.10348916],[-76.3958261,24.10204232],[-76.39583266,24.10136163],[-76.39606214,24.10059595],[-76.39926267,24.09876585],[-76.40251517,24.09947026],[-76.4020791,24.09750044],[-76.40791547,24.09198844],[-76.40943944,24.08891404],[-76.39972818,24.08203125],[-76.39953613,24.08203125],[-76.39961624,24.08188808],[-76.39466345,24.08070767],[-76.38872266,24.08203125],[-76.38872266,24.08217073],[-76.38707185,24.08228242],[-76.38658285,24.08203125],[-76.38610828,24.08203125],[-76.38323796,24.08023822],[-76.38293648,24.07965112],[-76.38307285,24.0785439],[-76.38464355,24.07696676],[-76.38249302,24.07271755],[-76.38268352,24.06795073],[-76.37933934,24.0612787],[-76.37467563,24.05622756],[-76.37523305,24.05399716],[-76.37207031,24.04589844],[-76.3728888,24.03965855],[-76.37636495,24.03669727],[-76.37306654,24.03787005],[-76.37008297,24.03705502],[-76.36724377,24.03498685],[-76.36547482,24.03185153],[-76.36573064,24.0278964],[-76.36038196,24.02870154],[-76.35867405,24.02752686],[-76.35697222,24.02077305],[-76.35357475,24.01992214],[-76.3517189,24.01740396],[-76.34988546,24.01699555],[-76.34664333,24.01297307],[-76.34548783,24.00848675],[-76.34100187,24.00398982],[-76.33707917,23.99336815],[-76.33304012,23.99004292],[-76.33074975,23.98264146],[-76.32563436,23.97447705],[-76.32528102,23.96916521],[-76.31912625,23.96754205],[-76.31772053,23.96206295],[-76.31460881,23.96288872],[-76.31305695,23.96184516],[-76.31236625,23.96194875],[-76.31206071,23.96222544],[-76.31229985,23.96487331],[-76.31402636,23.96841824],[-76.32260084,23.97921586],[-76.32603538,23.98644114],[-76.32749391,23.98565698],[-76.32683706,23.98845565],[-76.32931328,23.99096692],[-76.33033514,23.99486315],[-76.33109462,23.99624395],[-76.3366183,24.00464034],[-76.33696651,24.0050981],[-76.34610093,24.01409304],[-76.36331761,24.03918684],[-76.36456037,24.04560673],[-76.36479306,24.04611874],[-76.37186933,24.05669725],[-76.37469924,24.06600916],[-76.37634206,24.06676364],[-76.37736845,24.06961656],[-76.37747765,24.07007575],[-76.3765825,24.07216024],[-76.37817335,24.07346785],[-76.37809765,24.07605326],[-76.38108647,24.07931066],[-76.38183594,24.08203125],[-76.38169146,24.08203125],[-76.38655245,24.08833182],[-76.38693333,24.09176886],[-76.38865864,24.09453988],[-76.38847077,24.09864771],[-76.39152706,24.09975755],[-76.39167166,24.10143137],[-76.39182687,24.10165954],[-76.39660394,24.10751605],[-76.39769423,24.10808575],[-76.39926195,24.11321473],[-76.40079725,24.11430538],[-76.40063643,24.11585093],[-76.40259421,24.11770058],[-76.40343487,24.11773062]],[[-76.32382965,23.96139133],[-76.32267404,23.9641366],[-76.32666147,23.96543145],[-76.32665443,23.96080422],[-76.32810307,23.95831597],[-76.32429385,23.95638204],[-76.31860483,23.95048594],[-76.31502974,23.95107567],[-76.31724656,23.9538238],[-76.31890917,23.96021736],[-76.32044363,23.96090066],[-76.32270396,23.95973837],[-76.32335532,23.96011043],[-76.32382965,23.96139133]],[[-76.33966982,25.27681196],[-76.3373419,25.27481735],[-76.33722436,25.27688277],[-76.33527136,25.27897263],[-76.3352915,25.27914846],[-76.33727837,25.2789216],[-76.33973944,25.27960622],[-76.34020746,25.27908492],[-76.34038794,25.27836764],[-76.33966982,25.27681196]],[[-76.35512745,24.90499413],[-76.35287964,24.90331197],[-76.35247803,24.90365756],[-76.35253108,24.90478027],[-76.35317016,24.90558517],[-76.35364294,24.90578687],[-76.35512745,24.90499413]],[[-76.37169278,24.90036142],[-76.36971414,24.90014791],[-76.36778176,24.90279222],[-76.36783433,24.90310073],[-76.37169278,24.90036142]],[[-76.39470315,24.92781782],[-76.39429676,24.92758214],[-76.39291382,24.92758334],[-76.39237845,24.92798865],[-76.39316106,24.92898858],[-76.39515722,24.92888033],[-76.39470315,24.92781782]],[[-76.41965425,24.14903545],[-76.42401278,24.14700127],[-76.42418277,24.14646852],[-76.42375767,24.14611781],[-76.41635525,24.14387333],[-76.41536677,24.13928294],[-76.41644692,24.13427603],[-76.41432357,24.13235497],[-76.41438282,24.12949514],[-76.41060221,24.12821805],[-76.40770972,24.12485886],[-76.40624595,24.12040591],[-76.40237927,24.11951053],[-76.40940154,24.12849367],[-76.40971684,24.12905455],[-76.41477752,24.14352918],[-76.41664505,24.14693415],[-76.41927671,24.14896965],[-76.41965425,24.14903545]],[[-76.42376053,24.15405917],[-76.42387044,24.15042448],[-76.42071784,24.15024173],[-76.42239165,24.15412903],[-76.4234184,24.15460014],[-76.42376053,24.15405917]],[[-76.43067646,24.16072822],[-76.42746305,24.15769732],[-76.42724824,24.15742075],[-76.42544532,24.15703964],[-76.42737746,24.16007733],[-76.42702425,24.16136551],[-76.43211961,24.16359592],[-76.43067646,24.16072822]],[[-76.42592585,24.15452385],[-76.42858398,24.15545237],[-76.42952096,24.15576506],[-76.43026376,24.15514433],[-76.42717087,24.1538136],[-76.42639816,24.15384746],[-76.42573786,24.15436316],[-76.42592585,24.15452385]],[[-76.427845,24.15159178],[-76.42890513,24.15219545],[-76.43011391,24.15203404],[-76.43042314,24.15135086],[-76.42689514,24.14846027],[-76.42716575,24.15064502],[-76.427845,24.15159178]],[[-76.43097222,24.16436517],[-76.42967904,24.16397226],[-76.42919064,24.16468036],[-76.42972386,24.16678154],[-76.43116105,24.16490555],[-76.43097222,24.16436517]],[[-76.44137442,24.17853951],[-76.44643474,24.17258155],[-76.44484162,24.17147064],[-76.44475007,24.16816211],[-76.44270325,24.16757762],[-76.4420135,24.16086042],[-76.43966365,24.15773797],[-76.43590605,24.15802801],[-76.43804634,24.16118753],[-76.43792534,24.16375566],[-76.43290746,24.16463625],[-76.43273151,24.16499054],[-76.43537831,24.16765332],[-76.43570793,24.17092693],[-76.43758738,24.17381895],[-76.43780541,24.1801424],[-76.44294584,24.18558311],[-76.44198358,24.18232977],[-76.44278705,24.18012476],[-76.44137442,24.17853951]],[[-76.45619297,24.19948876],[-76.46010518,24.20256686],[-76.45930862,24.2001729],[-76.45723724,24.19854677],[-76.45669615,24.19571424],[-76.45183337,24.19401145],[-76.45147133,24.19376326],[-76.4501363,24.19058824],[-76.44612801,24.18890512],[-76.44549835,24.18901932],[-76.44509745,24.18948746],[-76.44625497,24.19536686],[-76.44734025,24.19671106],[-76.45216668,24.19849515],[-76.45361733,24.19819796],[-76.45445681,24.19628346],[-76.45505965,24.19623971],[-76.45552707,24.1967622],[-76.45619297,24.19948876]],[[-76.45256245,24.18962955],[-76.45698774,24.19472873],[-76.45739865,24.19461966],[-76.45775938,24.19435716],[-76.45789611,24.1930629],[-76.45606816,24.19043016],[-76.45667207,24.18315697],[-76.46025205,24.17983592],[-76.45961165,24.17763126],[-76.45495701,24.17688203],[-76.44814444,24.18050063],[-76.44550025,24.18071103],[-76.44986415,24.18261707],[-76.45144606,24.1879245],[-76.45256245,24.18962955]],[[-76.45883703,24.20553625],[-76.45849955,24.20413566],[-76.45655048,24.20117295],[-76.45226455,24.19951534],[-76.45820844,24.20617545],[-76.45883703,24.20553625]],[[-76.45995832,24.19352162],[-76.46191871,24.19482493],[-76.46435475,24.19493282],[-76.46657157,24.19622374],[-76.4666754,24.19612396],[-76.46638584,24.19215906],[-76.46288204,24.19246686],[-76.46003056,24.19303775],[-76.45995832,24.19352162]],[[-76.46277344,24.19675946],[-76.46196282,24.19566774],[-76.46129537,24.19590163],[-76.46053314,24.19861126],[-76.46224523,24.19977665],[-76.46277344,24.19675946]],[[-76.46492994,24.20568526],[-76.46412075,24.20454586],[-76.46345043,24.20462942],[-76.46395004,24.2073791],[-76.46499777,24.20606697],[-76.46492994,24.20568526]],[[-76.47086442,24.22151542],[-76.47272742,24.22109902],[-76.47281253,24.2197628],[-76.4754374,24.21746862],[-76.47766662,24.21847796],[-76.47873056,24.21779251],[-76.48200226,24.22007275],[-76.48419535,24.21982944],[-76.48602891,24.21847427],[-76.48677623,24.21756876],[-76.48551941,24.21693957],[-76.4851191,24.21429312],[-76.48135495,24.21340597],[-76.47718513,24.20933545],[-76.4729737,24.21058941],[-76.47286296,24.20917022],[-76.47504497,24.2072829],[-76.47494137,24.20680368],[-76.47382736,24.20662022],[-76.47165334,24.20121324],[-76.47009707,24.20242906],[-76.47332954,24.20851326],[-76.47222114,24.20922196],[-76.47247195,24.21082032],[-76.47264361,24.21115923],[-76.47499955,24.2107712],[-76.47632813,24.21411824],[-76.47475708,24.21419263],[-76.47412646,24.21533501],[-76.47107553,24.21543956],[-76.47074068,24.21521497],[-76.46943283,24.21380591],[-76.46916735,24.21314836],[-76.47115815,24.20947742],[-76.4691509,24.20830536],[-76.46914434,24.20320892],[-76.4656074,24.20285845],[-76.46834087,24.20600092],[-76.46608043,24.21072674],[-76.46911454,24.21518946],[-76.47067976,24.22127986],[-76.47086442,24.22151542]],[[-76.47344494,24.14845371],[-76.47272456,24.14857137],[-76.47064471,24.14956474],[-76.4718014,24.15083325],[-76.47484195,24.15113068],[-76.47507346,24.14928424],[-76.47344494,24.14845371]],[[-76.48123395,24.15538991],[-76.47102904,24.16057491],[-76.47112966,24.16068172],[-76.4757694,24.16001117],[-76.48322535,24.15659583],[-76.48402703,24.15512252],[-76.48560655,24.15596151],[-76.48523915,24.15463543],[-76.4870069,24.15227675],[-76.48564637,24.15099883],[-76.47658443,24.14879966],[-76.47734451,24.1509366],[-76.47955167,24.15091264],[-76.47712994,24.15357125],[-76.48094285,24.15298045],[-76.48157406,24.15303957],[-76.4835031,24.15381384],[-76.48344457,24.15421486],[-76.48123395,24.15538991]],[[-76.47563374,24.19012952],[-76.4781419,24.19038665],[-76.47928131,24.18978584],[-76.47892666,24.18919384],[-76.47462261,24.18798745],[-76.47355163,24.18835855],[-76.47326195,24.18870962],[-76.47318923,24.18897665],[-76.47563374,24.19012952]],[[-76.48089623,24.23050022],[-76.48221743,24.22543502],[-76.48018611,24.22505164],[-76.47852325,24.22121894],[-76.47807682,24.22328782],[-76.4756788,24.22307956],[-76.47526455,24.22354114],[-76.47519374,24.22405636],[-76.4765594,24.22565365],[-76.48089623,24.23050022]],[[-76.47605443,24.20475745],[-76.47627985,24.20489275],[-76.47775042,24.20308125],[-76.47550583,24.20205045],[-76.4752897,24.2022382],[-76.47605443,24.20475745]],[[-76.49056995,24.24366331],[-76.49282002,24.24271441],[-76.49290264,24.24261725],[-76.49064398,24.24009025],[-76.48911047,24.23478985],[-76.48751867,24.23374796],[-76.48620832,24.23007083],[-76.48296344,24.23184896],[-76.48035562,24.23096573],[-76.48559821,24.23485076],[-76.48766387,24.24210775],[-76.49056995,24.24366331]],[[-76.48967564,24.22593701],[-76.48841596,24.22682691],[-76.48519766,24.2266041],[-76.48979545,24.22813571],[-76.49104047,24.22946572],[-76.49057257,24.23054063],[-76.49252045,24.23010325],[-76.49650085,24.23246527],[-76.49663651,24.23228574],[-76.49653685,24.23113966],[-76.49007046,24.22586346],[-76.48967564,24.22593701]],[[-76.49969435,24.25209248],[-76.49962652,24.24785805],[-76.49591184,24.24328387],[-76.49468541,24.24336255],[-76.49072826,24.24499631],[-76.49051511,24.24526227],[-76.49111593,24.24937177],[-76.49160886,24.25001466],[-76.49944174,24.25230575],[-76.49969435,24.25209248]],[[-76.50375402,24.23142445],[-76.50173342,24.23052537],[-76.49822581,24.23145235],[-76.49856198,24.23160696],[-76.49998724,24.23289084],[-76.50022423,24.23534763],[-76.50192225,24.23739696],[-76.50205755,24.23385561],[-76.50375402,24.23142445]],[[-76.50213206,24.24915755],[-76.50311601,24.24990416],[-76.50434613,24.24989116],[-76.50234854,24.24722826],[-76.50182104,24.24863017],[-76.50213206,24.24915755]],[[-76.52486622,24.28278387],[-76.52348936,24.27829015],[-76.52648556,24.26940453],[-76.5223217,24.26917505],[-76.52103186,24.26772022],[-76.52554941,24.26467597],[-76.52408886,24.26142561],[-76.52386832,24.26114964],[-76.52000666,24.26013195],[-76.51459396,24.26028454],[-76.51456416,24.2578125],[-76.51436806,24.2578125],[-76.51395881,24.25702524],[-76.51274681,24.2572844],[-76.51253402,24.2578125],[-76.51272845,24.2578125],[-76.51250637,24.25959361],[-76.51120198,24.25790465],[-76.51161683,24.2578125],[-76.51146805,24.25610435],[-76.50565445,24.25507426],[-76.50380945,24.25559604],[-76.50307012,24.2560631],[-76.50212896,24.25744104],[-76.50213993,24.2578125],[-76.50232542,24.2578125],[-76.50396025,24.26259196],[-76.50491726,24.26360965],[-76.50520885,24.26383185],[-76.50679195,24.26288664],[-76.50751436,24.26301217],[-76.51150894,24.26491952],[-76.51200378,24.26913536],[-76.51335251,24.27157855],[-76.51627743,24.27350295],[-76.52092075,24.28296936],[-76.52214324,24.28424156],[-76.52486622,24.28278387]],[[-76.50468051,24.24804163],[-76.5065937,24.25129902],[-76.50762594,24.24820352],[-76.50756037,24.24771965],[-76.50675082,24.24745536],[-76.50446153,24.2476896],[-76.50468051,24.24804163]],[[-76.51527905,24.25594795],[-76.51749933,24.25763643],[-76.52104735,24.25215304],[-76.52077937,24.24989557],[-76.51869285,24.24950647],[-76.52154565,24.24302316],[-76.51869798,24.24051392],[-76.51869476,24.23752058],[-76.51759255,24.2372961],[-76.51799035,24.23376524],[-76.5138756,24.23209214],[-76.51294363,24.23194802],[-76.51036274,24.23226094],[-76.50637925,24.23310506],[-76.50598001,24.23333871],[-76.50558126,24.23571455],[-76.50605082,24.23611927],[-76.50745714,24.2349931],[-76.51433671,24.23742115],[-76.51509905,24.24428904],[-76.51202357,24.24376273],[-76.51117885,24.24529254],[-76.51372075,24.24767482],[-76.51444674,24.24931562],[-76.5147655,24.25066507],[-76.51527905,24.25594795]],[[-76.52798033,24.23737025],[-76.52913582,24.23775268],[-76.52958787,24.23556304],[-76.52929783,24.23508203],[-76.52817726,24.23504984],[-76.52784455,24.23685217],[-76.52798033,24.23737025]],[[-76.53908515,24.31197047],[-76.53952825,24.3117882],[-76.539451,24.30953813],[-76.54134357,24.30879033],[-76.54233515,24.30519855],[-76.54021835,24.30652201],[-76.53775847,24.30409515],[-76.53670943,24.29894483],[-76.53420341,24.29667664],[-76.53491986,24.29477263],[-76.53780735,24.29497337],[-76.5383507,24.28907895],[-76.53830206,24.28866255],[-76.53739238,24.28800094],[-76.53704584,24.28801155],[-76.53401518,24.28879905],[-76.53319645,24.29114926],[-76.53209615,24.29205871],[-76.53150761,24.29220605],[-76.52922428,24.29141653],[-76.52895284,24.29181945],[-76.5292958,24.29406488],[-76.53082156,24.29834735],[-76.53105855,24.29875636],[-76.53411734,24.30315673],[-76.5358026,24.30389905],[-76.53611004,24.30698562],[-76.53732562,24.31136191],[-76.53908515,24.31197047]],[[-76.54237544,24.26795375],[-76.53944242,24.26713717],[-76.53968883,24.27024555],[-76.53783464,24.27181804],[-76.53537035,24.27413487],[-76.53582942,24.27455354],[-76.53783464,24.27265525],[-76.53979087,24.27087486],[-76.54061437,24.27215803],[-76.54194856,24.27198565],[-76.54237544,24.26795375]],[[-76.53948045,24.27918351],[-76.53980207,24.27936125],[-76.5406965,24.27869976],[-76.54057908,24.27739847],[-76.53857291,24.27719104],[-76.53793585,24.27751613],[-76.53806984,24.27794552],[-76.53948045,24.27918351]],[[-76.5590595,24.31245053],[-76.56039965,24.30954111],[-76.56399417,24.30919635],[-76.56423056,24.30390716],[-76.56401515,24.3034538],[-76.56123793,24.30241692],[-76.56012142,24.29974377],[-76.55833924,24.30000854],[-76.55367494,24.30025732],[-76.55080581,24.30129445],[-76.54895377,24.30199921],[-76.54872,24.30394924],[-76.54687846,24.30476022],[-76.55212247,24.30507755],[-76.55009782,24.30651462],[-76.55326104,24.30791974],[-76.55133498,24.31070375],[-76.55147362,24.31108367],[-76.55285084,24.31188095],[-76.55480444,24.31123173],[-76.55492902,24.31158304],[-76.55499518,24.31451404],[-76.5590595,24.31245053]],[[-76.55778313,24.33142745],[-76.55666375,24.33000398],[-76.55452335,24.33005905],[-76.55334163,24.32662106],[-76.55326712,24.32605302],[-76.55538797,24.32377195],[-76.55704784,24.32464087],[-76.55596054,24.32130992],[-76.55156624,24.31615484],[-76.54710305,24.31486344],[-76.55338848,24.33055723],[-76.55820036,24.34387887],[-76.5586822,24.34429085],[-76.55923855,24.34435093],[-76.55962098,24.3442018],[-76.55756736,24.33732712],[-76.55778313,24.33142745]],[[-76.56074607,24.31738603],[-76.55842602,24.31684816],[-76.55899072,24.31885493],[-76.56002605,24.31930494],[-76.56066442,24.31945896],[-76.56109893,24.31889641],[-76.56074607,24.31738603]],[[-76.58952141,24.37256944],[-76.59089017,24.36873186],[-76.58877361,24.36337185],[-76.58827174,24.35417676],[-76.58561504,24.35349214],[-76.58452737,24.35116291],[-76.58203757,24.35056162],[-76.57750285,24.34030795],[-76.57366848,24.34022224],[-76.57244861,24.33581376],[-76.56875885,24.33187473],[-76.56853056,24.32959127],[-76.56564355,24.32530844],[-76.56327105,24.32394803],[-76.56208217,24.32409763],[-76.56177521,24.32441246],[-76.56229854,24.3266865],[-76.56641138,24.32955492],[-76.56753492,24.33296597],[-76.56981325,24.33424175],[-76.57198536,24.34178245],[-76.57495976,24.34236181],[-76.57756257,24.3462888],[-76.57772875,24.35196006],[-76.58029473,24.35733855],[-76.57959557,24.35939622],[-76.57609475,24.35928082],[-76.57631552,24.359676],[-76.57877636,24.36184168],[-76.58099067,24.36756527],[-76.58309507,24.36626875],[-76.58446908,24.36621881],[-76.58493423,24.36649084],[-76.58952141,24.37256944]],[[-76.57108355,24.35185325],[-76.57002723,24.35164177],[-76.56966496,24.35199153],[-76.57090557,24.35428464],[-76.57174325,24.35369801],[-76.57108355,24.35185325]],[[-76.59426665,24.34030914],[-76.59460294,24.34041345],[-76.59498954,24.33948004],[-76.59390044,24.33854342],[-76.59209871,24.33976805],[-76.59214592,24.33999646],[-76.59426665,24.34030914]],[[-76.60451162,24.36344457],[-76.60516131,24.36362648],[-76.60630333,24.36261475],[-76.60635281,24.36096525],[-76.60601413,24.36063337],[-76.60384536,24.36069894],[-76.60110045,24.3615278],[-76.60111165,24.36170196],[-76.60451162,24.36344457]],[[-76.60442853,24.36956871],[-76.60377395,24.36862254],[-76.60626173,24.369349],[-76.60727525,24.36832547],[-76.60222244,24.36779356],[-76.60185301,24.36814272],[-76.60179985,24.36875916],[-76.60358202,24.37076986],[-76.60396278,24.37085128],[-76.60466325,24.37048984],[-76.60478461,24.37025726],[-76.60442853,24.36956871]],[[-76.63452745,24.40519106],[-76.63607836,24.40163767],[-76.63058138,24.39652824],[-76.63297975,24.39436698],[-76.63285196,24.39127672],[-76.62767017,24.39174306],[-76.62541926,24.38994765],[-76.62468171,24.38713002],[-76.62155414,24.38394403],[-76.62145805,24.38012195],[-76.62246335,24.37992263],[-76.62082815,24.37652767],[-76.61427617,24.36959302],[-76.6141113,24.36942935],[-76.6076802,24.36953962],[-76.60762513,24.36997581],[-76.60969496,24.37375045],[-76.61537564,24.37662923],[-76.60927677,24.37089503],[-76.61473966,24.37252414],[-76.61822093,24.38033366],[-76.61732507,24.38681042],[-76.62092447,24.38934267],[-76.62216544,24.39201045],[-76.62642026,24.39602494],[-76.62964404,24.39789891],[-76.63230133,24.40364766],[-76.63452745,24.40519106]],[[-76.63777876,25.52162695],[-76.63832402,25.5176388],[-76.63824666,25.51674664],[-76.63701975,25.51489258],[-76.63767993,25.51157236],[-76.63849854,25.50815547],[-76.640625,25.50446415],[-76.64078665,25.50420344],[-76.640625,25.50390625],[-76.64047265,25.50395393],[-76.63760304,25.49833262],[-76.63827491,25.49652624],[-76.63607144,25.49383652],[-76.63758886,25.48999345],[-76.63691461,25.48828125],[-76.63661242,25.48828125],[-76.63609827,25.48634386],[-76.63375425,25.48535514],[-76.63348997,25.47814107],[-76.63300717,25.47671533],[-76.63289344,25.47645605],[-76.63081348,25.47551191],[-76.63035536,25.47551358],[-76.62826717,25.47648752],[-76.62783015,25.47768605],[-76.62959433,25.4821825],[-76.62922025,25.48485982],[-76.63074791,25.48618865],[-76.63074791,25.48828125],[-76.63073051,25.48828125],[-76.63145506,25.50425112],[-76.63144517,25.50491655],[-76.63237274,25.51204932],[-76.63459671,25.51854718],[-76.63385415,25.52205884],[-76.63504386,25.52351916],[-76.63641036,25.52360857],[-76.63672841,25.52351522],[-76.63777876,25.52162695]],[[-76.63431895,24.36757636],[-76.63222027,24.36951017],[-76.63205254,24.36983085],[-76.63239253,24.37073517],[-76.63296604,24.37092078],[-76.63523388,24.36968446],[-76.63540006,24.36953461],[-76.63658655,24.36650765],[-76.63431895,24.36757636]],[[-76.63683832,25.52744901],[-76.63369286,25.5251466],[-76.63395631,25.52994966],[-76.63606834,25.53093064],[-76.63661325,25.53101695],[-76.63691461,25.53083146],[-76.63683832,25.52744901]],[[-76.65373027,25.55517852],[-76.64788175,25.55124724],[-76.64611948,25.54792321],[-76.64284468,25.54712856],[-76.64084113,25.54298663],[-76.640625,25.54296875],[-76.63847995,25.54195654],[-76.63836396,25.54174352],[-76.63745117,25.53692925],[-76.63596976,25.53567052],[-76.63512027,25.53586173],[-76.63452053,25.53930986],[-76.63484526,25.54387403],[-76.63767302,25.54419255],[-76.640625,25.54994404],[-76.640625,25.55022323],[-76.64799178,25.55462635],[-76.65068471,25.55462074],[-76.65373027,25.55517852]],[[-76.63717604,25.53384364],[-76.63478005,25.53194082],[-76.63461888,25.53306675],[-76.63484538,25.53336215],[-76.6365627,25.53437197],[-76.63714802,25.53467608],[-76.63717604,25.53384364]],[[-76.63797855,24.39099956],[-76.63702345,24.39236534],[-76.63711083,24.39302957],[-76.63735652,24.39441276],[-76.63952494,24.39685416],[-76.640625,24.39676344],[-76.64083874,24.39674485],[-76.64210081,24.39273512],[-76.640625,24.39257813],[-76.63797855,24.39099956]],[[-76.6500051,24.40937686],[-76.640625,24.40513384],[-76.64013314,24.40694261],[-76.640625,24.40736604],[-76.64139152,24.40757346],[-76.6471796,24.40968442],[-76.6500051,24.40937686]],[[-76.65516913,24.41543984],[-76.65264595,24.41418827],[-76.65446901,24.41587245],[-76.65488851,24.41607428],[-76.65516913,24.41543984]],[[-76.65849936,24.40404761],[-76.65414667,24.40382326],[-76.65447235,24.40467405],[-76.65837121,24.40547693],[-76.66313934,24.40711546],[-76.66623998,24.41009438],[-76.66693234,24.41002464],[-76.66707134,24.40910542],[-76.66497624,24.40619385],[-76.65849936,24.40404761]],[[-76.66269672,25.55526805],[-76.6605581,25.55443776],[-76.6561017,25.55486345],[-76.65592158,25.55509245],[-76.65680873,25.55644453],[-76.65862465,25.55655384],[-76.66322374,25.55697298],[-76.66269672,25.55526805]],[[-76.65931714,24.41558421],[-76.65654898,24.41540062],[-76.65602291,24.41574883],[-76.65595961,24.41607666],[-76.65805745,24.41635084],[-76.65931714,24.41558421]],[[-76.66564083,25.51830614],[-76.66485405,25.51824701],[-76.66450155,25.51855755],[-76.66433156,25.52057326],[-76.66629457,25.52095592],[-76.66675997,25.51993585],[-76.6664474,25.51934361],[-76.66564083,25.51830614]],[[-76.67699885,25.51793754],[-76.67721617,25.51863635],[-76.67752826,25.51912344],[-76.67787445,25.51938593],[-76.67807794,25.51915896],[-76.67797255,25.51858532],[-76.67781007,25.51790845],[-76.67759395,25.51710784],[-76.67728615,25.51656485],[-76.67699587,25.51644754],[-76.67683625,25.51671445],[-76.67684865,25.51727235],[-76.67699885,25.51793754]],[[-76.69328964,24.42676222],[-76.69282866,24.42588174],[-76.68939841,24.42304647],[-76.68915415,24.42305458],[-76.6860162,24.42336047],[-76.68591154,24.42361498],[-76.68909323,24.42442906],[-76.69200206,24.42742074],[-76.69239235,24.42749691],[-76.69328964,24.42676222]],[[-76.69488275,25.54120815],[-76.69528735,25.54184985],[-76.69547832,25.54191923],[-76.69748485,25.54108727],[-76.69841027,25.5402832],[-76.69875205,25.53809071],[-76.69488835,25.53859413],[-76.69458056,25.53890955],[-76.69488275,25.54120815]],[[-76.69811428,24.42815244],[-76.6970793,24.4263916],[-76.69669414,24.42612362],[-76.69605994,24.42646015],[-76.69612253,24.42713022],[-76.69712305,24.42848861],[-76.69763315,24.42864776],[-76.69811428,24.42815244]],[[-76.71607375,24.43406415],[-76.71602535,24.43359375],[-76.71558833,24.43359375],[-76.71268713,24.43111622],[-76.71097386,24.43058991],[-76.70933461,24.4308989],[-76.70922434,24.43122983],[-76.71436441,24.43359375],[-76.71475112,24.43374097],[-76.71607375,24.43406415]],[[-76.73116255,24.44879663],[-76.73159277,24.44467616],[-76.72956884,24.44028115],[-76.73158252,24.43703234],[-76.73012483,24.43359375],[-76.72859216,24.43359375],[-76.72761142,24.43440294],[-76.72656918,24.43434715],[-76.72599125,24.43359375],[-76.72583365,24.43359375],[-76.72044635,24.42971444],[-76.71906388,24.42946064],[-76.71773756,24.42964005],[-76.7177273,24.42992604],[-76.7210958,24.43359375],[-76.72154248,24.43359375],[-76.72345662,24.43471873],[-76.72580636,24.43732345],[-76.72594774,24.43762136],[-76.72648001,24.44288623],[-76.73086965,24.44881964],[-76.73116255,24.44879663]],[[-76.72430682,24.42964137],[-76.72502494,24.42975485],[-76.72643816,24.42861831],[-76.72353911,24.42669117],[-76.72302854,24.42681682],[-76.72253883,24.42756116],[-76.72264493,24.42788732],[-76.72314656,24.42853296],[-76.72430682,24.42964137]],[[-76.74185967,24.46032202],[-76.74282861,24.45618248],[-76.73820186,24.45521855],[-76.73757613,24.45617723],[-76.74149895,24.46170366],[-76.74185967,24.46032202]],[[-76.74782264,25.54247785],[-76.75281703,25.53962398],[-76.75087297,25.53757012],[-76.75054777,25.53744841],[-76.74566627,25.53772867],[-76.74469137,25.53832996],[-76.74172354,25.53942335],[-76.74699032,25.54251552],[-76.74782264,25.54247785]],[[-76.74676251,25.1250447],[-76.74649108,25.12476122],[-76.74548948,25.12488484],[-76.74256146,25.12734902],[-76.74246252,25.12935603],[-76.74586177,25.12740636],[-76.74676251,25.1250447]],[[-76.77042174,25.54758477],[-76.75703943,25.54125273],[-76.74411845,25.54364204],[-76.7577188,25.54646075],[-76.76488638,25.55118966],[-76.76955175,25.55113471],[-76.77108765,25.55103946],[-76.77274585,25.54825175],[-76.77042174,25.54758477]],[[-76.76232648,24.95296454],[-76.76010036,24.95286834],[-76.75460315,24.95642996],[-76.75354254,24.95665801],[-76.74955976,24.95979333],[-76.75489366,24.95831704],[-76.75860775,24.95457947],[-76.76232648,24.95296454]],[[-76.75727022,25.54048765],[-76.77136493,25.54747331],[-76.78823376,25.54499912],[-76.80375326,25.54539931],[-76.80992126,25.54445636],[-76.81081355,25.54365492],[-76.81078553,25.54334795],[-76.80492234,25.54061806],[-76.80717635,25.53859842],[-76.80370295,25.53881025],[-76.80140555,25.54115737],[-76.80078912,25.54143262],[-76.79527116,25.54288244],[-76.79261541,25.54293585],[-76.78525221,25.54167044],[-76.78356767,25.54052424],[-76.77342725,25.54094815],[-76.76817811,25.54037034],[-76.75559187,25.53775585],[-76.75423205,25.53808451],[-76.7533164,25.54041255],[-76.75727022,25.54048765]],[[-76.77295911,24.48716581],[-76.77008176,24.48480284],[-76.76913047,24.48159444],[-76.77356923,24.47396636],[-76.77269292,24.47171736],[-76.76998782,24.47071695],[-76.76747191,24.46780074],[-76.76700974,24.46209407],[-76.7653079,24.46098971],[-76.76406431,24.4639703],[-76.76024103,24.46636236],[-76.75810885,24.46628177],[-76.75731123,24.46468234],[-76.75547171,24.46386695],[-76.75482774,24.46408665],[-76.7548511,24.46446884],[-76.75650763,24.46773136],[-76.75984478,24.46845627],[-76.76254594,24.47195232],[-76.76529348,24.48207271],[-76.76508212,24.48566735],[-76.76745796,24.48782456],[-76.76775193,24.48863995],[-76.76853716,24.49154985],[-76.76843584,24.49723065],[-76.76618445,24.50360715],[-76.76447284,24.50806916],[-76.76821852,24.50383365],[-76.77337015,24.50364971],[-76.7737751,24.50328326],[-76.77389061,24.50275004],[-76.77249074,24.49922884],[-76.77295911,24.48716581]],[[-76.75596535,24.45789814],[-76.75726736,24.45834362],[-76.76003516,24.45622611],[-76.76023138,24.45561135],[-76.75783014,24.45335245],[-76.75735104,24.45344496],[-76.75507045,24.45555305],[-76.75494933,24.45620334],[-76.75596535,24.45789814]],[[-76.76040041,24.50235152],[-76.75787354,24.50152946],[-76.75709641,24.50163746],[-76.75725925,24.50217116],[-76.76049614,24.50480616],[-76.76040041,24.50235152]],[[-76.76224411,24.46106267],[-76.76258087,24.46070802],[-76.76194775,24.46014941],[-76.76072264,24.46021497],[-76.75798452,24.46107411],[-76.76041615,24.46383762],[-76.76224411,24.46106267]],[[-76.76922965,24.94838214],[-76.76770544,24.94834042],[-76.7648555,24.94972157],[-76.76438868,24.95112705],[-76.76871824,24.94957411],[-76.76922965,24.94838214]],[[-76.77145445,24.94545925],[-76.77220011,24.94335544],[-76.76960552,24.94511712],[-76.76879632,24.94466245],[-76.77614856,24.93847644],[-76.77930045,24.93401122],[-76.77944624,24.93200791],[-76.77828121,24.93171692],[-76.77522671,24.93708146],[-76.76665854,24.94461298],[-76.76605976,24.94598687],[-76.76742232,24.94604933],[-76.76979434,24.94676852],[-76.77145445,24.94545925]],[[-76.78826273,24.54779875],[-76.78856504,24.54719758],[-76.79517972,24.53947377],[-76.79650414,24.53706205],[-76.79922426,24.53703463],[-76.80025327,24.53879094],[-76.80216157,24.53880405],[-76.80071473,24.53640664],[-76.79720652,24.53556407],[-76.79538822,24.53226364],[-76.79240835,24.53206146],[-76.79299355,24.53000712],[-76.79465675,24.52974546],[-76.79352283,24.52783978],[-76.79113245,24.52858055],[-76.79408824,24.52615285],[-76.79464245,24.52431846],[-76.78373623,24.51888347],[-76.77819324,24.51874852],[-76.77706945,24.51750505],[-76.77766848,24.51576114],[-76.77407563,24.51355493],[-76.77591181,24.511783],[-76.77520025,24.51097965],[-76.77461481,24.5109061],[-76.76974428,24.51494157],[-76.76922154,24.51522243],[-76.76628935,24.5156635],[-76.7727797,24.52800751],[-76.77590525,24.52462125],[-76.77908576,24.52623057],[-76.77767122,24.52829754],[-76.77338505,24.52836037],[-76.77387893,24.53468585],[-76.77249074,24.53865361],[-76.77272916,24.54366624],[-76.77060318,24.54471993],[-76.77067566,24.54520345],[-76.77196693,24.54620516],[-76.77243388,24.54628241],[-76.77344191,24.54520834],[-76.77512431,24.54499507],[-76.77621841,24.54506791],[-76.77877462,24.54644954],[-76.7823143,24.55172765],[-76.78306794,24.55900204],[-76.78344727,24.55944931],[-76.78517151,24.55881715],[-76.78667521,24.56026781],[-76.78728807,24.56026781],[-76.78835916,24.55822802],[-76.79017305,24.55763412],[-76.79038346,24.55726767],[-76.78720856,24.55207491],[-76.78826273,24.54779875]],[[-76.76889277,25.48999512],[-76.76925302,25.48828125],[-76.76933575,25.48828125],[-76.76933575,25.48730457],[-76.76747847,25.48570621],[-76.76642573,25.48645723],[-76.76748383,25.48828125],[-76.76801622,25.48828125],[-76.76798403,25.49014747],[-76.76831067,25.49022222],[-76.76889277,25.48999512]],[[-76.77216792,25.46546435],[-76.76933205,25.46388757],[-76.76842725,25.46384585],[-76.76817715,25.46419323],[-76.76890695,25.46519792],[-76.77216792,25.46546435]],[[-76.77046752,25.49174702],[-76.77029145,25.49161673],[-76.76824355,25.49317265],[-76.77054906,25.49643564],[-76.77046752,25.49174702]],[[-76.77133167,25.55870151],[-76.77101636,25.55814874],[-76.76828885,25.55847395],[-76.77066112,25.55978334],[-76.77133167,25.55870151]],[[-76.77290344,25.50689542],[-76.77059937,25.50417721],[-76.76991916,25.50416243],[-76.76948082,25.50454736],[-76.76915753,25.50509155],[-76.77108598,25.50729418],[-76.77293575,25.50894845],[-76.77487075,25.50907981],[-76.77290344,25.50689542]],[[-76.77706814,24.94333351],[-76.77601206,24.9429636],[-76.77557242,24.94324923],[-76.77293336,24.94507694],[-76.77263963,24.94722748],[-76.77706814,24.94333351]],[[-76.78083515,25.52238464],[-76.78031194,25.50880265],[-76.77880382,25.50688767],[-76.77745032,25.50670505],[-76.77675796,25.5068295],[-76.77614474,25.50802183],[-76.77883816,25.51018405],[-76.77896237,25.51359725],[-76.7802397,25.51530945],[-76.77922738,25.52021265],[-76.78083515,25.52238464]],[[-76.78420424,25.46358335],[-76.7864902,25.46453404],[-76.7877115,25.46340644],[-76.78772354,25.46331978],[-76.78435493,25.46237135],[-76.78420424,25.46358335]],[[-76.78587997,24.56370985],[-76.78445685,24.56653655],[-76.78478324,24.56717885],[-76.78730595,24.56714535],[-76.78763294,24.56733584],[-76.78940642,24.569525],[-76.79081356,24.56689584],[-76.7881062,24.56703258],[-76.78892744,24.56262326],[-76.78857434,24.56139517],[-76.78734064,24.56094897],[-76.78538275,24.56151855],[-76.78606021,24.56261611],[-76.78587997,24.56370985]],[[-76.85149574,25.32242203],[-76.85536134,25.31291866],[-76.85545146,25.3125],[-76.85538316,25.3125],[-76.85478568,25.30999756],[-76.85199392,25.3125],[-76.85174775,25.3125],[-76.84348035,25.32181466],[-76.82777321,25.3442806],[-76.81997776,25.3524394],[-76.8049854,25.36632001],[-76.80272341,25.36709464],[-76.80068564,25.36617041],[-76.79777145,25.36790335],[-76.80002213,25.37220836],[-76.79878831,25.38071072],[-76.79983854,25.38244677],[-76.7997483,25.38275671],[-76.79858565,25.38370073],[-76.79694593,25.38227487],[-76.79500115,25.38213205],[-76.79475975,25.38243377],[-76.79210925,25.38767421],[-76.78931844,25.38989651],[-76.78915143,25.39018285],[-76.78668726,25.39925241],[-76.78703475,25.39999235],[-76.78740072,25.40001154],[-76.78956771,25.39767206],[-76.79052734,25.40085757],[-76.79238605,25.40249336],[-76.79316986,25.40287972],[-76.7940731,25.40264082],[-76.79898322,25.39839375],[-76.79919696,25.39359724],[-76.80116236,25.38970363],[-76.81280076,25.37652516],[-76.81728327,25.36744654],[-76.83904052,25.34083796],[-76.85149574,25.32242203]],[[-76.79350472,24.51379287],[-76.79271221,24.51337302],[-76.79242814,24.51373458],[-76.79339933,24.51712835],[-76.79381835,24.51544905],[-76.79350472,24.51379287]],[[-76.79912055,24.58837473],[-76.79943645,24.58776617],[-76.80434501,24.58745921],[-76.80491555,24.58726191],[-76.80514026,24.58610845],[-76.80122066,24.58249843],[-76.79928577,24.57821584],[-76.79290795,24.5739696],[-76.79598224,24.57706988],[-76.79807866,24.58185196],[-76.79822862,24.58771718],[-76.7982434,24.59032011],[-76.7991538,24.59132767],[-76.79912055,24.58837473]],[[-76.79673016,24.61195648],[-76.79631937,24.61147344],[-76.79528105,24.61148298],[-76.79355288,24.61503887],[-76.79338574,24.61541307],[-76.79402924,24.61647224],[-76.79488945,24.61675286],[-76.79525495,24.61646175],[-76.79673016,24.61195648]],[[-76.79763067,24.60395515],[-76.79782164,24.6005702],[-76.79740155,24.60072625],[-76.79673672,24.60675585],[-76.79763067,24.60395515]],[[-76.81321085,24.64884365],[-76.81370854,24.64893794],[-76.81527543,24.64786315],[-76.81544781,24.64717114],[-76.81815112,24.62981784],[-76.81845796,24.62712097],[-76.81878054,24.61794305],[-76.81771755,24.61383903],[-76.81855357,24.609375],[-76.81870496,24.609375],[-76.81966603,24.6068722],[-76.81798744,24.60505354],[-76.81814754,24.60109878],[-76.81831265,24.60026491],[-76.82260144,24.59107256],[-76.81731725,24.58823514],[-76.81701696,24.58823252],[-76.81562793,24.58892357],[-76.81519532,24.59053493],[-76.81715333,24.59644425],[-76.81591356,24.60167587],[-76.81668484,24.60747373],[-76.81349945,24.60788834],[-76.81129324,24.60964465],[-76.80859017,24.609375],[-76.80630326,24.60743463],[-76.80644464,24.609375],[-76.80689633,24.609375],[-76.80674911,24.61658585],[-76.80539584,24.61874366],[-76.80532944,24.62179124],[-76.80300701,24.62437582],[-76.80079424,24.62508106],[-76.79997086,24.62525725],[-76.79956496,24.62517452],[-76.79853284,24.62307191],[-76.79817522,24.62319386],[-76.79808784,24.62380683],[-76.79805803,24.62836695],[-76.79820037,24.62890494],[-76.79997528,24.62587821],[-76.80413544,24.62826324],[-76.80360591,24.63144112],[-76.80576944,24.63237238],[-76.80693185,24.64122057],[-76.80945754,24.64586365],[-76.81113052,24.64644754],[-76.81321085,24.64884365]],[[-76.80227852,24.91141045],[-76.80223441,24.90860105],[-76.80040991,24.90680897],[-76.80015063,24.90693223],[-76.80083323,24.91283262],[-76.80118322,24.91300821],[-76.80227852,24.91141045]],[[-76.80344307,24.90500343],[-76.80317855,24.90411627],[-76.80227232,24.90433085],[-76.80148184,24.90647221],[-76.80172896,24.90668404],[-76.80308616,24.90578651],[-76.80344307,24.90500343]],[[-76.80517662,24.91225255],[-76.80475175,24.91140854],[-76.80412304,24.91159177],[-76.80345201,24.91287124],[-76.80169535,24.91540337],[-76.80175614,24.91721785],[-76.8036561,24.91522956],[-76.80517662,24.91225255]],[[-76.80477846,24.60320437],[-76.80508935,24.60328913],[-76.80575216,24.60173786],[-76.80563748,24.59663212],[-76.80193186,24.59600878],[-76.80239427,24.59720206],[-76.80266035,24.60085845],[-76.80278492,24.60115063],[-76.80477846,24.60320437]],[[-76.80686367,24.68453944],[-76.80957747,24.67044306],[-76.80799496,24.66272867],[-76.80730724,24.66221726],[-76.80702674,24.66286695],[-76.80747735,24.67359304],[-76.80420697,24.68703794],[-76.80487323,24.68846905],[-76.80686367,24.68453944]],[[-76.80637371,24.85262585],[-76.8053745,24.85247028],[-76.80508971,24.85319853],[-76.80627,24.85618114],[-76.80738091,24.85501921],[-76.80727983,24.85433364],[-76.80637371,24.85262585]],[[-76.80677462,24.51326513],[-76.81175494,24.51460373],[-76.81692767,24.51555824],[-76.81551302,24.51342034],[-76.80645835,24.51292145],[-76.80677462,24.51326513]],[[-76.80903566,25.52854335],[-76.81361783,25.52474785],[-76.81608975,25.52491093],[-76.83001053,25.51844466],[-76.83725524,25.51793683],[-76.84768426,25.51983964],[-76.85090935,25.51525128],[-76.85631645,25.51119733],[-76.87284851,25.50747132],[-76.87821138,25.50431144],[-76.87508416,25.50228345],[-76.87187338,25.50662053],[-76.86035037,25.50691211],[-76.85798764,25.50608397],[-76.84443033,25.5130552],[-76.85082865,25.51199436],[-76.84712315,25.51599932],[-76.84355533,25.51698661],[-76.83474994,25.51640546],[-76.84099245,25.51429856],[-76.84229815,25.51282823],[-76.83496356,25.51379466],[-76.83309436,25.5165801],[-76.83145785,25.51510727],[-76.82037175,25.51732802],[-76.81332636,25.52199304],[-76.81185293,25.52471304],[-76.81157577,25.52520275],[-76.80788445,25.52779043],[-76.80732751,25.52846932],[-76.80711245,25.53030515],[-76.80903566,25.52854335]],[[-76.80733514,24.85223997],[-76.80862975,24.85262346],[-76.80988514,24.85072315],[-76.80882144,24.85035956],[-76.80723631,24.85188127],[-76.80733514,24.85223997]],[[-76.81228221,24.65646172],[-76.81259012,24.65249658],[-76.80941331,24.64842308],[-76.80851972,24.64997995],[-76.80861533,24.65058446],[-76.81014371,24.65844715],[-76.8103677,24.65854526],[-76.81228221,24.65646172]],[[-76.81114805,24.84871018],[-76.81078148,24.84798408],[-76.81015754,24.8480947],[-76.80961192,24.84847415],[-76.80938995,24.8497647],[-76.80968452,24.85013461],[-76.81024384,24.85020781],[-76.81085527,24.84974217],[-76.81114805,24.84871018]],[[-76.81005025,24.74002016],[-76.81786382,24.73448217],[-76.81808126,24.73015976],[-76.82066822,24.72811913],[-76.82300985,24.71982896],[-76.82614195,24.72020352],[-76.82812297,24.72439134],[-76.83075786,24.72170091],[-76.82549453,24.70838785],[-76.82205594,24.70872307],[-76.81897664,24.70435011],[-76.81883645,24.70416105],[-76.81626356,24.7045933],[-76.8189491,24.70907164],[-76.81970155,24.71199071],[-76.81944156,24.71550262],[-76.81817317,24.71980286],[-76.81005025,24.74002016]],[[-76.81032264,24.66732001],[-76.81214714,24.66859746],[-76.81205022,24.66288257],[-76.81193721,24.66225803],[-76.81096685,24.66184425],[-76.81064677,24.66206241],[-76.81032264,24.66732001]],[[-76.81122506,24.84746301],[-76.81951153,24.82965946],[-76.82658887,24.81842446],[-76.82740915,24.81473577],[-76.82662678,24.81076372],[-76.82992351,24.80365932],[-76.83249772,24.80146813],[-76.83039522,24.79951644],[-76.83014262,24.7994014],[-76.82964122,24.80288422],[-76.82569194,24.80563307],[-76.82116151,24.81516361],[-76.81562674,24.82238126],[-76.81999266,24.82124043],[-76.82066035,24.82348287],[-76.82018542,24.82533765],[-76.81442595,24.83821225],[-76.81274521,24.83936644],[-76.81061757,24.84657002],[-76.81122506,24.84746301]],[[-76.81251514,24.66947305],[-76.81125724,24.66884303],[-76.81094885,24.66917384],[-76.81153917,24.67211735],[-76.81194568,24.67239666],[-76.81267035,24.67251802],[-76.81306076,24.67220497],[-76.81281614,24.67065287],[-76.81251514,24.66947305]],[[-76.81489575,24.5845499],[-76.81236243,24.58438706],[-76.81292367,24.58691704],[-76.81324851,24.58705175],[-76.81429434,24.58688474],[-76.81452,24.58671916],[-76.81489575,24.5845499]],[[-76.81406343,24.65297186],[-76.81510842,24.65117884],[-76.81395483,24.65005875],[-76.81406343,24.65297186]],[[-76.81866395,24.6723659],[-76.81895483,24.67255735],[-76.82163537,24.67253983],[-76.82358062,24.67278814],[-76.82030666,24.67108214],[-76.81798315,24.67090118],[-76.8176862,24.67123067],[-76.81866395,24.6723659]],[[-76.82170165,24.68317425],[-76.82211733,24.68337226],[-76.82147014,24.68143892],[-76.81993318,24.68119645],[-76.81953227,24.68153095],[-76.82170165,24.68317425]],[[-76.82337916,24.67819703],[-76.82406807,24.67839682],[-76.82434642,24.67797661],[-76.82461262,24.67554271],[-76.82424474,24.67557895],[-76.82298815,24.67782021],[-76.82337916,24.67819703]],[[-76.82507634,24.69012535],[-76.82352746,24.68870175],[-76.82558095,24.69806945],[-76.82597744,24.69814324],[-76.82656145,24.69759572],[-76.82515144,24.6904186],[-76.82507634,24.69012535]],[[-76.82513285,24.87785232],[-76.82682717,24.87577164],[-76.82669926,24.87453306],[-76.82600307,24.87457645],[-76.82465565,24.87615776],[-76.82449734,24.87672925],[-76.82489598,24.87776101],[-76.82513285,24.87785232]],[[-76.82478488,24.70356095],[-76.82477713,24.70545363],[-76.82637596,24.70299137],[-76.82578945,24.69914567],[-76.82545781,24.69928646],[-76.82478488,24.70356095]],[[-76.82716143,24.80396283],[-76.82955706,24.79685497],[-76.83094442,24.79248905],[-76.83168805,24.78645468],[-76.83146441,24.78515625],[-76.83143807,24.78515625],[-76.83050144,24.78297472],[-76.83051777,24.78515625],[-76.83023524,24.78515625],[-76.82895756,24.79464304],[-76.82521141,24.80480695],[-76.82716143,24.80396283]],[[-76.82894516,24.74963474],[-76.82768667,24.74902832],[-76.82704556,24.74923325],[-76.82678652,24.75108361],[-76.82718563,24.75115693],[-76.82894433,24.74987376],[-76.82894516,24.74963474]],[[-76.82961071,24.75906742],[-76.82950461,24.75766575],[-76.82796824,24.75486255],[-76.82782125,24.75492907],[-76.82756865,24.75875866],[-76.82859802,24.75943351],[-76.82908785,24.75952137],[-76.82961071,24.75906742]],[[-76.83201885,24.77608645],[-76.830621,24.77474284],[-76.83054936,24.77534533],[-76.8321923,24.77971017],[-76.83288884,24.778301],[-76.83260584,24.77736628],[-76.83201885,24.77608645]],[[-76.83228636,24.85814154],[-76.83195233,24.85811806],[-76.83167398,24.85827208],[-76.83149564,24.85865605],[-76.83136737,24.85926545],[-76.83121097,24.85983098],[-76.83104944,24.86031723],[-76.83090162,24.86073256],[-76.83089471,24.86108565],[-76.83110762,24.86129391],[-76.83150733,24.86138988],[-76.83173871,24.86113644],[-76.83184874,24.86071241],[-76.83199954,24.86036527],[-76.83215475,24.86005867],[-76.83233345,24.85971463],[-76.83249855,24.85929513],[-76.83262003,24.85885215],[-76.83255994,24.85841906],[-76.83228636,24.85814154]],[[-76.83094692,24.79547656],[-76.83222652,24.79839945],[-76.83216417,24.79503775],[-76.83191252,24.79468155],[-76.83108854,24.79499745],[-76.83094692,24.79547656]],[[-76.83307755,24.75212085],[-76.83229411,24.75201952],[-76.83233273,24.7530086],[-76.83523703,24.75319755],[-76.83307755,24.75212085]],[[-76.83249736,24.75927377],[-76.83312094,24.77523732],[-76.83410323,24.76097226],[-76.83275914,24.75902116],[-76.83249736,24.75927377]],[[-76.83853984,24.75472045],[-76.84058785,24.74791086],[-76.84040046,24.74719405],[-76.83979321,24.74659491],[-76.83548164,24.74592662],[-76.83471036,24.74620211],[-76.83465421,24.74659896],[-76.83582175,24.74818003],[-76.83572984,24.7484647],[-76.83351421,24.75055432],[-76.83400857,24.75159526],[-76.83435333,24.75157964],[-76.83835113,24.74707961],[-76.83853984,24.75472045]],[[-76.8409301,24.74427593],[-76.8406316,24.74136746],[-76.83931863,24.74163377],[-76.83835006,24.74368894],[-76.83951354,24.74292088],[-76.83965075,24.74297404],[-76.83988965,24.74458134],[-76.84039843,24.74478841],[-76.8409301,24.74427593]],[[-76.85196948,25.5303148],[-76.85121274,25.52829492],[-76.85058117,25.5283432],[-76.84966564,25.53015757],[-76.85089493,25.53135872],[-76.85196948,25.5303148]],[[-76.85167563,25.39777195],[-76.85087585,25.39764345],[-76.85054731,25.39900064],[-76.85158551,25.40076101],[-76.85232854,25.40005052],[-76.85167563,25.39777195]],[[-76.87765026,25.31627572],[-76.87722695,25.31617653],[-76.87371802,25.31959152],[-76.85909855,25.34305835],[-76.85426962,25.35262883],[-76.85407496,25.35507154],[-76.85581183,25.35366225],[-76.86824572,25.33108985],[-76.87176847,25.32768857],[-76.87765026,25.31627572]],[[-76.88554454,25.49372303],[-76.88760245,25.48969996],[-76.88511062,25.49101257],[-76.88303995,25.49029982],[-76.88076794,25.49194825],[-76.8759104,25.49912715],[-76.87622654,25.50071085],[-76.87817693,25.50047207],[-76.88162017,25.50028193],[-76.88548398,25.49740505],[-76.88554454,25.49372303]],[[-76.8812592,25.30990994],[-76.8797245,25.3125],[-76.87983561,25.3125],[-76.87981355,25.31260932],[-76.87953615,25.31419623],[-76.88107026,25.3125],[-76.88126504,25.3125],[-76.88306761,25.30957854],[-76.88275695,25.30946231],[-76.88147211,25.30970812],[-76.8812592,25.30990994]],[[-76.88617945,24.12289643],[-76.88675284,24.12321246],[-76.88911521,24.12261975],[-76.88899696,24.12228203],[-76.88715231,24.12212241],[-76.88617945,24.12289643]],[[-76.88728845,25.48644257],[-76.88766611,25.48658228],[-76.88872552,25.48656118],[-76.88926101,25.48547864],[-76.8894304,25.48301434],[-76.88901174,25.48304415],[-76.88760626,25.48542833],[-76.88728845,25.48644257]],[[-76.90027785,24.12088478],[-76.89555407,24.12004125],[-76.89331913,24.12091041],[-76.89334822,24.12121713],[-76.8938297,24.12190902],[-76.89971125,24.12193084],[-76.90027785,24.12088478]],[[-76.90420878,25.27588391],[-76.90304244,25.27543545],[-76.90102673,25.27689266],[-76.90004754,25.27883565],[-76.89729846,25.28046036],[-76.89710808,25.28221405],[-76.89733076,25.28298616],[-76.90420878,25.27588391]],[[-76.90302074,24.11990786],[-76.90245604,24.12078321],[-76.90309835,24.12103367],[-76.90581214,24.12106144],[-76.90593004,24.12081814],[-76.90489328,24.11943865],[-76.90425873,24.11946416],[-76.90302074,24.11990786]],[[-76.94019425,24.11781573],[-76.93703485,24.11668861],[-76.93146622,24.11781085],[-76.93101871,24.11852801],[-76.93117082,24.11878133],[-76.93566573,24.11877131],[-76.9369961,24.11887395],[-76.94019425,24.11781573]],[[-76.95997703,26.55879128],[-76.96283054,26.55518127],[-76.96140671,26.55152011],[-76.95927715,26.54974496],[-76.95998931,26.54628074],[-76.95912123,26.54296875],[-76.96049178,26.54044735],[-76.95763171,26.53682637],[-76.96151721,26.53619885],[-76.96275842,26.53388143],[-76.96308208,26.53378475],[-76.96292031,26.53615046],[-76.96081555,26.5387094],[-76.96108544,26.54083371],[-76.96216464,26.54073715],[-76.96216464,26.54112327],[-76.96092355,26.54146135],[-76.96086955,26.54194415],[-76.96161675,26.54296875],[-76.96385074,26.54296875],[-76.96878386,26.53458953],[-76.96703815,26.53419042],[-76.97369647,26.52946746],[-76.97390294,26.52914596],[-76.97533882,26.52548587],[-76.97466707,26.52075946],[-76.97652817,26.51852608],[-76.97801197,26.51837003],[-76.97802937,26.51817834],[-76.97503006,26.51824713],[-76.97452736,26.51806235],[-76.97243154,26.51627803],[-76.97436285,26.51256657],[-76.97389662,26.50964665],[-76.97564971,26.51048172],[-76.97538865,26.51408887],[-76.97833538,26.51462495],[-76.98028958,26.5113008],[-76.97979033,26.508798],[-76.98081756,26.50634742],[-76.98277593,26.50535226],[-76.98354673,26.50153816],[-76.98583031,26.50078165],[-76.98399281,26.4993664],[-76.98650718,26.49530375],[-76.98620903,26.49429011],[-76.98579204,26.49415338],[-76.9845767,26.49451625],[-76.98230267,26.49972236],[-76.97951496,26.4983443],[-76.97683275,26.50090277],[-76.97520471,26.50637233],[-76.97218382,26.50980616],[-76.97259521,26.5119853],[-76.97058547,26.51355743],[-76.97086477,26.51556146],[-76.96467948,26.52314341],[-76.95821536,26.53405702],[-76.95531392,26.53612626],[-76.95762277,26.54296875],[-76.95756161,26.54296875],[-76.95662558,26.5447824],[-76.95670533,26.5522871],[-76.95997703,26.55879128]],[[-76.97210574,25.20402145],[-76.97272027,25.20310426],[-76.97161496,25.20296598],[-76.96911323,25.20392954],[-76.96692026,25.20547485],[-76.96716964,25.20559895],[-76.97210574,25.20402145]],[[-76.97408175,26.56808901],[-76.97192454,26.56646347],[-76.97102106,26.56822264],[-76.97125816,26.56854153],[-76.97218096,26.56856382],[-76.97408175,26.56808901]],[[-76.97629547,26.5370872],[-76.97668827,26.53715777],[-76.97722936,26.53585577],[-76.97702396,26.53542864],[-76.97548604,26.53473616],[-76.97516274,26.53501272],[-76.97629547,26.5370872]],[[-76.97627831,26.54296875],[-76.97642517,26.54424143],[-76.97684407,26.54416132],[-76.97815001,26.54296875],[-76.97817481,26.54296875],[-76.97842562,26.54210842],[-76.97622085,26.54159451],[-76.97601783,26.54173565],[-76.97661781,26.54296875],[-76.97627831,26.54296875]],[[-76.97698391,26.54066575],[-76.97755945,26.54089141],[-76.97879136,26.53894675],[-76.97672462,26.53777182],[-76.97640383,26.53804696],[-76.97698391,26.54066575]],[[-76.98093331,26.38657331],[-76.98237383,26.37943721],[-76.98545873,26.37520874],[-76.98397994,26.37259305],[-76.98160005,26.37179124],[-76.98253417,26.3671875],[-76.98286223,26.3671875],[-76.98496771,26.36067188],[-76.98409355,26.35596025],[-76.98537791,26.34900737],[-76.98377931,26.34744525],[-76.98339677,26.34796011],[-76.98243797,26.35048616],[-76.98296916,26.35264277],[-76.98177266,26.35470963],[-76.98155141,26.36227822],[-76.98006463,26.3671875],[-76.97973168,26.3671875],[-76.97884536,26.36909938],[-76.97883391,26.36945713],[-76.97961116,26.37823784],[-76.97724986,26.38660288],[-76.97893858,26.38840854],[-76.98093331,26.38657331]],[[-76.97973132,26.40714157],[-76.98058498,26.40254438],[-76.97926295,26.39962363],[-76.97826135,26.39928365],[-76.97790432,26.39946616],[-76.97729182,26.40388644],[-76.97762704,26.40724385],[-76.97836471,26.40808654],[-76.97888434,26.40826547],[-76.97973132,26.40714157]],[[-76.98175895,26.4181025],[-76.98155832,26.41674364],[-76.97993386,26.41520941],[-76.9797641,26.41533852],[-76.97914386,26.41643655],[-76.97911954,26.41896415],[-76.97987604,26.4196099],[-76.98061085,26.41968381],[-76.98140526,26.41932166],[-76.98175895,26.4181025]],[[-76.98159754,26.49678266],[-76.98593247,26.49084973],[-76.98993945,26.48258853],[-76.99004471,26.47835696],[-76.99035585,26.47786498],[-76.9921875,26.47739947],[-76.9921875,26.47767854],[-76.99363005,26.47808695],[-76.99448466,26.47884142],[-76.99425805,26.48062682],[-76.99614811,26.47983325],[-76.99649072,26.47896981],[-76.99649394,26.47833514],[-76.99612927,26.47747254],[-76.9921875,26.47544634],[-76.99137902,26.47482455],[-76.99007344,26.46735835],[-76.99043441,26.46248364],[-76.98911047,26.45938384],[-76.98934472,26.45300293],[-76.98782456,26.45070732],[-76.98932874,26.44851136],[-76.98931801,26.44114315],[-76.98688054,26.43723547],[-76.98569834,26.43207932],[-76.98706293,26.42918372],[-76.98385072,26.42774451],[-76.98258615,26.43304956],[-76.98592854,26.44587505],[-76.98688495,26.47664416],[-76.98641241,26.47754395],[-76.98308241,26.48995054],[-76.97994864,26.49638391],[-76.98051047,26.49736714],[-76.98159754,26.49678266]],[[-76.98355687,26.42271733],[-76.98130286,26.4202497],[-76.98101354,26.42041886],[-76.98044837,26.42182684],[-76.98052752,26.42230701],[-76.98233473,26.42653227],[-76.98267722,26.42668486],[-76.98369837,26.42500556],[-76.98355687,26.42271733]],[[-76.98610616,26.34469116],[-76.98590326,26.34324133],[-76.98535597,26.34327185],[-76.98436737,26.34566104],[-76.98595226,26.34499335],[-76.98610616,26.34469116]],[[-76.99473703,26.49128473],[-76.99381435,26.49487245],[-76.99380541,26.49562383],[-76.99464381,26.50087452],[-76.99402118,26.50370622],[-76.99385071,26.50413537],[-76.9921875,26.50446415],[-76.9921875,26.50502217],[-76.99187613,26.50516176],[-76.99193263,26.50823498],[-76.98957264,26.50961375],[-76.99054825,26.51158774],[-76.9894309,26.51278615],[-76.98995364,26.51305687],[-76.9921875,26.51255584],[-76.99404633,26.51182544],[-76.99348724,26.50989544],[-76.99502802,26.50790644],[-76.99931037,26.50624204],[-77.00405335,26.50064552],[-77.00000525,26.49613786],[-76.99971724,26.49529433],[-76.99943066,26.49319828],[-77.00051117,26.48934472],[-77.00002193,26.48775864],[-76.99911213,26.48771298],[-76.99664772,26.48818922],[-76.99635255,26.48839092],[-76.99473703,26.49128473]],[[-76.98943126,26.40233433],[-76.9896934,26.40255964],[-76.9921875,26.40094864],[-76.99737096,26.39631355],[-76.99428546,26.39530754],[-76.9921875,26.39760041],[-76.9921875,26.39787936],[-76.99040675,26.39869332],[-76.98956323,26.40107405],[-76.98943126,26.40233433]],[[-77.19450927,25.85120726],[-77.18765664,25.85713112],[-77.1841346,25.85778594],[-77.18161213,25.85581625],[-77.18024492,25.85709536],[-77.18339467,25.86437964],[-77.18525696,25.87619781],[-77.18450534,25.88743091],[-77.18253922,25.88711953],[-77.18164694,25.88866067],[-77.18304634,25.89441967],[-77.18285096,25.90253401],[-77.18174791,25.90348744],[-77.18173015,25.90815496],[-77.18031526,25.90860856],[-77.17971623,25.91624045],[-77.17792594,25.91811013],[-77.18121386,25.92737818],[-77.18197834,25.94625604],[-77.18954742,25.96764612],[-77.18878925,25.99827111],[-77.18879962,25.99845731],[-77.19194627,26.00184965],[-77.19122016,26.015625],[-77.19157183,26.015625],[-77.19306004,26.02215266],[-77.19605184,26.02827501],[-77.19639397,26.03796124],[-77.19780338,26.03908396],[-77.19801664,26.04154551],[-77.19796705,26.04243302],[-77.19587827,26.04512513],[-77.19521725,26.05347681],[-77.1934514,26.05890596],[-77.18625152,26.07024336],[-77.18532991,26.0751065],[-77.18220794,26.08041358],[-77.18141687,26.08268416],[-77.18129015,26.08851171],[-77.17955112,26.09472835],[-77.17839086,26.10443807],[-77.17918026,26.11760414],[-77.18106878,26.1197741],[-77.18378687,26.12913871],[-77.18435121,26.14431202],[-77.18194008,26.1513108],[-77.18067658,26.1519798],[-77.17609024,26.15088105],[-77.17509925,26.15160477],[-77.17728436,26.15215182],[-77.17805302,26.15531254],[-77.17615402,26.15941346],[-77.17458665,26.15949023],[-77.17363775,26.16356206],[-77.17425203,26.16462505],[-77.17583466,26.16276145],[-77.17795825,26.16403973],[-77.17869472,26.16460061],[-77.18038344,26.16812944],[-77.18092382,26.17265224],[-77.18123245,26.18149126],[-77.17892766,26.19047475],[-77.17883861,26.19140625],[-77.17900348,26.19140625],[-77.17906225,26.1945616],[-77.17795515,26.19609392],[-77.1775732,26.19627178],[-77.17563701,26.19591761],[-77.17519975,26.19622922],[-77.17463624,26.1971606],[-77.17459762,26.19987607],[-77.17803323,26.20106375],[-77.17879546,26.2021116],[-77.17892075,26.20249951],[-77.17813933,26.20492291],[-77.17710555,26.20719326],[-77.17261672,26.21018088],[-77.17106104,26.21374571],[-77.16959882,26.21445775],[-77.16958666,26.21836472],[-77.16591847,26.22542524],[-77.15974212,26.23125923],[-77.16140807,26.23258698],[-77.16136587,26.23520601],[-77.15567768,26.24337912],[-77.15277326,26.24640596],[-77.14405012,26.25090468],[-77.12928164,26.26527917],[-77.11722183,26.27982795],[-77.11193383,26.28458583],[-77.10469007,26.28758764],[-77.09957743,26.28755224],[-77.09909463,26.28975427],[-77.09597528,26.29096985],[-77.08301234,26.29149067],[-77.08209443,26.29285705],[-77.08261168,26.29594624],[-77.0890609,26.29758465],[-77.08395147,26.30095792],[-77.07725251,26.30158567],[-77.07105994,26.30046535],[-77.06505275,26.30344892],[-77.04544842,26.3062762],[-77.04442966,26.30166435],[-77.04208624,26.30155051],[-77.0396769,26.30299532],[-77.03811443,26.30244064],[-77.04156721,26.29418612],[-77.03764141,26.29042876],[-77.04147661,26.29015207],[-77.03975785,26.28881896],[-77.04169095,26.28802991],[-77.04612625,26.29002178],[-77.04836714,26.28928244],[-77.05018044,26.29059851],[-77.05430198,26.28465986],[-77.06105006,26.28780365],[-77.06241345,26.28569305],[-77.05113482,26.27745247],[-77.05223584,26.27264643],[-77.04976654,26.27004623],[-77.05175304,26.26661575],[-77.04138255,26.2759366],[-77.03421235,26.27857876],[-77.02971268,26.28531194],[-77.03189445,26.28914976],[-77.02842772,26.29375446],[-77.02072275,26.29621863],[-77.01626682,26.29528725],[-77.01315153,26.29654181],[-77.01190972,26.29586053],[-77.01224518,26.29367995],[-77.01055086,26.29026115],[-77.00984251,26.29375446],[-77.00768757,26.29682505],[-77.00772965,26.29924655],[-77.00341093,26.30412734],[-77.00083363,26.30959201],[-76.99971485,26.31310642],[-77.0010308,26.31409216],[-77.00015485,26.31479084],[-77.00027573,26.31878126],[-76.99669027,26.32365906],[-76.99710536,26.32505655],[-76.99579823,26.32571638],[-76.99432731,26.32991231],[-76.9921875,26.33147323],[-76.9921875,26.33231032],[-76.99925351,26.3302803],[-76.99843562,26.32746816],[-77.00068152,26.32569695],[-77.00008643,26.33464205],[-77.00136721,26.33212817],[-77.00387204,26.33190775],[-77.00232363,26.33077955],[-77.00372398,26.32858825],[-77.01099813,26.32411313],[-77.01408017,26.32450795],[-77.01180112,26.32509387],[-77.01902628,26.32763076],[-77.01853001,26.32611346],[-77.01456904,26.32485235],[-77.01887524,26.32487178],[-77.01760805,26.32319546],[-77.01780868,26.31979251],[-77.01397753,26.31897306],[-77.01517582,26.31718743],[-77.02048886,26.31787646],[-77.02494347,26.32061255],[-77.02230465,26.32226515],[-77.02533376,26.32330275],[-77.02773714,26.32505202],[-77.0284121,26.32620275],[-77.02852356,26.32687223],[-77.02810717,26.32729006],[-77.02531612,26.32564092],[-77.02518272,26.32585394],[-77.02565205,26.32771015],[-77.02820265,26.33004892],[-77.02416801,26.32965755],[-77.02693844,26.3334403],[-77.02744365,26.3399024],[-77.02912796,26.33992445],[-77.02788246,26.34952295],[-77.0292418,26.34829915],[-77.03052115,26.34343255],[-77.03026605,26.33638132],[-77.03220785,26.34312844],[-77.02951467,26.34860933],[-77.03028536,26.34987748],[-77.03146994,26.3494457],[-77.03313923,26.34454656],[-77.03293812,26.33801305],[-77.03562546,26.33652163],[-77.03629005,26.3371762],[-77.03641081,26.33975351],[-77.03401637,26.34057701],[-77.03622067,26.34643078],[-77.03374231,26.34751213],[-77.03425014,26.35042095],[-77.03118455,26.35230291],[-77.02842486,26.35901082],[-77.02812958,26.35927296],[-77.02363336,26.35998356],[-77.02744365,26.35758793],[-77.02626145,26.35549438],[-77.02399802,26.35759056],[-77.02156091,26.35720551],[-77.01732695,26.35960054],[-77.01489067,26.35905612],[-77.01216865,26.35549617],[-77.00638294,26.35629594],[-77.00378168,26.35472035],[-77.00098598,26.35908747],[-76.99765766,26.36059546],[-76.9989593,26.36178577],[-76.99932063,26.36604917],[-76.99915886,26.36635172],[-76.99809337,26.3671875],[-76.99841535,26.3671875],[-76.99969733,26.38100696],[-77.00004756,26.38110125],[-77.0028969,26.38002992],[-77.00503278,26.38078976],[-77.00508213,26.37782908],[-77.01016128,26.37278831],[-77.0112375,26.37215757],[-77.01572537,26.37205505],[-77.01599956,26.37205875],[-77.02147281,26.37403524],[-77.02249885,26.37446272],[-77.02983344,26.38041341],[-77.0344696,26.39248633],[-77.03658724,26.39192784],[-77.03611088,26.39054215],[-77.03727806,26.38943052],[-77.0395534,26.38992906],[-77.04073334,26.39145124],[-77.04162288,26.39578676],[-77.04204404,26.39662385],[-77.04399681,26.39819038],[-77.04381096,26.39889646],[-77.04291797,26.39963484],[-77.04057264,26.39932072],[-77.04229093,26.40096104],[-77.04092145,26.4023087],[-77.03829491,26.39929485],[-77.03657007,26.39935255],[-77.03943324,26.40369916],[-77.04290855,26.40641546],[-77.04315126,26.41059125],[-77.04445136,26.41149223],[-77.04387641,26.41219628],[-77.04350674,26.41234815],[-77.04081738,26.41036355],[-77.04047513,26.40992963],[-77.04004323,26.40692556],[-77.03437412,26.40216601],[-77.03595841,26.39770353],[-77.03073025,26.39964223],[-77.03920794,26.41000986],[-77.04005325,26.41288316],[-77.03867924,26.41350925],[-77.03924131,26.41499805],[-77.04349005,26.41765893],[-77.04584837,26.42103887],[-77.04611123,26.42765617],[-77.04811716,26.42967427],[-77.04837024,26.42963135],[-77.04845417,26.42422581],[-77.04735565,26.42282176],[-77.04735005,26.42225051],[-77.04813826,26.41913915],[-77.05068541,26.42045677],[-77.04904115,26.42028153],[-77.04919505,26.42268431],[-77.05089211,26.42421865],[-77.05174875,26.42348576],[-77.05187654,26.42290795],[-77.05007815,26.41572821],[-77.05263793,26.41918051],[-77.05457056,26.41973221],[-77.05485284,26.42021763],[-77.05624664,26.42318881],[-77.0573529,26.42984045],[-77.05640054,26.43066311],[-77.05706322,26.43453097],[-77.05871356,26.43842733],[-77.05901706,26.44848204],[-77.05745935,26.45253301],[-77.05653715,26.45300293],[-77.05483413,26.45304906],[-77.0526129,26.44979906],[-77.05418277,26.44602644],[-77.05238891,26.43767393],[-77.05368972,26.432657],[-77.05176234,26.43059707],[-77.05216801,26.42751372],[-77.05177021,26.42723656],[-77.05112183,26.42747331],[-77.04899752,26.4306612],[-77.04717481,26.43090737],[-77.04859281,26.43925464],[-77.05091524,26.44280195],[-77.05158114,26.44764924],[-77.05100644,26.4499464],[-77.04857695,26.44934726],[-77.04731238,26.45056903],[-77.04997134,26.45080471],[-77.05133617,26.45223021],[-77.05186665,26.46033597],[-77.05394721,26.45856905],[-77.05425286,26.46077073],[-77.05743158,26.45749748],[-77.05833232,26.45853496],[-77.05838108,26.4601413],[-77.05802965,26.46061945],[-77.05634987,26.4609971],[-77.05640662,26.46536171],[-77.05578864,26.46557856],[-77.05505252,26.46563065],[-77.05220842,26.46486855],[-77.0517956,26.46192992],[-77.04788625,26.46019435],[-77.04911876,26.46253645],[-77.04895854,26.46662748],[-77.0515058,26.46727467],[-77.05617523,26.46654928],[-77.05777705,26.46753657],[-77.05785465,26.46795905],[-77.05561066,26.46941042],[-77.05499804,26.473176],[-77.05599332,26.47512555],[-77.05121946,26.47417724],[-77.05090225,26.47556758],[-77.0525614,26.47692621],[-77.05024612,26.4798001],[-77.04548645,26.48260701],[-77.04539514,26.48280394],[-77.04671526,26.48393345],[-77.04638052,26.48587894],[-77.04811752,26.48648071],[-77.04694426,26.49001574],[-77.04543722,26.48991966],[-77.04539943,26.48701012],[-77.04368198,26.48589683],[-77.03771245,26.49386752],[-77.03770745,26.49440146],[-77.04079401,26.49868166],[-77.04709375,26.50215101],[-77.04652846,26.50416875],[-77.04992735,26.50639665],[-77.05101216,26.51107514],[-77.05300033,26.51125288],[-77.05313706,26.51173031],[-77.05104268,26.51394391],[-77.0531702,26.51497078],[-77.05205476,26.51708448],[-77.05287194,26.51879108],[-77.05171323,26.51952064],[-77.05361462,26.52696133],[-77.05360198,26.52731323],[-77.05173767,26.5375936],[-77.05010605,26.54292583],[-77.04554856,26.54668093],[-77.04458904,26.54649305],[-77.04737747,26.54296875],[-77.04708505,26.54283178],[-77.04668784,26.54296875],[-77.04338992,26.54595673],[-77.04237044,26.54831696],[-77.03940904,26.54885066],[-77.03626072,26.5522778],[-77.03136361,26.55240154],[-77.02693307,26.55479145],[-77.02230644,26.55507255],[-77.02071905,26.55660057],[-77.02493274,26.55641818],[-77.03909826,26.55168843],[-77.05069101,26.55346954],[-77.05649865,26.55210972],[-77.06117487,26.55430412],[-77.06057215,26.5552777],[-77.06406331,26.55463231],[-77.06686294,26.55659854],[-77.06715214,26.55583775],[-77.06105554,26.55132604],[-77.06181836,26.55053735],[-77.06472278,26.55144715],[-77.06471956,26.54998064],[-77.06445158,26.54985964],[-77.06102765,26.54879844],[-77.05596364,26.55005908],[-77.05493951,26.55123794],[-77.05392611,26.55148196],[-77.05110776,26.55121517],[-77.05065131,26.55098414],[-77.04996693,26.54921007],[-77.05031621,26.54822957],[-77.0506289,26.54784822],[-77.05248106,26.54809284],[-77.05383062,26.54525411],[-77.05423355,26.54504323],[-77.05689347,26.54411447],[-77.06177592,26.54317594],[-77.06511962,26.54354274],[-77.06518555,26.54296875],[-77.06597698,26.54206753],[-77.06897736,26.54165137],[-77.07221544,26.54296875],[-77.07266927,26.54296875],[-77.07213175,26.54466343],[-77.07271445,26.54489875],[-77.08018172,26.54551888],[-77.09401262,26.55437887],[-77.10538113,26.55990732],[-77.1146003,26.56969893],[-77.11708486,26.57150924],[-77.12092674,26.57237303],[-77.12098324,26.57362413],[-77.11839902,26.57276845],[-77.11636114,26.57381094],[-77.11793757,26.57567692],[-77.12075448,26.57591212],[-77.12248695,26.57759798],[-77.1304661,26.57653666],[-77.13304007,26.57797146],[-77.13384557,26.57583606],[-77.13509285,26.57556236],[-77.13775682,26.57792914],[-77.14322972,26.57852685],[-77.14236426,26.58061981],[-77.14321947,26.58161426],[-77.14596677,26.58071423],[-77.15523911,26.58843064],[-77.16204572,26.59142137],[-77.16556132,26.59490776],[-77.16947114,26.59611964],[-77.16785037,26.59751046],[-77.17073536,26.60432124],[-77.17530978,26.60485494],[-77.17690396,26.60364318],[-77.17631304,26.60176361],[-77.17925763,26.60193014],[-77.17995095,26.59938538],[-77.18198144,26.60001397],[-77.18321335,26.59810352],[-77.18542182,26.59983695],[-77.19446552,26.59634757],[-77.20427716,26.59634972],[-77.20504296,26.59642363],[-77.21518385,26.59887803],[-77.22000515,26.59882975],[-77.22446883,26.60355854],[-77.22703505,26.60136914],[-77.23625684,26.60694587],[-77.24005902,26.60701573],[-77.2413522,26.60994625],[-77.24084115,26.61148405],[-77.24140012,26.61185682],[-77.24871337,26.61332297],[-77.25723481,26.61994946],[-77.26240134,26.62298596],[-77.26513755,26.62464094],[-77.26732421,26.62437165],[-77.26824546,26.62604785],[-77.26945603,26.62597024],[-77.26971996,26.62629747],[-77.26913512,26.62731338],[-77.26625633,26.62845945],[-77.26892424,26.62982905],[-77.27095187,26.6292541],[-77.27082658,26.63030887],[-77.27347732,26.63223672],[-77.27511597,26.63039684],[-77.2775259,26.63150084],[-77.27770221,26.63269258],[-77.27594471,26.63429761],[-77.27967751,26.63949287],[-77.28171957,26.63889432],[-77.28055143,26.63801324],[-77.28097284,26.63542485],[-77.27891684,26.63506281],[-77.28053355,26.63382006],[-77.29093254,26.64028645],[-77.29371226,26.64334178],[-77.29557765,26.64553106],[-77.29600036,26.64658797],[-77.29585445,26.64674747],[-77.29470694,26.64665651],[-77.29149914,26.64453125],[-77.28851211,26.64081645],[-77.28809667,26.64056134],[-77.28303003,26.6393224],[-77.29088962,26.64554155],[-77.29589605,26.65277004],[-77.29864228,26.65392494],[-77.30461955,26.66089952],[-77.30555153,26.66505706],[-77.30868566,26.66795981],[-77.31260598,26.67471814],[-77.31427121,26.68123186],[-77.31352472,26.68451154],[-77.31501603,26.68787336],[-77.31460655,26.69115031],[-77.31199646,26.69148946],[-77.31189847,26.68821764],[-77.30655587,26.67299736],[-77.30316925,26.66814363],[-77.29429054,26.65940976],[-77.29325998,26.66042387],[-77.29512441,26.6657449],[-77.29215252,26.66348815],[-77.29216695,26.66567075],[-77.28927934,26.66649544],[-77.28197336,26.67236245],[-77.27918458,26.66958463],[-77.28201294,26.66991162],[-77.28269374,26.66765976],[-77.28475845,26.66850996],[-77.28396952,26.66665018],[-77.28191125,26.66632676],[-77.27969074,26.66766465],[-77.27716935,26.66634834],[-77.27403021,26.66713154],[-77.27043641,26.67058873],[-77.26435244,26.68120325],[-77.26746285,26.68091154],[-77.26985013,26.67771566],[-77.27338934,26.67748487],[-77.27529871,26.67612422],[-77.27582407,26.67612374],[-77.28682804,26.67856467],[-77.29986691,26.68642211],[-77.30329192,26.69098258],[-77.30378521,26.69212687],[-77.30386436,26.69583201],[-77.30074406,26.69652486],[-77.30254602,26.69964886],[-77.30184102,26.70157456],[-77.30772078,26.70412803],[-77.31063998,26.70400596],[-77.31529283,26.70832896],[-77.32492065,26.71314156],[-77.33221114,26.71826291],[-77.33291376,26.71865368],[-77.3407377,26.72156596],[-77.34375,26.72377217],[-77.34375,26.72405136],[-77.35458446,26.7335093],[-77.36080861,26.73746526],[-77.367926,26.73966157],[-77.37169445,26.74478436],[-77.37666845,26.7458173],[-77.38902891,26.75949335],[-77.38972116,26.76282787],[-77.39469194,26.76933765],[-77.40117538,26.77510703],[-77.4024235,26.77859914],[-77.39927316,26.77970338],[-77.40096235,26.78137386],[-77.40331936,26.7813127],[-77.40283334,26.78276265],[-77.40547395,26.7832129],[-77.40750003,26.78501666],[-77.41689873,26.79557717],[-77.42591047,26.80289781],[-77.42684877,26.80542612],[-77.43609381,26.81445312],[-77.4839555,26.84944654],[-77.50683928,26.86905575],[-77.52032983,26.88233316],[-77.52318084,26.88473594],[-77.52684236,26.88577795],[-77.52737522,26.88869035],[-77.52933335,26.88911915],[-77.53487325,26.89389634],[-77.53676414,26.89242733],[-77.53724706,26.89263845],[-77.53968751,26.89453125],[-77.53986168,26.89453125],[-77.54527116,26.89735651],[-77.55439413,26.90478337],[-77.58284688,26.92033303],[-77.58545363,26.92116666],[-77.58743536,26.92069185],[-77.58532071,26.91960883],[-77.58274472,26.91192615],[-77.58216715,26.90592814],[-77.58344984,26.90387154],[-77.58058143,26.90192306],[-77.58913505,26.89598834],[-77.59003353,26.89612496],[-77.58378124,26.90191102],[-77.584656,26.90251064],[-77.58755445,26.89968002],[-77.58674407,26.90140843],[-77.58771634,26.90217388],[-77.58460665,26.90476656],[-77.58455837,26.90620756],[-77.59299958,26.90018451],[-77.59394908,26.90073705],[-77.58842552,26.90447772],[-77.58819401,26.90644825],[-77.59480715,26.90170717],[-77.59629905,26.90202725],[-77.59501243,26.90105414],[-77.59674346,26.89961445],[-77.60100114,26.90070331],[-77.60263324,26.89927483],[-77.60627341,26.89976215],[-77.61630416,26.89729178],[-77.61736095,26.89773321],[-77.61353016,26.89894974],[-77.61803305,26.89948046],[-77.62260044,26.89815116],[-77.62451792,26.89864087],[-77.6253283,26.89735532],[-77.62879705,26.8963505],[-77.62946284,26.896281],[-77.63688695,26.89651561],[-77.64693892,26.89731491],[-77.6521666,26.89936984],[-77.64760828,26.90063035],[-77.65439177,26.9001981],[-77.65702236,26.90109193],[-77.66058421,26.90031803],[-77.6953125,26.90541291],[-77.6953125,26.90569186],[-77.70308232,26.90677845],[-77.70938754,26.90728641],[-77.71389008,26.9073956],[-77.71530795,26.90659881],[-77.71603274,26.90670812],[-77.72589982,26.911008],[-77.7329874,26.91060507],[-77.74267423,26.9115808],[-77.75242305,26.91426885],[-77.75848782,26.91413486],[-77.7659384,26.91660547],[-77.77089143,26.91973758],[-77.77174616,26.91800463],[-77.78021193,26.91970932],[-77.78241825,26.91885865],[-77.78753674,26.91985333],[-77.79652941,26.91983032],[-77.80042791,26.91961431],[-77.80313146,26.91913795],[-77.80762792,26.91662264],[-77.82661831,26.9146533],[-77.82671547,26.91434836],[-77.82244885,26.91348171],[-77.81778586,26.91045392],[-77.81145978,26.91066897],[-77.80832386,26.909235],[-77.80736065,26.90441406],[-77.80206084,26.89860404],[-77.80006933,26.89880407],[-77.80290806,26.90192521],[-77.80102241,26.90436184],[-77.8009814,26.90641022],[-77.80038047,26.90648985],[-77.79057884,26.90583944],[-77.78410542,26.90209317],[-77.78212106,26.90564203],[-77.77692306,26.90676701],[-77.77155817,26.90459895],[-77.76910532,26.90198445],[-77.76836395,26.90148985],[-77.7636677,26.89911056],[-77.76313937,26.89905465],[-77.76291144,26.89978433],[-77.76385558,26.90220261],[-77.76598406,26.90189707],[-77.76566327,26.90344226],[-77.76512682,26.90400302],[-77.763888,26.90422022],[-77.76339996,26.90422285],[-77.75794327,26.90129721],[-77.74978912,26.90135753],[-77.7483989,26.89882064],[-77.74039745,26.89488995],[-77.73912823,26.89663947],[-77.73994732,26.89972055],[-77.73595285,26.89964116],[-77.73550236,26.89949405],[-77.73478365,26.89786577],[-77.73534811,26.89453125],[-77.73531234,26.89453125],[-77.73411071,26.89341974],[-77.73440695,26.89317834],[-77.73946083,26.89268494],[-77.74249995,26.89453125],[-77.74285471,26.89453125],[-77.74363673,26.89536834],[-77.74681187,26.89530587],[-77.74723363,26.89453125],[-77.74718738,26.89453125],[-77.74896824,26.88942885],[-77.74802005,26.88766682],[-77.74456847,26.88666773],[-77.74370396,26.88536334],[-77.7342025,26.88316906],[-77.7336086,26.88316536],[-77.72949004,26.88383937],[-77.7264955,26.88739133],[-77.71936154,26.89123035],[-77.71911228,26.89145494],[-77.71718752,26.89453125],[-77.71689415,26.89453125],[-77.71673334,26.89494097],[-77.71806455,26.89784455],[-77.71801245,26.89935315],[-77.717278,26.90162563],[-77.71655655,26.9029963],[-77.71638918,26.90315092],[-77.71397817,26.90404582],[-77.70880842,26.89735067],[-77.6953125,26.89676344],[-77.69515204,26.89678812],[-77.69406128,26.89453125],[-77.69111562,26.89252067],[-77.68998432,26.89208412],[-77.68512225,26.89151955],[-77.6849215,26.88853466],[-77.68361998,26.88733196],[-77.68201053,26.88647616],[-77.68176055,26.88647485],[-77.68109858,26.88776267],[-77.6805613,26.88801193],[-77.67923772,26.88792455],[-77.6780138,26.88727152],[-77.6778208,26.88710344],[-77.67742705,26.88513195],[-77.67468727,26.88501143],[-77.67297101,26.88382995],[-77.67256474,26.88345814],[-77.67165947,26.88095045],[-77.66512001,26.8751899],[-77.66409385,26.87281823],[-77.65720665,26.87106431],[-77.65539432,26.86886454],[-77.64989805,26.86609745],[-77.63294578,26.86629796],[-77.62588751,26.86398125],[-77.62238205,26.86106873],[-77.6178714,26.86135221],[-77.61581135,26.86362505],[-77.59693742,26.86773551],[-77.5816617,26.86877561],[-77.57464457,26.86747313],[-77.57503748,26.86970711],[-77.57392907,26.87076306],[-77.56013465,26.87524664],[-77.54594851,26.87312877],[-77.53847468,26.87447238],[-77.53720915,26.87542546],[-77.53695762,26.87723935],[-77.53879106,26.88156104],[-77.53900802,26.88156962],[-77.54151428,26.87924814],[-77.54486406,26.88024986],[-77.55642545,26.87984848],[-77.55856907,26.88083494],[-77.56134522,26.87945902],[-77.56372845,26.88023055],[-77.56732416,26.87896991],[-77.56978273,26.88140106],[-77.5739752,26.87725413],[-77.57490385,26.87890065],[-77.57871973,26.88083732],[-77.57899392,26.88067317],[-77.57839274,26.87907302],[-77.57637894,26.87823224],[-77.57378042,26.87475085],[-77.57735395,26.87451124],[-77.57956076,26.87952733],[-77.57984614,26.87467086],[-77.58233345,26.87945437],[-77.58008111,26.88061392],[-77.58569813,26.88432825],[-77.58873773,26.88408565],[-77.58687484,26.88713717],[-77.58652532,26.89148426],[-77.58249986,26.89453125],[-77.58239961,26.89453125],[-77.58241773,26.89462483],[-77.58066845,26.89683068],[-77.58013332,26.89777708],[-77.57966804,26.90129173],[-77.57721555,26.89936638],[-77.57715476,26.89893746],[-77.5783745,26.89504242],[-77.5801208,26.89470565],[-77.58031237,26.89453125],[-77.58020926,26.89299273],[-77.58404183,26.89099371],[-77.58432853,26.88838625],[-77.58417404,26.88788843],[-77.57883906,26.88510585],[-77.57245958,26.88648546],[-77.56399322,26.89105904],[-77.55821514,26.89273095],[-77.55894995,26.89103305],[-77.56392145,26.88980806],[-77.5663619,26.88555515],[-77.56200623,26.88523233],[-77.56299841,26.8835783],[-77.56012905,26.88134778],[-77.54860008,26.88124692],[-77.5480746,26.8813796],[-77.54465437,26.88359106],[-77.54324806,26.88604581],[-77.55084455,26.89157808],[-77.5511837,26.89217567],[-77.55087781,26.89293671],[-77.55005062,26.89338934],[-77.54926741,26.89336503],[-77.54768646,26.89282107],[-77.54228067,26.88758147],[-77.5301826,26.88102436],[-77.52980626,26.87922633],[-77.52731907,26.87826431],[-77.52539611,26.87502265],[-77.51427197,26.86395907],[-77.5098387,26.86096036],[-77.50665855,26.85497403],[-77.50368905,26.85202312],[-77.49645126,26.84801352],[-77.49104524,26.83933115],[-77.48720431,26.83650005],[-77.48636365,26.83409297],[-77.48380625,26.83358598],[-77.48190463,26.83250523],[-77.48134434,26.83068383],[-77.47894967,26.83004963],[-77.47692525,26.82766736],[-77.47493064,26.82456434],[-77.47244394,26.820243],[-77.47019625,26.81251454],[-77.47594261,26.81481695],[-77.47589755,26.81821585],[-77.47681093,26.81862736],[-77.48017466,26.81405902],[-77.48485053,26.81409061],[-77.48812222,26.8105092],[-77.48780107,26.80846465],[-77.47957206,26.81285167],[-77.47696674,26.81260777],[-77.47577953,26.8112725],[-77.47200775,26.81166863],[-77.47168195,26.80918932],[-77.46752143,26.80814397],[-77.45451355,26.79493535],[-77.45256793,26.78805673],[-77.45335054,26.78460813],[-77.45104015,26.77584195],[-77.45034754,26.76241064],[-77.45170355,26.74984896],[-77.45427275,26.74095798],[-77.45317364,26.74022472],[-77.45431995,26.73886526],[-77.45301533,26.73289216],[-77.45205307,26.73257923],[-77.45486903,26.72753787],[-77.45022595,26.72367156],[-77.44846022,26.72093296],[-77.44821167,26.72019422],[-77.44918752,26.71875],[-77.44886768,26.71700907],[-77.44803822,26.7162801],[-77.44782662,26.71620643],[-77.44599485,26.71788311],[-77.44340074,26.71732485],[-77.43835175,26.71276665],[-77.43304443,26.70278621],[-77.43320882,26.69819653],[-77.42555797,26.69372773],[-77.42390382,26.69171381],[-77.42341864,26.68781865],[-77.41691685,26.68571651],[-77.41221344,26.68232703],[-77.40754378,26.68634534],[-77.40143144,26.68724227],[-77.40484226,26.68202293],[-77.40239644,26.68019855],[-77.39867854,26.68099165],[-77.39747751,26.68518496],[-77.39438415,26.68635273],[-77.39037204,26.68663287],[-77.38908505,26.68539298],[-77.38106406,26.68611705],[-77.37805283,26.68481445],[-77.37760723,26.68509352],[-77.375036,26.68814564],[-77.37539685,26.69563341],[-77.37276626,26.70114684],[-77.36263466,26.70492947],[-77.35925126,26.70811737],[-77.35900187,26.70807374],[-77.35903525,26.70601535],[-77.35344577,26.69961095],[-77.35351145,26.69657946],[-77.35330784,26.69627953],[-77.34873903,26.69295204],[-77.34861016,26.69263506],[-77.34876263,26.68075502],[-77.34582841,26.67773426],[-77.34614241,26.67447102],[-77.34375,26.67410707],[-77.34080231,26.67401195],[-77.33475494,26.67759466],[-77.33583903,26.67880452],[-77.33889306,26.67781734],[-77.3414762,26.67870867],[-77.34375,26.68052447],[-77.34375,26.68108261],[-77.34421778,26.68387282],[-77.34375,26.68387282],[-77.34229672,26.68323374],[-77.3417834,26.68095744],[-77.33925581,26.68154454],[-77.33790064,26.67983258],[-77.3343538,26.68287528],[-77.33275521,26.68269837],[-77.33142805,26.67912936],[-77.32826781,26.67912674],[-77.3260411,26.67719662],[-77.32814872,26.67309046],[-77.32936525,26.67296147],[-77.32892632,26.66688514],[-77.33148634,26.66786075],[-77.33212912,26.66639185],[-77.33317351,26.66671514],[-77.33460712,26.67008555],[-77.33735621,26.66944873],[-77.34214556,26.67074394],[-77.34375,26.67075884],[-77.34375,26.67047977],[-77.35081565,26.67111385],[-77.35129905,26.67083585],[-77.35368931,26.66881788],[-77.35535085,26.66567075],[-77.35540652,26.66529632],[-77.35325921,26.66060245],[-77.35248876,26.6601938],[-77.34925723,26.66263735],[-77.34375,26.66378343],[-77.3389045,26.66567504],[-77.33823001,26.66568255],[-77.33728933,26.66460264],[-77.33738041,26.66420817],[-77.33924377,26.66232336],[-77.33842802,26.66131306],[-77.33747804,26.66129065],[-77.33206844,26.66267192],[-77.33065963,26.6651566],[-77.32865977,26.66428506],[-77.32598591,26.66450274],[-77.3247143,26.66498804],[-77.32295442,26.66693854],[-77.32361007,26.66328645],[-77.31523895,26.66520882],[-77.31410873,26.66472971],[-77.31400371,26.66446531],[-77.31739831,26.66202676],[-77.33128512,26.65834403],[-77.33390045,26.65563881],[-77.33405745,26.65534675],[-77.33190405,26.65250885],[-77.33415985,26.64981747],[-77.33384454,26.64691234],[-77.34375,26.63895094],[-77.34375,26.63839281],[-77.3480072,26.63501537],[-77.34808111,26.63239551],[-77.34603143,26.62732077],[-77.34600866,26.62657297],[-77.34757113,26.62291002],[-77.34780097,26.62128603],[-77.34666157,26.61680508],[-77.34598196,26.61483288],[-77.34375,26.61188614],[-77.34375,26.60965395],[-77.34064877,26.60811615],[-77.33628345,26.60881674],[-77.33212435,26.60392845],[-77.33054554,26.59973276],[-77.32845664,26.59802401],[-77.32426322,26.59806025],[-77.32086504,26.59640408],[-77.31970215,26.5931288],[-77.30968535,26.59427035],[-77.30548954,26.59623396],[-77.30018616,26.59656262],[-77.29891622,26.59745944],[-77.29827714,26.60361242],[-77.29636633,26.60702634],[-77.29455745,26.6162039],[-77.29510236,26.62264895],[-77.29424167,26.62274158],[-77.2938801,26.62257016],[-77.29203665,26.62015474],[-77.29375315,26.61315346],[-77.29267168,26.60917604],[-77.29423106,26.60202754],[-77.29754913,26.59467387],[-77.29754925,26.59103918],[-77.29901063,26.59099877],[-77.29943895,26.58673537],[-77.29634237,26.58730626],[-77.29391134,26.58623564],[-77.29398727,26.58098125],[-77.28744352,26.58087897],[-77.28524733,26.57915175],[-77.27799785,26.57854402],[-77.27586675,26.58278131],[-77.2739557,26.58300912],[-77.27454817,26.57666492],[-77.27728093,26.57468951],[-77.26971066,26.57154572],[-77.2574656,26.57414413],[-77.24833286,26.58367348],[-77.24891376,26.5793246],[-77.24615932,26.57772625],[-77.24846411,26.57360065],[-77.24838042,26.57279623],[-77.24791765,26.5721873],[-77.24599135,26.57149816],[-77.24343145,26.57201862],[-77.24295747,26.57250905],[-77.24380326,26.57460761],[-77.24184716,26.57807195],[-77.24157071,26.57812202],[-77.24053907,26.57745445],[-77.23998141,26.57482004],[-77.23882222,26.57412446],[-77.23809397,26.57397485],[-77.23315644,26.5735712],[-77.2316246,26.57386875],[-77.22810245,26.57525325],[-77.22769022,26.57552505],[-77.22716343,26.57670546],[-77.22757041,26.58075583],[-77.22770166,26.58101332],[-77.23134434,26.58350825],[-77.22990131,26.58393407],[-77.22598374,26.58371043],[-77.22291887,26.58022654],[-77.22265995,26.57689858],[-77.21926761,26.57421172],[-77.21555555,26.57644451],[-77.21345627,26.57652175],[-77.21092534,26.57474732],[-77.20543075,26.57579446],[-77.20073366,26.57888997],[-77.19030905,26.57454336],[-77.18437946,26.57345521],[-77.17555463,26.57804728],[-77.17519641,26.57643354],[-77.17938483,26.57159293],[-77.18114126,26.56707656],[-77.18028176,26.5634768],[-77.17797565,26.56141365],[-77.17636657,26.56085575],[-77.16880298,26.55991065],[-77.16640985,26.56057107],[-77.14825761,26.55781054],[-77.14416277,26.56123853],[-77.14386368,26.56373882],[-77.14569736,26.56801164],[-77.14169705,26.56906497],[-77.14012086,26.56487393],[-77.13435066,26.55734766],[-77.13188624,26.55258965],[-77.12885356,26.54365945],[-77.12888885,26.54296875],[-77.12829936,26.53283072],[-77.13127244,26.5249449],[-77.13491166,26.52271795],[-77.13348508,26.52158487],[-77.13365614,26.51766527],[-77.1359812,26.51394546],[-77.13463843,26.51060092],[-77.1348623,26.51014137],[-77.13607156,26.50980163],[-77.13874006,26.51110506],[-77.13905776,26.51104426],[-77.13972378,26.50944471],[-77.14013135,26.5095247],[-77.14016068,26.51140356],[-77.14303196,26.51001585],[-77.14645338,26.50650716],[-77.14674437,26.50632417],[-77.14827514,26.50657845],[-77.15047216,26.50441277],[-77.15038836,26.49999487],[-77.15184045,26.49862027],[-77.15458322,26.49864304],[-77.15395284,26.50013912],[-77.15489328,26.50130141],[-77.15922904,26.49942327],[-77.16140175,26.49619341],[-77.15684426,26.49661303],[-77.1592257,26.49442613],[-77.16434705,26.49543548],[-77.16663933,26.49895716],[-77.16654003,26.50060415],[-77.16263187,26.50152648],[-77.16592324,26.50630295],[-77.1626898,26.51052988],[-77.15989375,26.51042128],[-77.15714407,26.50775123],[-77.1581037,26.50504637],[-77.1566112,26.50438535],[-77.15772533,26.50112355],[-77.15562356,26.50273085],[-77.15440476,26.50202346],[-77.15179622,26.50290668],[-77.15242457,26.50423527],[-77.15491354,26.50387323],[-77.15397847,26.50633967],[-77.15190876,26.50741267],[-77.15474892,26.50928605],[-77.15202272,26.51090825],[-77.14996922,26.51411796],[-77.14760661,26.51257157],[-77.14472973,26.51246703],[-77.13998461,26.51398325],[-77.13733983,26.51711798],[-77.13818741,26.51810801],[-77.14108264,26.51801741],[-77.13991106,26.51534236],[-77.14350081,26.51372898],[-77.14439845,26.5145272],[-77.14354634,26.51742864],[-77.15166473,26.51767814],[-77.14986467,26.51971197],[-77.15309215,26.52255416],[-77.1590414,26.52042294],[-77.16144264,26.51731086],[-77.16245186,26.51873267],[-77.16436458,26.51812875],[-77.16512752,26.51934814],[-77.16818893,26.52015758],[-77.16738975,26.52253616],[-77.16454423,26.52274191],[-77.16746581,26.52628362],[-77.16662097,26.52769744],[-77.16266358,26.52904582],[-77.16387534,26.53394353],[-77.1665982,26.53010046],[-77.17015576,26.53069246],[-77.16956234,26.52807462],[-77.17123103,26.52646375],[-77.17386985,26.52856445],[-77.17509234,26.52727187],[-77.18052816,26.52797616],[-77.18363738,26.53029013],[-77.17995906,26.53342187],[-77.18039537,26.53531265],[-77.17717302,26.53463185],[-77.1770277,26.53614652],[-77.17826045,26.53695762],[-77.18697226,26.53540695],[-77.18636143,26.53381193],[-77.18790066,26.53333724],[-77.19259965,26.53470504],[-77.19172478,26.5359621],[-77.18915427,26.53520572],[-77.19003236,26.53758812],[-77.19448721,26.53547502],[-77.19590211,26.53582478],[-77.19706976,26.53793788],[-77.19827473,26.53638172],[-77.20174205,26.53557718],[-77.20663941,26.53253365],[-77.20563042,26.53433752],[-77.21072674,26.53656006],[-77.21300983,26.53905094],[-77.21335185,26.53693175],[-77.21592307,26.53599334],[-77.21969461,26.53250122],[-77.2204895,26.53274596],[-77.21965814,26.53427267],[-77.22173154,26.53556406],[-77.22347045,26.53484881],[-77.22682667,26.52860594],[-77.22593987,26.52579451],[-77.2243911,26.52557111],[-77.22332728,26.52326775],[-77.21973646,26.52583873],[-77.21377945,26.52798092],[-77.21226025,26.5306046],[-77.21053004,26.52851367],[-77.21136272,26.52696907],[-77.20889413,26.52460873],[-77.21442306,26.52443314],[-77.21692431,26.52301645],[-77.21761715,26.52163696],[-77.21568656,26.52167416],[-77.21485746,26.52055657],[-77.21591246,26.51927841],[-77.21842384,26.5213716],[-77.21915555,26.52410281],[-77.22178805,26.52310455],[-77.22452712,26.51858616],[-77.22746623,26.51644671],[-77.22355068,26.51644814],[-77.22353852,26.5139333],[-77.22124815,26.51253486],[-77.22061551,26.51074052],[-77.22569466,26.5083245],[-77.22649097,26.50614893],[-77.22373927,26.50688314],[-77.21906126,26.50505471],[-77.21781051,26.50601077],[-77.21458018,26.50513124],[-77.21237195,26.50427806],[-77.21157014,26.50163925],[-77.20922756,26.50090015],[-77.20557415,26.50232255],[-77.20207143,26.50214362],[-77.20209765,26.50113666],[-77.20539725,26.50064373],[-77.20282054,26.49873733],[-77.20353031,26.49552917],[-77.20058942,26.49439287],[-77.19954872,26.49175966],[-77.19784451,26.49288416],[-77.19490695,26.49085188],[-77.19262922,26.49176145],[-77.19384146,26.49358273],[-77.19972277,26.49491],[-77.19753122,26.49557555],[-77.1977179,26.49720013],[-77.19404244,26.50057483],[-77.19443703,26.50204194],[-77.19295871,26.50400913],[-77.19967473,26.50642192],[-77.20074081,26.50938356],[-77.19941413,26.51085675],[-77.19709134,26.50974977],[-77.19603562,26.50758934],[-77.18885398,26.50845635],[-77.18644834,26.50630045],[-77.18349516,26.50620675],[-77.18090415,26.50338364],[-77.17927706,26.50381064],[-77.18062544,26.49720335],[-77.17731237,26.49700451],[-77.18142915,26.48639107],[-77.18139565,26.48282218],[-77.18590307,26.48054934],[-77.18368125,26.47977781],[-77.18346596,26.47864544],[-77.17903757,26.47758114],[-77.18353844,26.47684145],[-77.18632853,26.47429621],[-77.18605685,26.47194254],[-77.18867624,26.46552742],[-77.19269323,26.46268141],[-77.18878365,26.46077824],[-77.18911684,26.45713294],[-77.19245482,26.45585322],[-77.19034863,26.45463705],[-77.18964315,26.45132077],[-77.19313073,26.44571388],[-77.19728041,26.44495285],[-77.19793761,26.44093692],[-77.20239973,26.43854678],[-77.20720255,26.43965864],[-77.21092725,26.43845105],[-77.21286046,26.44475484],[-77.21539283,26.44317067],[-77.22346485,26.44234157],[-77.22338545,26.43954921],[-77.21686196,26.44113743],[-77.21947801,26.43903887],[-77.21888745,26.43808818],[-77.21585584,26.43898082],[-77.21441662,26.43796682],[-77.21335268,26.43316281],[-77.21483302,26.43183815],[-77.2121458,26.43007553],[-77.20800984,26.43089926],[-77.21093225,26.4325062],[-77.21129096,26.43462348],[-77.20799732,26.43408942],[-77.2050004,26.43746805],[-77.20101404,26.43452966],[-77.2017349,26.43673551],[-77.19902265,26.43717885],[-77.19762802,26.43340695],[-77.20287394,26.42878485],[-77.20279324,26.42427588],[-77.20135653,26.42305505],[-77.19976497,26.42624676],[-77.19792473,26.42734373],[-77.19584537,26.42603254],[-77.19307435,26.42674685],[-77.19472992,26.42927265],[-77.19359672,26.43093526],[-77.19213414,26.42918777],[-77.18982172,26.43027544],[-77.18849444,26.43514693],[-77.18297064,26.43454814],[-77.18182886,26.43291044],[-77.1781708,26.43283546],[-77.17982137,26.43515003],[-77.17941451,26.4370712],[-77.17711687,26.44066417],[-77.17444134,26.44178641],[-77.17288017,26.44473112],[-77.17066073,26.44012916],[-77.17264652,26.42846656],[-77.17197824,26.4245218],[-77.17358375,26.42444086],[-77.17550552,26.42739367],[-77.17849934,26.42555904],[-77.18417847,26.42537844],[-77.18451297,26.42793596],[-77.18561077,26.42850244],[-77.19193816,26.42492771],[-77.19138515,26.42369997],[-77.18977165,26.4234482],[-77.19127286,26.4208703],[-77.19534731,26.41910481],[-77.19737685,26.42269111],[-77.19738936,26.41940522],[-77.19840324,26.41911876],[-77.20875227,26.42501783],[-77.20767844,26.42085612],[-77.20479441,26.41868973],[-77.20456517,26.41424155],[-77.20746267,26.41030026],[-77.21063626,26.41094077],[-77.21355641,26.40980101],[-77.21598446,26.41207194],[-77.21824157,26.41109872],[-77.21737456,26.40861237],[-77.20899606,26.40833473],[-77.21278048,26.40373862],[-77.21719468,26.40369844],[-77.21758115,26.40216255],[-77.21581686,26.39969957],[-77.21718371,26.3983525],[-77.21911395,26.40284145],[-77.21817541,26.40779924],[-77.21891892,26.40868115],[-77.22279775,26.40880215],[-77.22465444,26.41148496],[-77.22721016,26.41193998],[-77.22346413,26.4162029],[-77.22418666,26.41669774],[-77.22868311,26.41384864],[-77.23385704,26.41281295],[-77.23392654,26.40960395],[-77.23632896,26.40955925],[-77.23729014,26.40312564],[-77.23591447,26.40137255],[-77.23342848,26.40158701],[-77.23046935,26.40351117],[-77.22748721,26.40280306],[-77.22850907,26.40055108],[-77.22473967,26.40013456],[-77.22330081,26.40172708],[-77.22078836,26.40164971],[-77.22221243,26.39888465],[-77.22157943,26.39768136],[-77.22314167,26.39603794],[-77.22119701,26.39490581],[-77.22150695,26.39314246],[-77.21781242,26.39445674],[-77.21681225,26.39583313],[-77.21508372,26.39341557],[-77.21076977,26.39450634],[-77.20977187,26.39371371],[-77.21208823,26.38995075],[-77.21437871,26.3903023],[-77.21412242,26.38814592],[-77.21681201,26.38654983],[-77.21555841,26.38349688],[-77.21291006,26.38414395],[-77.21249247,26.38400924],[-77.21090102,26.38242078],[-77.21105623,26.38170815],[-77.21235192,26.38090932],[-77.21587646,26.38039565],[-77.21668935,26.3816545],[-77.21777093,26.38139045],[-77.21791363,26.38107705],[-77.21762836,26.37970448],[-77.21742773,26.37955797],[-77.21592116,26.38007486],[-77.21565688,26.37956333],[-77.21552062,26.37908721],[-77.21693575,26.37681115],[-77.21652186,26.37474561],[-77.21659613,26.37396967],[-77.21542335,26.37093341],[-77.21237922,26.36860394],[-77.21350706,26.3671875],[-77.21494555,26.36573458],[-77.21478057,26.36507225],[-77.21424675,26.36451352],[-77.21181285,26.36314905],[-77.20991135,26.36399341],[-77.20864666,26.363451],[-77.20834231,26.36317861],[-77.20848393,26.36119688],[-77.20833051,26.36089623],[-77.20649195,26.35929191],[-77.20641315,26.35865247],[-77.20810866,26.35530126],[-77.20314741,26.35519683],[-77.19562364,26.35848653],[-77.19367564,26.35474646],[-77.18940783,26.35521114],[-77.18886137,26.35655785],[-77.19163084,26.35808456],[-77.19052577,26.35889542],[-77.19223535,26.3611598],[-77.19020021,26.36351836],[-77.18820584,26.36299682],[-77.18862093,26.36059427],[-77.18663764,26.35918105],[-77.18042505,26.35862887],[-77.17192912,26.36157894],[-77.17092705,26.36113274],[-77.17809284,26.35524535],[-77.17685401,26.35149956],[-77.17547691,26.35224795],[-77.173316,26.35759473],[-77.16670287,26.36046004],[-77.16651654,26.36050141],[-77.16263151,26.35758925],[-77.1618005,26.35442984],[-77.16066146,26.35600841],[-77.15967524,26.35637176],[-77.15826774,26.35665858],[-77.15726125,26.3558886],[-77.15702093,26.35532343],[-77.15744448,26.35438192],[-77.16522455,26.35138178],[-77.1651051,26.34964025],[-77.1631515,26.34826756],[-77.16422093,26.34743965],[-77.17138982,26.34776938],[-77.17208505,26.34974146],[-77.17667747,26.34798634],[-77.17915964,26.35069144],[-77.18169665,26.34928405],[-77.18520653,26.34945238],[-77.18436587,26.34788465],[-77.19166994,26.34781742],[-77.19498932,26.34369564],[-77.19690836,26.34452081],[-77.1991955,26.34352768],[-77.20695996,26.34552431],[-77.20710695,26.34702992],[-77.20493996,26.34832621],[-77.20218265,26.34647477],[-77.19990671,26.34756255],[-77.20288456,26.34869182],[-77.20266986,26.34998965],[-77.20472825,26.35231817],[-77.20927095,26.35362887],[-77.21285391,26.34750795],[-77.21267176,26.33971608],[-77.21377635,26.33518445],[-77.21720755,26.33036852],[-77.22074056,26.33028567],[-77.22417831,26.32812285],[-77.22583282,26.32403231],[-77.22998285,26.32032597],[-77.23958361,26.31804132],[-77.24316478,26.31618226],[-77.24781954,26.31889057],[-77.253178,26.31681061],[-77.25402868,26.31555104],[-77.2538228,26.31288683],[-77.25096357,26.31141317],[-77.24632835,26.3114202],[-77.24024105,26.31383753],[-77.23041236,26.30840576],[-77.22966695,26.30881751],[-77.22860897,26.30383074],[-77.22664285,26.30591726],[-77.22540462,26.30275881],[-77.22545385,26.30128252],[-77.22716761,26.30081117],[-77.22853005,26.29865444],[-77.22693002,26.29759717],[-77.22443151,26.29898942],[-77.22250772,26.29874325],[-77.21717024,26.2965883],[-77.21355426,26.29313385],[-77.21382165,26.28920865],[-77.2164911,26.28627753],[-77.21432364,26.28636813],[-77.20963955,26.29178667],[-77.20775056,26.29115844],[-77.20774925,26.29018402],[-77.21341503,26.28614855],[-77.21244526,26.28491592],[-77.20993912,26.28700328],[-77.2087785,26.28532875],[-77.21117675,26.28215063],[-77.20824707,26.28191495],[-77.20469916,26.2780447],[-77.20399702,26.27640867],[-77.204041,26.27571511],[-77.20534182,26.27488506],[-77.21221077,26.27472246],[-77.21150041,26.27158141],[-77.21254766,26.26796055],[-77.21598315,26.26562345],[-77.20635641,26.25954604],[-77.20445967,26.25739253],[-77.20405126,26.25644791],[-77.20425105,26.25525367],[-77.20446825,26.25494027],[-77.2084161,26.25088584],[-77.21788394,26.24814475],[-77.21793056,26.24422204],[-77.22210395,26.23812413],[-77.22616374,26.23445773],[-77.22946584,26.22855234],[-77.22805595,26.23674214],[-77.22605956,26.23759615],[-77.22474325,26.24022043],[-77.22529495,26.24134254],[-77.22683632,26.24138665],[-77.22739315,26.23803115],[-77.22965038,26.23684895],[-77.22977567,26.23395693],[-77.23111916,26.23317814],[-77.23236227,26.22802925],[-77.23412633,26.22584593],[-77.23393261,26.22350562],[-77.2375952,26.22109234],[-77.23613095,26.21667826],[-77.24096072,26.21183562],[-77.24814022,26.21123064],[-77.24940455,26.21031904],[-77.24980175,26.20689714],[-77.25488102,26.20706332],[-77.25854182,26.20631623],[-77.25960553,26.20505154],[-77.25344944,26.19701612],[-77.24794078,26.19508302],[-77.24720442,26.19507694],[-77.24431443,26.19651532],[-77.24248505,26.195418],[-77.24051547,26.19740486],[-77.24860728,26.19703043],[-77.25128341,26.19814086],[-77.25182128,26.19942665],[-77.25384843,26.19932151],[-77.25409746,26.20127785],[-77.24631143,26.20518065],[-77.24418414,26.20853233],[-77.24386942,26.20868635],[-77.23761165,26.20847392],[-77.23386002,26.20514023],[-77.22823703,26.20277822],[-77.22744894,26.2026937],[-77.22703564,26.20332932],[-77.22959781,26.20482957],[-77.22891128,26.20579457],[-77.22800505,26.20581853],[-77.22584081,26.20417941],[-77.22567785,26.20394194],[-77.22422516,26.20042896],[-77.22438657,26.19656122],[-77.22200096,26.19326162],[-77.22462487,26.19267845],[-77.22490132,26.19241035],[-77.22449195,26.19140625],[-77.22448623,26.19061112],[-77.22294557,26.19024765],[-77.22447312,26.18575943],[-77.22428167,26.18524158],[-77.22155643,26.18209815],[-77.21924496,26.18121874],[-77.21823835,26.17844474],[-77.22284222,26.17385721],[-77.23032391,26.17002058],[-77.23135555,26.16620863],[-77.23377645,26.16392195],[-77.23577917,26.15934002],[-77.22877872,26.15735173],[-77.2250607,26.15927231],[-77.22140408,26.15931976],[-77.21972144,26.15795195],[-77.21681285,26.15868962],[-77.21525598,26.15832114],[-77.21370685,26.1559937],[-77.21303082,26.15979195],[-77.21283245,26.1597712],[-77.20512307,26.15733886],[-77.20494223,26.15721846],[-77.20348251,26.15444195],[-77.20655465,26.15501785],[-77.20713532,26.15436995],[-77.20711994,26.15370905],[-77.20446587,26.15164435],[-77.20459723,26.15008795],[-77.20514035,26.14930403],[-77.20838916,26.14610577],[-77.21320856,26.14356864],[-77.21551096,26.14409375],[-77.21622396,26.14716613],[-77.21918476,26.14604485],[-77.21874666,26.14227915],[-77.21568823,26.14199555],[-77.21481276,26.13961518],[-77.21703756,26.13907087],[-77.22094154,26.13453436],[-77.23631132,26.12814426],[-77.23711717,26.13212383],[-77.24054015,26.13060534],[-77.23908544,26.12561357],[-77.24425685,26.12141538],[-77.24635732,26.11762154],[-77.25466216,26.11548495],[-77.25568235,26.11334753],[-77.25992215,26.11434925],[-77.26487291,26.11331725],[-77.26505661,26.11092865],[-77.26337063,26.10790944],[-77.26251507,26.10835135],[-77.26292932,26.11144173],[-77.25848305,26.11067414],[-77.25868154,26.11228061],[-77.25992358,26.11225283],[-77.2589612,26.11290932],[-77.25419343,26.11038256],[-77.25400937,26.10863054],[-77.25985646,26.10282457],[-77.2640686,26.09616935],[-77.26748896,26.09515834],[-77.26628685,26.09884274],[-77.26750195,26.09927166],[-77.27136064,26.09556437],[-77.27082896,26.09449017],[-77.27590334,26.09270597],[-77.27720487,26.09399486],[-77.27889228,26.09174097],[-77.28178465,26.09226668],[-77.29380035,26.08824396],[-77.29951513,26.08015227],[-77.29378796,26.07991827],[-77.29263711,26.0738101],[-77.29582465,26.07336736],[-77.29430091,26.07598746],[-77.29511666,26.07755888],[-77.29953694,26.07748246],[-77.30572653,26.07558465],[-77.30764341,26.07458615],[-77.30627275,26.07307243],[-77.30791604,26.07089245],[-77.30924475,26.07005954],[-77.31078363,26.07126737],[-77.31511736,26.06664515],[-77.31638455,26.06839538],[-77.31461978,26.06842887],[-77.31408322,26.07045317],[-77.31862736,26.069736],[-77.32039177,26.06599176],[-77.31984234,26.06374681],[-77.32423294,26.06143033],[-77.32270014,26.06765735],[-77.32316172,26.07028747],[-77.32417536,26.07112885],[-77.32442546,26.07095015],[-77.32791138,26.06654584],[-77.32736993,26.06428361],[-77.32902706,26.05960143],[-77.32825518,26.05875361],[-77.33022237,26.0562005],[-77.33154523,26.05476928],[-77.33295774,26.05427313],[-77.33374166,26.05447042],[-77.33613515,26.05606711],[-77.33573866,26.05181825],[-77.34375,26.04994404],[-77.35110235,26.04793656],[-77.35621762,26.04474866],[-77.34946942,26.04347158],[-77.35063863,26.04132354],[-77.35855365,26.03830707],[-77.36483502,26.03724861],[-77.36512816,26.0336858],[-77.35740674,26.03094471],[-77.35495973,26.02754855],[-77.3549844,26.02708721],[-77.35620725,26.02473474],[-77.36382735,26.01928985],[-77.370682,26.01710558],[-77.37189901,26.01548195],[-77.37671542,26.01329124],[-77.38579512,26.01229966],[-77.39103818,26.01059377],[-77.3938148,26.01063526],[-77.39518178,26.01144087],[-77.39219582,26.01479721],[-77.39196825,26.0157212],[-77.39136374,26.01886356],[-77.39236105,26.02186906],[-77.39497685,26.02224886],[-77.39541006,26.02267623],[-77.40074217,26.03095114],[-77.40181685,26.03041995],[-77.40262258,26.02868187],[-77.40138698,26.02472305],[-77.40111828,26.01767421],[-77.40154815,26.015625],[-77.40511203,26.00931644],[-77.40566885,26.00511491],[-77.40567398,26.00433171],[-77.40458155,26.00046766],[-77.40456355,26.00016046],[-77.40527833,25.99812913],[-77.40299904,25.99649],[-77.40007031,25.99711287],[-77.39798641,25.99569786],[-77.37434447,25.99073434],[-77.36287332,25.98553646],[-77.35581088,25.98621631],[-77.35535181,25.99071145],[-77.35628545,25.99155116],[-77.35778928,25.9905194],[-77.35860944,25.99195945],[-77.35725474,25.99295485],[-77.35598516,25.99289274],[-77.35512435,25.99244165],[-77.35396743,25.99047863],[-77.34883273,25.99101007],[-77.34813714,25.99092841],[-77.34375,25.98939717],[-77.33892596,25.98751414],[-77.33561993,25.98743033],[-77.33436942,25.98519552],[-77.33168185,25.98510003],[-77.33138657,25.98477018],[-77.33544266,25.9812113],[-77.33505404,25.98106206],[-77.31805277,25.97941971],[-77.30492425,25.98133254],[-77.3044306,25.98200834],[-77.30473614,25.98260427],[-77.30853724,25.98322952],[-77.31126344,25.98191905],[-77.31464386,25.98266911],[-77.31724203,25.98202181],[-77.31725848,25.98225284],[-77.31510413,25.98346972],[-77.30401874,25.98327434],[-77.29895544,25.98513818],[-77.29589784,25.98412466],[-77.29485047,25.98540175],[-77.29883277,25.98892176],[-77.29884624,25.99069762],[-77.29843426,25.99078131],[-77.29600453,25.98877776],[-77.29486096,25.98961914],[-77.29261315,25.98908508],[-77.28993094,25.98705483],[-77.29238868,25.9850862],[-77.29169571,25.98317111],[-77.29300106,25.98189247],[-77.29762185,25.98380864],[-77.29948056,25.98276532],[-77.30174232,25.98381686],[-77.30316544,25.98245287],[-77.30263042,25.98103964],[-77.29505575,25.97792625],[-77.29171574,25.97858298],[-77.29120648,25.98093522],[-77.28804112,25.98072958],[-77.28330553,25.97459745],[-77.2835294,25.97336006],[-77.28172123,25.97224104],[-77.28228116,25.97110856],[-77.27594614,25.96001267],[-77.27884376,25.94743037],[-77.28095567,25.94375408],[-77.28056061,25.93572903],[-77.28238535,25.93445206],[-77.28200758,25.93341052],[-77.28052235,25.93343782],[-77.27809894,25.92800736],[-77.28066945,25.92655945],[-77.28049576,25.9249562],[-77.28295314,25.92308843],[-77.28371084,25.92087257],[-77.28091514,25.91943312],[-77.27663136,25.92017174],[-77.27236545,25.91656065],[-77.26923871,25.9165405],[-77.26144552,25.90819585],[-77.25607383,25.90445805],[-77.25307834,25.89965344],[-77.24848986,25.89589405],[-77.23634756,25.87509191],[-77.22447503,25.8596034],[-77.22342992,25.85416734],[-77.22069311,25.85222685],[-77.22016394,25.84858072],[-77.21555984,25.84491086],[-77.21095526,25.84399927],[-77.20932376,25.84539425],[-77.20399487,25.84644008],[-77.20354426,25.84787893],[-77.19872737,25.8486762],[-77.19765985,25.85053825],[-77.19450927,25.85120726]],[[-77.01563835,26.60708475],[-77.0132941,26.60320044],[-77.01170361,26.60323358],[-77.00877964,26.60072196],[-77.0084517,26.59971452],[-77.01094592,26.60003865],[-77.0118041,26.59868526],[-77.00853086,26.59233701],[-77.00556254,26.59125161],[-77.00431383,26.58907533],[-77.00260472,26.58929455],[-77.00221717,26.58907378],[-76.99972975,26.58653188],[-76.99883497,26.5859797],[-76.99519503,26.58460975],[-76.99370015,26.58490884],[-76.99333334,26.58553076],[-76.99651587,26.58834195],[-76.99679315,26.58883333],[-76.99748611,26.59250236],[-77.00104833,26.59431612],[-77.00343776,26.59828556],[-77.01008654,26.60339105],[-77.01660097,26.60871434],[-77.02267075,26.61614633],[-77.02502203,26.61671054],[-77.02362514,26.61428404],[-77.02161932,26.61345911],[-77.01995492,26.60900545],[-77.01563835,26.60708475]],[[-76.99598324,26.41792345],[-76.99654913,26.41805124],[-76.99716973,26.41755021],[-76.99826455,26.41399384],[-76.99835563,26.41368735],[-76.99725056,26.41206396],[-76.9982692,26.40988445],[-76.99653244,26.40938663],[-76.99475777,26.41278446],[-76.99598324,26.41792345]],[[-76.99925041,26.35428345],[-76.99973977,26.35437787],[-77.00061214,26.35146821],[-77.0028851,26.35093355],[-76.9995507,26.34794152],[-76.99812627,26.35090888],[-76.99813235,26.35339427],[-76.99925041,26.35428345]],[[-77.00881648,25.17716396],[-77.00592124,25.17692673],[-77.00230205,25.17842925],[-77.00349486,25.17891705],[-77.00880158,25.17747664],[-77.00881648,25.17716396]],[[-77.00481653,26.39893627],[-77.00562465,26.39963877],[-77.00774097,26.39941776],[-77.00741768,26.39634824],[-77.00479603,26.39479291],[-77.00401092,26.3947072],[-77.00351083,26.39510441],[-77.00362158,26.39763415],[-77.00481653,26.39893627]],[[-77.00447071,26.58276784],[-77.00777864,26.58463526],[-77.00967217,26.58280826],[-77.00809014,26.58228672],[-77.00447071,26.58276784]],[[-77.01203072,26.58726931],[-77.01263118,26.58735991],[-77.01303816,26.58654416],[-77.01283634,26.58596253],[-77.01011813,26.58523011],[-77.00948036,26.58546245],[-77.00973165,26.58607781],[-77.01203072,26.58726931]],[[-77.01898134,26.56309927],[-77.01846051,26.56307542],[-77.01630998,26.56425226],[-77.01492465,26.56265914],[-77.01542413,26.55927014],[-77.01182842,26.56069291],[-77.01379335,26.56429172],[-77.01388872,26.56459343],[-77.01215887,26.56763566],[-77.01262236,26.56849635],[-77.01316214,26.56873775],[-77.01917624,26.56428671],[-77.01931083,26.56386435],[-77.01898134,26.56309927]],[[-77.01473606,26.29255664],[-77.0151968,26.29278171],[-77.01572335,26.29247236],[-77.01614034,26.29239321],[-77.01646817,26.29219627],[-77.01678932,26.29181242],[-77.01706624,26.29133737],[-77.01687515,26.29107118],[-77.01618421,26.29111207],[-77.01543593,26.29139102],[-77.01486456,26.29175198],[-77.01456797,26.29219222],[-77.01473606,26.29255664]],[[-77.01638555,26.55823433],[-77.01662385,26.55846763],[-77.02077222,26.55434096],[-77.02817285,26.55244052],[-77.02945936,26.54913366],[-77.02898574,26.54845464],[-77.02743065,26.54804516],[-77.02691412,26.54817331],[-77.02636182,26.54865766],[-77.02688575,26.55032277],[-77.02423584,26.55064225],[-77.02383554,26.55048633],[-77.02317345,26.54898393],[-77.02549195,26.54893887],[-77.02489805,26.54783153],[-77.02269065,26.54677975],[-77.02177095,26.54482544],[-77.01996171,26.54512286],[-77.0194838,26.55305958],[-77.01983273,26.55429351],[-77.0166223,26.55587244],[-77.01638794,26.55627322],[-77.01638555,26.55823433]],[[-77.02341902,26.32645285],[-77.02304625,26.32633007],[-77.02225804,26.32776952],[-77.02004445,26.32760894],[-77.02018332,26.32794213],[-77.02312398,26.32948828],[-77.02320111,26.32946146],[-77.02423513,26.32758606],[-77.02341902,26.32645285]],[[-77.02685893,26.35424602],[-77.02711785,26.35514677],[-77.02786231,26.35525274],[-77.02913952,26.3542124],[-77.02958262,26.35223162],[-77.02859175,26.35242391],[-77.02685893,26.35424602]],[[-77.03548312,26.6246562],[-77.03617167,26.62458146],[-77.03617167,26.62430251],[-77.03482008,26.62312412],[-77.03234887,26.62195635],[-77.03213,26.62216187],[-77.03386426,26.62387156],[-77.03548312,26.6246562]],[[-77.03812242,26.41772342],[-77.04245091,26.42973554],[-77.04375184,26.42969787],[-77.04508376,26.43183458],[-77.04360592,26.43186712],[-77.04363084,26.43223214],[-77.04423475,26.4341135],[-77.0468204,26.43728065],[-77.04599822,26.43121958],[-77.04584324,26.43070912],[-77.04507363,26.42918646],[-77.04360712,26.42878497],[-77.0391134,26.4164865],[-77.03414643,26.41380715],[-77.03812242,26.41772342]],[[-77.04118443,25.18189084],[-77.05122685,25.17670596],[-77.05133116,25.17633748],[-77.05040216,25.17625678],[-77.04976988,25.17656767],[-77.03872645,25.18199515],[-77.04118443,25.18189084]],[[-77.06747913,25.15163803],[-77.07255232,25.14812314],[-77.06776047,25.15051377],[-77.06652367,25.15094173],[-77.06409013,25.15101445],[-77.05158985,25.15460527],[-77.04019713,25.16278446],[-77.04089797,25.16331196],[-77.04589891,25.15916824],[-77.05456746,25.15489686],[-77.06747913,25.15163803]],[[-77.04832542,26.29509783],[-77.04892588,26.29359531],[-77.04594111,26.29517317],[-77.04369128,26.29410827],[-77.04266512,26.29541826],[-77.04234791,26.29641271],[-77.04258764,26.29677105],[-77.04414701,26.29718745],[-77.04832542,26.29509783]],[[-77.05472064,26.63714314],[-77.05185425,26.63367665],[-77.0471915,26.63240743],[-77.05354905,26.63744748],[-77.05472064,26.63714314]],[[-77.04798472,26.47332025],[-77.04826045,26.47348475],[-77.05056524,26.47202182],[-77.05071926,26.47173226],[-77.05027175,26.47104025],[-77.04926705,26.47112942],[-77.04798472,26.47332025]],[[-77.04851997,26.30123043],[-77.04909885,26.30150485],[-77.05123925,26.30114663],[-77.04934561,26.30027676],[-77.04869723,26.30033135],[-77.04851997,26.30123043]],[[-77.0532279,26.29055572],[-77.05069852,26.29842615],[-77.0513736,26.29917014],[-77.05699754,26.29740167],[-77.05865812,26.29426742],[-77.05446565,26.28925097],[-77.0532279,26.29055572]],[[-77.05398822,25.17378604],[-77.05709255,25.17056096],[-77.05657852,25.17058933],[-77.05483282,25.17144585],[-77.05454552,25.17177987],[-77.05398822,25.17378604]],[[-77.08437407,26.65322435],[-77.08218992,26.64980364],[-77.08257127,26.64744437],[-77.08137631,26.6452744],[-77.07225084,26.64227033],[-77.07099605,26.64047551],[-77.06354535,26.63648021],[-77.06251621,26.63762844],[-77.06093907,26.63822627],[-77.06067824,26.63891613],[-77.06917834,26.64355433],[-77.07593572,26.65090787],[-77.07977986,26.65172195],[-77.08404422,26.65381014],[-77.08437407,26.65322435]],[[-77.07845962,26.28090405],[-77.07875526,26.28099787],[-77.08308864,26.2775104],[-77.08320522,26.27714515],[-77.08034742,26.27502632],[-77.08061874,26.272367],[-77.08031118,26.27216315],[-77.07864022,26.27258325],[-77.0722357,26.27291727],[-77.07159412,26.27318084],[-77.07065654,26.27413726],[-77.0720129,26.27724302],[-77.07275605,26.27795756],[-77.07845962,26.28090405]],[[-77.08533394,23.95130837],[-77.08201122,23.95439804],[-77.08557522,23.95264947],[-77.08580661,23.95127773],[-77.08533394,23.95130837]],[[-77.08927941,25.12548375],[-77.09593415,25.12242734],[-77.10003984,25.12356687],[-77.10677826,25.12041235],[-77.10688984,25.11933577],[-77.12251866,25.11655045],[-77.12905204,25.11421514],[-77.13126481,25.11450887],[-77.13277805,25.11274517],[-77.13395226,25.11325181],[-77.14329398,25.11015713],[-77.14549291,25.1105324],[-77.16810811,25.10090721],[-77.1759088,25.09663057],[-77.17798233,25.09402144],[-77.17897856,25.09442937],[-77.17997527,25.09324563],[-77.18128634,25.09364414],[-77.18574965,25.09148097],[-77.18912482,25.09230685],[-77.19948626,25.08805382],[-77.20262313,25.08837104],[-77.20378315,25.08677685],[-77.20691884,25.08794165],[-77.20753014,25.0868113],[-77.20889294,25.08813345],[-77.2112323,25.08659685],[-77.21701825,25.08707476],[-77.21844292,25.08943331],[-77.21662331,25.09020102],[-77.21935034,25.09100854],[-77.22029614,25.08990133],[-77.22470093,25.09165502],[-77.22940874,25.09066558],[-77.23124528,25.08880651],[-77.23432124,25.08797955],[-77.24400985,25.09112096],[-77.24512196,25.09088087],[-77.24515104,25.09054327],[-77.24006236,25.08764613],[-77.23436403,25.08598864],[-77.22579145,25.08485103],[-77.21718693,25.08501565],[-77.21465313,25.08401465],[-77.2139436,25.08416784],[-77.20944774,25.08507276],[-77.20327878,25.08458614],[-77.20168543,25.08548427],[-77.19926524,25.08461344],[-77.191504,25.08634484],[-77.18446112,25.08950734],[-77.18297994,25.0890429],[-77.17758977,25.09143662],[-77.16504061,25.10063815],[-77.14041793,25.10987484],[-77.13934016,25.10940504],[-77.11767232,25.1154319],[-77.11331725,25.11546195],[-77.10038912,25.11939013],[-77.09733021,25.11938965],[-77.09070277,25.12268794],[-77.08792818,25.12486053],[-77.08435082,25.12897754],[-77.08272815,25.13274872],[-77.08286977,25.13304043],[-77.08511674,25.13207853],[-77.08590281,25.12881756],[-77.08927941,25.12548375]],[[-77.08496404,26.64951575],[-77.0853641,26.64959133],[-77.08584702,26.64882946],[-77.08575022,26.64785278],[-77.08504105,26.64728677],[-77.08439791,26.64742315],[-77.08331203,26.64804184],[-77.08337295,26.64864874],[-77.08496404,26.64951575]],[[-77.15881825,26.70444572],[-77.16498876,26.70074391],[-77.16922915,26.70008981],[-77.16979563,26.69953465],[-77.17010534,26.69785047],[-77.16999435,26.69742656],[-77.16767681,26.69529796],[-77.16415381,26.69526136],[-77.15513492,26.69268358],[-77.15168524,26.68853033],[-77.15185952,26.68094742],[-77.15073955,26.67965031],[-77.15011263,26.67923164],[-77.14876556,26.67895365],[-77.14506733,26.68158031],[-77.1435858,26.67972875],[-77.13552833,26.68077612],[-77.13232875,26.67899704],[-77.13182986,26.67546797],[-77.13016617,26.67615128],[-77.12809455,26.67294133],[-77.12234485,26.67192638],[-77.11748946,26.66815126],[-77.11385715,26.66696346],[-77.11408496,26.66481304],[-77.11618614,26.66355932],[-77.11583054,26.66240644],[-77.11494255,26.66208494],[-77.11055374,26.66638255],[-77.10889888,26.66463435],[-77.11093354,26.66251242],[-77.10524702,26.66136515],[-77.10152805,26.65803766],[-77.09578514,26.6581794],[-77.08811045,26.65195322],[-77.08788013,26.65327036],[-77.08752024,26.65611935],[-77.09296381,26.65937746],[-77.09674215,26.66359508],[-77.11649346,26.67132497],[-77.12123084,26.67449725],[-77.12342823,26.67773974],[-77.12928402,26.6809051],[-77.13113916,26.68057883],[-77.13327312,26.68173218],[-77.13712716,26.68546486],[-77.14143395,26.6855545],[-77.15416694,26.69390786],[-77.154706,26.69442594],[-77.15503085,26.69877148],[-77.15602398,26.70039606],[-77.15692735,26.70300853],[-77.15840244,26.70425963],[-77.15881825,26.70444572]],[[-77.10520184,23.95214641],[-77.10050011,23.95456052],[-77.09714091,23.95671475],[-77.10435235,23.95457625],[-77.10550582,23.95396137],[-77.10629261,23.95248413],[-77.10551405,23.95200741],[-77.10520184,23.95214641]],[[-77.11266422,26.64695323],[-77.11353254,26.64714706],[-77.11441016,26.64638531],[-77.11558545,26.64406252],[-77.11314344,26.64382386],[-77.11121535,26.64452112],[-77.11118066,26.64522612],[-77.11266422,26.64695323]],[[-77.14237845,26.53718424],[-77.14335096,26.53473783],[-77.14223063,26.53321516],[-77.1416918,26.53322911],[-77.13953877,26.53470135],[-77.14237845,26.53718424]],[[-77.14055192,26.54673386],[-77.14036155,26.54296875],[-77.14004946,26.54296875],[-77.13956463,26.54591286],[-77.14055192,26.54673386]],[[-77.14464808,26.51970232],[-77.14442766,26.51935792],[-77.14343417,26.51940966],[-77.14114785,26.52072763],[-77.14337027,26.52179062],[-77.14464808,26.51970232]],[[-77.14633715,26.53385496],[-77.14677334,26.53401935],[-77.14692223,26.53384173],[-77.14702106,26.5334084],[-77.14715111,26.53307104],[-77.14728475,26.53283572],[-77.14750993,26.53265846],[-77.14788842,26.53242135],[-77.14829648,26.53204524],[-77.14843643,26.53171241],[-77.14826012,26.53153455],[-77.14791381,26.53153133],[-77.14762676,26.53169823],[-77.14739275,26.53201687],[-77.14713132,26.53240526],[-77.14692295,26.53271151],[-77.14667571,26.53291953],[-77.14631093,26.53314543],[-77.14597464,26.53346145],[-77.14599121,26.5337007],[-77.14633715,26.53385496]],[[-77.15205395,26.50897777],[-77.15051627,26.50844145],[-77.1491698,26.50997925],[-77.14713991,26.51012838],[-77.14711475,26.51044631],[-77.14903295,26.51142955],[-77.14961505,26.51068115],[-77.15207458,26.51056182],[-77.15219033,26.50928044],[-77.15205395,26.50897777]],[[-77.1591686,26.55057955],[-77.15896392,26.55005133],[-77.15785742,26.54810071],[-77.15595961,26.54776025],[-77.15547776,26.54789186],[-77.15447581,26.54944646],[-77.15461111,26.54979324],[-77.15546966,26.55143476],[-77.15737247,26.55238485],[-77.15767574,26.55248272],[-77.15917766,26.55124104],[-77.1591686,26.55057955]],[[-77.16226637,24.03614533],[-77.16178215,24.03721428],[-77.16190505,24.03902554],[-77.1622045,24.04006362],[-77.16482317,24.04203474],[-77.16543615,24.04592204],[-77.16564465,24.04622483],[-77.16752291,24.04723906],[-77.16951215,24.04734182],[-77.17329633,24.04681134],[-77.17855954,24.04524815],[-77.1837877,24.04335403],[-77.18409896,24.04235542],[-77.18170536,24.04082453],[-77.17607486,24.03368306],[-77.17150271,24.03375411],[-77.16753435,24.03211784],[-77.16524768,24.03311467],[-77.16226637,24.03614533]],[[-77.17060494,26.54529035],[-77.17217195,26.54306114],[-77.17218006,26.54296875],[-77.17217255,26.54296875],[-77.17191374,26.54057026],[-77.17124021,26.54248333],[-77.16937006,26.54296875],[-77.16960764,26.53651333],[-77.16600633,26.54177845],[-77.16687882,26.54296875],[-77.16687691,26.54296875],[-77.16758955,26.5445894],[-77.1666404,26.54698503],[-77.17060494,26.54529035]],[[-77.16943681,26.35435486],[-77.17008126,26.355147],[-77.17060423,26.35462725],[-77.1704272,26.35253716],[-77.16821873,26.35227597],[-77.16772997,26.35240912],[-77.16781175,26.35331047],[-77.16943681,26.35435486]],[[-77.17891276,26.55744743],[-77.18023086,26.55634522],[-77.18189776,26.55657506],[-77.18264735,26.55477285],[-77.18535542,26.55332208],[-77.18451083,26.55103302],[-77.18405652,26.55061817],[-77.18038452,26.55002642],[-77.17991781,26.55001926],[-77.17734826,26.55070186],[-77.17702425,26.55081654],[-77.17473805,26.55372536],[-77.17200542,26.5502876],[-77.16979516,26.55027056],[-77.16955423,26.55062234],[-77.17209661,26.55461812],[-77.17257786,26.55505395],[-77.17601335,26.55648887],[-77.17891276,26.55744743]],[[-77.17490315,26.44053662],[-77.17509901,26.44061327],[-77.17525494,26.43876827],[-77.17321098,26.43846035],[-77.17238796,26.43886733],[-77.17235684,26.43911326],[-77.17490315,26.44053662]],[[-77.17498207,26.43128884],[-77.17556965,26.43152785],[-77.1761837,26.43084145],[-77.17679131,26.4291538],[-77.17658663,26.42859125],[-77.1757344,26.42871344],[-77.17525983,26.42908752],[-77.17470825,26.43074167],[-77.17498207,26.43128884]],[[-77.17580748,26.68486404],[-77.17632055,26.68507075],[-77.1764667,26.68416774],[-77.17487347,26.68170583],[-77.17580748,26.68486404]],[[-77.17539263,26.70021057],[-77.17730916,26.70150924],[-77.17797744,26.70065355],[-77.17672002,26.69929898],[-77.17593408,26.69938815],[-77.17539263,26.70021057]],[[-77.17810702,26.54296875],[-77.17912841,26.54390895],[-77.17975974,26.54402375],[-77.18128014,26.54376602],[-77.18122625,26.54296875],[-77.18120277,26.54296875],[-77.18031335,26.54211831],[-77.17971802,26.54199576],[-77.17840028,26.54296875],[-77.17810702,26.54296875]],[[-77.18184304,26.43060541],[-77.18252182,26.43074667],[-77.18396711,26.43027842],[-77.18142724,26.42951334],[-77.18100715,26.42977965],[-77.18184304,26.43060541]],[[-77.18605816,26.54556167],[-77.18341005,26.54296875],[-77.18244851,26.54296875],[-77.18216217,26.54296875],[-77.18300843,26.54655385],[-77.18418884,26.54710674],[-77.1844393,26.54710436],[-77.18605816,26.54556167]],[[-77.18686342,26.35402322],[-77.18737948,26.35284841],[-77.18725634,26.35267723],[-77.18446505,26.35315835],[-77.18471217,26.35137737],[-77.18449485,26.3510617],[-77.18349135,26.35088801],[-77.18296063,26.35122883],[-77.18220401,26.35373843],[-77.18295336,26.35493648],[-77.18531585,26.35622203],[-77.18686342,26.35402322]],[[-77.18889916,26.49286795],[-77.19106352,26.49070704],[-77.18514121,26.49194825],[-77.1826936,26.49458516],[-77.18314517,26.49706996],[-77.1831392,26.49729693],[-77.18742168,26.49708557],[-77.18889916,26.49286795]],[[-77.18544078,26.50187385],[-77.18442154,26.50350916],[-77.18490481,26.50463045],[-77.18515384,26.50474131],[-77.18766344,26.50341594],[-77.18809533,26.50356877],[-77.19036996,26.50507891],[-77.19197822,26.50370347],[-77.19275975,26.50013948],[-77.19072437,26.49834061],[-77.18995845,26.49808454],[-77.18932486,26.49845254],[-77.18973207,26.50142121],[-77.18544078,26.50187385]],[[-77.18772531,26.55712056],[-77.18687117,26.55587041],[-77.18589664,26.55594957],[-77.18502057,26.55633724],[-77.18487132,26.55669904],[-77.18637335,26.55803573],[-77.18699741,26.55803573],[-77.18781686,26.55730391],[-77.18772531,26.55712056]],[[-77.19480681,26.56383574],[-77.19367552,26.562433],[-77.19385564,26.56164074],[-77.19432068,26.56129241],[-77.19482362,26.56123495],[-77.19887042,26.56359851],[-77.20031035,26.56067801],[-77.20411396,26.56151152],[-77.20883036,26.55418515],[-77.20914662,26.55337846],[-77.20865834,26.54943883],[-77.20847917,26.54902327],[-77.20645106,26.54860675],[-77.20620966,26.54870653],[-77.20624864,26.55481005],[-77.20552397,26.55593824],[-77.20534325,26.55608571],[-77.20410538,26.55509067],[-77.20410991,26.55737114],[-77.20342052,26.55791855],[-77.20284343,26.55800235],[-77.20048654,26.55604768],[-77.20139515,26.55366147],[-77.20128775,26.55113733],[-77.19859564,26.54914653],[-77.20305407,26.54864895],[-77.2042346,26.54474914],[-77.2033745,26.54296875],[-77.2033118,26.54296875],[-77.20257092,26.54189897],[-77.20025516,26.54296875],[-77.19948542,26.54696012],[-77.19758224,26.5485605],[-77.19871795,26.55398202],[-77.19692385,26.55563176],[-77.19598413,26.55829394],[-77.19516516,26.5567584],[-77.19475782,26.55677795],[-77.19263518,26.55782104],[-77.19246781,26.55762601],[-77.19180095,26.55684912],[-77.19315004,26.55346763],[-77.19254077,26.55244768],[-77.18731928,26.55417132],[-77.18714285,26.55441201],[-77.19005561,26.55512094],[-77.18835247,26.55765355],[-77.18855441,26.55798721],[-77.19045854,26.55858254],[-77.19101691,26.55938852],[-77.19063544,26.55981922],[-77.18710864,26.56109548],[-77.18726563,26.56145024],[-77.1936084,26.56581211],[-77.19480681,26.56383574]],[[-77.19708204,25.1055243],[-77.19714046,25.10507905],[-77.19686735,25.10475898],[-77.19229615,25.10442567],[-77.18989491,25.10511196],[-77.18834186,25.10594964],[-77.18831086,25.10612011],[-77.18849897,25.10731292],[-77.18975937,25.10776532],[-77.19708204,25.1055243]],[[-77.18856657,26.54750705],[-77.18898571,26.55147636],[-77.19171202,26.551548],[-77.19392026,26.55214405],[-77.19445825,26.55207884],[-77.1965065,26.54880035],[-77.19521141,26.54718244],[-77.19511485,26.54604232],[-77.19555521,26.54479253],[-77.19744754,26.54310822],[-77.19744754,26.54296875],[-77.19739532,26.54296875],[-77.19701445,26.53868318],[-77.19566894,26.53974736],[-77.19542861,26.54031706],[-77.19578457,26.54282117],[-77.19552696,26.54296875],[-77.19526386,26.54296875],[-77.19462526,26.54414773],[-77.19401622,26.54296875],[-77.19396997,26.54296875],[-77.1926229,26.53971255],[-77.19249594,26.53970981],[-77.19173813,26.54276633],[-77.19147885,26.54296875],[-77.19120872,26.54296875],[-77.1894592,26.54370904],[-77.1908462,26.54604936],[-77.18856657,26.54750705]],[[-77.20589244,26.49489987],[-77.20762718,26.49424291],[-77.20705712,26.49031663],[-77.20947146,26.48871493],[-77.20614886,26.48572016],[-77.20607686,26.48163092],[-77.20400202,26.48065352],[-77.20446086,26.47902131],[-77.20418656,26.47881603],[-77.20251286,26.47958064],[-77.20055497,26.47771895],[-77.20005393,26.47760832],[-77.19689345,26.47901118],[-77.19566071,26.47696805],[-77.19698977,26.47495353],[-77.19627714,26.47161424],[-77.19887042,26.47078896],[-77.19596517,26.46896315],[-77.19625711,26.46554005],[-77.19279754,26.46495485],[-77.19230545,26.46722162],[-77.19568956,26.46999335],[-77.19291735,26.47402871],[-77.1933068,26.47936285],[-77.19499326,26.48247385],[-77.20021832,26.48137677],[-77.20382786,26.48336065],[-77.20346475,26.48594105],[-77.20319974,26.48640704],[-77.20121944,26.48705494],[-77.20100272,26.48780811],[-77.20100486,26.48841965],[-77.20131266,26.48873532],[-77.20270801,26.48864818],[-77.20550036,26.49463534],[-77.20589244,26.49489987]],[[-77.19761086,26.45067716],[-77.19791031,26.45035744],[-77.19764674,26.44869554],[-77.19707167,26.44843435],[-77.19424987,26.4484688],[-77.19336414,26.44883263],[-77.19439352,26.45210195],[-77.19761086,26.45067716]],[[-77.1940695,26.3514446],[-77.19425964,26.35364985],[-77.19703591,26.35370135],[-77.19788206,26.35356212],[-77.19767475,26.35318995],[-77.19533312,26.35124493],[-77.1940695,26.3514446]],[[-77.19751632,26.46127713],[-77.19408154,26.45996916],[-77.19534361,26.46146524],[-77.19751632,26.46127713]],[[-77.19686735,25.08440053],[-77.20471942,25.08308184],[-77.20510244,25.08297038],[-77.20723641,25.08224654],[-77.20734715,25.08152401],[-77.20704997,25.08125985],[-77.19976115,25.08265388],[-77.19870973,25.08309162],[-77.19686735,25.08440053]],[[-77.19753194,26.46474063],[-77.19815207,26.46499395],[-77.19960463,26.46497834],[-77.19704044,26.46296191],[-77.19753194,26.46474063]],[[-77.20264387,26.47439456],[-77.20208693,26.47214675],[-77.20130885,26.47185385],[-77.20032215,26.47216856],[-77.19935787,26.47449791],[-77.19908834,26.47500706],[-77.20003152,26.47671521],[-77.20072317,26.47510517],[-77.20115936,26.47453272],[-77.20264387,26.47439456]],[[-77.20303321,26.46411335],[-77.202829,26.46362305],[-77.2017616,26.46370995],[-77.20071673,26.46401381],[-77.20053995,26.46434283],[-77.20136785,26.46585524],[-77.20266437,26.46556795],[-77.2029916,26.46497726],[-77.20303321,26.46411335]],[[-77.20552564,26.53750575],[-77.20464993,26.54008663],[-77.20490491,26.54015005],[-77.20546353,26.54019344],[-77.20776916,26.53835642],[-77.20715654,26.53776515],[-77.20552564,26.53750575]],[[-77.20655191,26.44519865],[-77.20576251,26.44509864],[-77.20567155,26.44652915],[-77.20598876,26.44698286],[-77.20714152,26.44728827],[-77.20795834,26.44680405],[-77.20825326,26.44605887],[-77.20811367,26.44590104],[-77.20655191,26.44519865]],[[-77.21078515,26.45661271],[-77.21076775,26.45299256],[-77.21032095,26.45294785],[-77.20751524,26.45426703],[-77.20723724,26.45635974],[-77.21123385,26.45792687],[-77.21078515,26.45661271]],[[-77.20997775,26.55985606],[-77.21039236,26.55864501],[-77.21011746,26.55866206],[-77.20749867,26.55942774],[-77.20974874,26.56176782],[-77.20997775,26.55985606]],[[-77.21279144,26.49486947],[-77.20792866,26.49486566],[-77.20999634,26.49654293],[-77.21063292,26.49692261],[-77.21261585,26.49654424],[-77.21279144,26.49486947]],[[-77.21160066,26.47979713],[-77.21129096,26.47964644],[-77.20982456,26.47981811],[-77.2089709,26.48020208],[-77.20819044,26.48183024],[-77.21160066,26.47979713]],[[-77.21303964,26.47471404],[-77.21252215,26.47361433],[-77.21053696,26.47402096],[-77.20985734,26.47447813],[-77.20873201,26.47697532],[-77.21095645,26.47662151],[-77.21308255,26.47921443],[-77.21415222,26.47735024],[-77.21243715,26.47580242],[-77.21303964,26.47471404]],[[-77.21090055,26.41724265],[-77.21118677,26.41518176],[-77.21087027,26.41462314],[-77.20974445,26.41418505],[-77.20934415,26.41461825],[-77.20939696,26.41594064],[-77.21090055,26.41724265]],[[-77.21212876,26.46243465],[-77.20978868,26.46102321],[-77.21054304,26.46261084],[-77.21212876,26.46243465]],[[-77.21258914,26.55229986],[-77.21189201,26.55165935],[-77.211501,26.55165517],[-77.21115386,26.55211806],[-77.21008623,26.55458963],[-77.21062255,26.55491078],[-77.21166277,26.55506134],[-77.21369565,26.55394626],[-77.21411347,26.55353212],[-77.21414375,26.55314946],[-77.21258914,26.55229986]],[[-77.21234214,26.54296875],[-77.21159685,26.54138315],[-77.21123552,26.54141486],[-77.21047378,26.54296875],[-77.21023726,26.54296875],[-77.21077442,26.54455793],[-77.21210885,26.54296875],[-77.21234214,26.54296875]],[[-77.21537948,26.42150855],[-77.21617007,26.41913235],[-77.21083713,26.420102],[-77.21153164,26.42188454],[-77.21191573,26.42229807],[-77.21242726,26.4225409],[-77.21342874,26.42160451],[-77.21537948,26.42150855]],[[-77.21598017,26.28097236],[-77.21183956,26.2802155],[-77.21140397,26.28096831],[-77.21362233,26.28435755],[-77.21399057,26.28213167],[-77.21598017,26.28097236]],[[-77.21801603,26.46079576],[-77.21696556,26.46529663],[-77.21666265,26.46578336],[-77.21601796,26.46599984],[-77.21491325,26.46407103],[-77.21183372,26.46559441],[-77.21636415,26.47000766],[-77.2184329,26.47057927],[-77.22062325,26.46968126],[-77.2225461,26.47176445],[-77.22267914,26.47221065],[-77.22200572,26.47366965],[-77.21844256,26.47577083],[-77.21830583,26.47921717],[-77.21526015,26.48029006],[-77.2134515,26.48356342],[-77.21346152,26.48419094],[-77.21417606,26.4845978],[-77.21893966,26.48525155],[-77.22037745,26.48612607],[-77.22248566,26.48457646],[-77.22264361,26.48421824],[-77.22048736,26.48263121],[-77.22090852,26.47982204],[-77.22430682,26.478459],[-77.22359323,26.4756608],[-77.22621977,26.47054875],[-77.22228682,26.46929431],[-77.22644424,26.46911454],[-77.22753024,26.47086704],[-77.22619772,26.47253466],[-77.22827101,26.47309697],[-77.22906756,26.47001755],[-77.22759736,26.46725655],[-77.22904384,26.46582174],[-77.22775304,26.46448243],[-77.22355115,26.46560335],[-77.21990705,26.46480346],[-77.21981645,26.4626857],[-77.22242868,26.45845544],[-77.21714664,26.45530951],[-77.21579516,26.45621943],[-77.21822643,26.45764005],[-77.21801603,26.46079576]],[[-77.22871006,26.38392115],[-77.23084915,26.37933135],[-77.23240685,26.382236],[-77.23456931,26.38159156],[-77.23232746,26.37177956],[-77.23550963,26.36787355],[-77.24003613,26.36892354],[-77.23510778,26.37845302],[-77.23581612,26.37995136],[-77.23628533,26.38010216],[-77.23862076,26.37895155],[-77.24203896,26.37978375],[-77.24347067,26.37819755],[-77.24555194,26.37795985],[-77.24638391,26.37722075],[-77.24635351,26.37365651],[-77.24308681,26.37380385],[-77.24317014,26.37262833],[-77.24705243,26.36780071],[-77.247841,26.3671875],[-77.24863231,26.3671875],[-77.24945152,26.36644924],[-77.25045455,26.36287117],[-77.25049424,26.3622545],[-77.25032568,26.36195111],[-77.24766302,26.36321402],[-77.24717605,26.36303103],[-77.24666524,26.36083603],[-77.24887645,26.35631323],[-77.24827242,26.35507202],[-77.24580646,26.35502386],[-77.24487162,26.35386562],[-77.24441957,26.35390186],[-77.24307346,26.35533535],[-77.24361324,26.36057401],[-77.24163675,26.36521626],[-77.24090314,26.36531842],[-77.24048364,26.36488771],[-77.24000835,26.36257637],[-77.24261308,26.35438204],[-77.24164236,26.35179818],[-77.24033105,26.35180128],[-77.23960471,26.35504782],[-77.23458827,26.36041546],[-77.23486125,26.35418534],[-77.23372042,26.35285676],[-77.24014115,26.34942818],[-77.24020755,26.34900451],[-77.23980391,26.34794724],[-77.23661435,26.34778714],[-77.23490977,26.34596276],[-77.23475611,26.34555972],[-77.23503685,26.34442782],[-77.23630273,26.3445971],[-77.23937178,26.34231424],[-77.23790264,26.340029],[-77.23509037,26.33958936],[-77.23482966,26.33964026],[-77.23222554,26.34809387],[-77.22947502,26.35122955],[-77.22936106,26.34979725],[-77.22765136,26.34824371],[-77.22428811,26.34706867],[-77.2212522,26.34282613],[-77.21953261,26.3416996],[-77.21921551,26.34195352],[-77.21770442,26.34901547],[-77.22137666,26.34798002],[-77.22345603,26.35166574],[-77.22205532,26.35295761],[-77.21729612,26.35300481],[-77.21269917,26.36005604],[-77.21628845,26.35918891],[-77.21782935,26.35748124],[-77.21884143,26.35783827],[-77.21920943,26.36251676],[-77.2214936,26.36024523],[-77.22241497,26.36075127],[-77.21848047,26.3671875],[-77.21857011,26.3671875],[-77.2180047,26.36839581],[-77.21833003,26.37300074],[-77.22134006,26.3734833],[-77.22310674,26.37646985],[-77.22589934,26.37400794],[-77.22897315,26.37644625],[-77.23131943,26.37489974],[-77.23120463,26.37770295],[-77.22873032,26.37930715],[-77.22842693,26.37987101],[-77.22871006,26.38392115]],[[-77.21635795,26.50122488],[-77.21670175,26.50097644],[-77.21508741,26.49909723],[-77.21421695,26.49926245],[-77.21371865,26.49952614],[-77.21412444,26.50032103],[-77.21635795,26.50122488]],[[-77.21802855,26.5492624],[-77.22283947,26.54565084],[-77.22333896,26.54296875],[-77.22355235,26.54296875],[-77.22381353,26.54173195],[-77.22352195,26.54160655],[-77.21834695,26.5420444],[-77.21788633,26.53967631],[-77.21656561,26.53934121],[-77.21545613,26.54296875],[-77.21554041,26.54296875],[-77.21550727,26.54300296],[-77.21448004,26.54783773],[-77.21729314,26.54934466],[-77.21802855,26.5492624]],[[-77.21577501,26.4735831],[-77.21716881,26.474298],[-77.21973097,26.47231305],[-77.21806395,26.47135365],[-77.21731055,26.47142363],[-77.2158612,26.47171974],[-77.21521103,26.47237921],[-77.21577501,26.4735831]],[[-77.21679533,26.28574252],[-77.21808875,26.28197813],[-77.21750236,26.28055763],[-77.21713662,26.28045285],[-77.21540093,26.28471136],[-77.21679533,26.28574252]],[[-77.2199614,26.50069857],[-77.22027683,26.50080395],[-77.22218072,26.49905252],[-77.22425616,26.50117946],[-77.2258141,26.49811065],[-77.22596717,26.49762404],[-77.22586906,26.4961673],[-77.22563744,26.49590135],[-77.22340131,26.49513066],[-77.22415292,26.49028647],[-77.22371411,26.48982894],[-77.22324145,26.48971975],[-77.22132826,26.49054372],[-77.22211194,26.49257231],[-77.21993637,26.49368596],[-77.21910822,26.49655354],[-77.21578634,26.49728441],[-77.2199614,26.50069857]],[[-77.22013807,26.55805922],[-77.22262096,26.55620766],[-77.23052835,26.55025017],[-77.23108375,26.54918826],[-77.23089325,26.54887915],[-77.22889554,26.54935145],[-77.22838283,26.54919457],[-77.22535717,26.54727006],[-77.21811605,26.55440605],[-77.21788931,26.55258214],[-77.21724892,26.55228102],[-77.21691954,26.55259156],[-77.21613312,26.55472445],[-77.21817803,26.55774701],[-77.22013807,26.55805922]],[[-77.2278316,26.43492973],[-77.22832882,26.4350214],[-77.22942793,26.43453312],[-77.23039401,26.43267167],[-77.22819066,26.42991471],[-77.22967041,26.42640126],[-77.23202407,26.42587304],[-77.23085356,26.42817187],[-77.23145282,26.42929125],[-77.23365343,26.42808342],[-77.23215675,26.43046391],[-77.23336005,26.43170142],[-77.23722064,26.42778492],[-77.24120772,26.42841864],[-77.24592125,26.42228401],[-77.24615908,26.41913188],[-77.25091577,26.41782415],[-77.25129914,26.41381013],[-77.25240433,26.41597462],[-77.25374365,26.41585183],[-77.25386655,26.41250753],[-77.25341773,26.41219497],[-77.25085282,26.41152382],[-77.24894714,26.41306555],[-77.24636137,26.4124459],[-77.24608135,26.41254294],[-77.24662113,26.41391981],[-77.24874282,26.41364777],[-77.24811494,26.41534245],[-77.24390626,26.41739953],[-77.23623276,26.41750681],[-77.23749924,26.4198513],[-77.23577642,26.41982198],[-77.23525202,26.41556752],[-77.23879266,26.41586554],[-77.23932695,26.41398656],[-77.23676252,26.41300821],[-77.23900604,26.41160667],[-77.24099696,26.41184735],[-77.24193716,26.41351354],[-77.24271691,26.41275775],[-77.24197161,26.41026282],[-77.24397111,26.4070487],[-77.24393678,26.40602744],[-77.24359393,26.40544236],[-77.24206305,26.40612686],[-77.24172807,26.40602982],[-77.24036396,26.40473187],[-77.24113464,26.41039717],[-77.23672354,26.41198397],[-77.23286521,26.41750705],[-77.22872138,26.41994965],[-77.22819364,26.42346382],[-77.22779608,26.42372262],[-77.22287846,26.42632544],[-77.22339296,26.42381883],[-77.2211045,26.42442524],[-77.22216403,26.41932976],[-77.21876705,26.4197458],[-77.21663272,26.4215697],[-77.21935451,26.42318261],[-77.21778762,26.42544341],[-77.21837234,26.42684174],[-77.22239304,26.42776525],[-77.22249281,26.42881072],[-77.22582483,26.42746997],[-77.22678554,26.43434572],[-77.2278316,26.43492973]],[[-77.21723175,26.45469677],[-77.21794498,26.45487154],[-77.21861947,26.45354784],[-77.22065568,26.45377946],[-77.22095907,26.45345736],[-77.22105396,26.45075715],[-77.22087407,26.45060086],[-77.21931005,26.45069575],[-77.21733165,26.45358491],[-77.21681344,26.45441115],[-77.21723175,26.45469677]],[[-77.22019315,26.42881596],[-77.21863425,26.42829072],[-77.21767926,26.42950141],[-77.21928978,26.42986143],[-77.22050452,26.43147576],[-77.22118378,26.43077087],[-77.22076106,26.42963612],[-77.22019315,26.42881596]],[[-77.22830462,26.70552313],[-77.22432828,26.70318091],[-77.22071874,26.70397794],[-77.22060072,26.70436144],[-77.22436023,26.70627892],[-77.22878957,26.70857465],[-77.23656404,26.71098864],[-77.24611104,26.71637833],[-77.23843503,26.71117115],[-77.23634481,26.70692396],[-77.23341882,26.70568931],[-77.22830462,26.70552313]],[[-77.22551084,26.24270666],[-77.22484136,26.24207807],[-77.22439551,26.24214888],[-77.22066855,26.24778664],[-77.22110033,26.24841738],[-77.22150004,26.24854112],[-77.22307587,26.24766004],[-77.22526574,26.24402392],[-77.22543311,26.24370217],[-77.22551084,26.24270666]],[[-77.22238314,26.43752945],[-77.22401798,26.43729186],[-77.22627986,26.43625176],[-77.22654724,26.43527555],[-77.22628295,26.43484747],[-77.22592223,26.43459773],[-77.22186756,26.43696976],[-77.22178984,26.43780994],[-77.22238314,26.43752945]],[[-77.22366083,26.53906167],[-77.22530854,26.53973115],[-77.22572207,26.53950345],[-77.22589862,26.53768957],[-77.22537291,26.53710854],[-77.22517204,26.53724194],[-77.22362745,26.53851604],[-77.22366083,26.53906167]],[[-77.22522128,26.45020902],[-77.23035872,26.45071864],[-77.22949386,26.44856143],[-77.22931004,26.44838095],[-77.22793067,26.44796455],[-77.22615337,26.4479773],[-77.22591984,26.44815946],[-77.22522128,26.45020902]],[[-77.2255553,26.17649102],[-77.22626233,26.17790902],[-77.23015344,26.17783916],[-77.22648466,26.17621827],[-77.22578478,26.17614686],[-77.2255553,26.17649102]],[[-77.22573698,26.18649566],[-77.22617042,26.18670344],[-77.22813725,26.18599165],[-77.22840285,26.18569708],[-77.2276324,26.1851387],[-77.22621024,26.18518806],[-77.22565055,26.18555164],[-77.22573698,26.18649566]],[[-77.22638285,26.54033685],[-77.22734988,26.54105651],[-77.2276628,26.54059696],[-77.22779512,26.53749788],[-77.22693872,26.53747797],[-77.22638285,26.54033685]],[[-77.22654915,26.47529471],[-77.22873175,26.47690606],[-77.23045993,26.47472644],[-77.22938955,26.47404206],[-77.22872496,26.47448277],[-77.22655416,26.47496331],[-77.22654915,26.47529471]],[[-77.22908437,26.45661128],[-77.22803485,26.45648408],[-77.2271111,26.4568305],[-77.22694635,26.45734251],[-77.22731805,26.45861256],[-77.22790504,26.45885384],[-77.22864378,26.45836425],[-77.22912931,26.45691502],[-77.22908437,26.45661128]],[[-77.23067248,26.52384925],[-77.23126233,26.52111363],[-77.22928715,26.52079272],[-77.22796106,26.52133274],[-77.22772741,26.52254415],[-77.22847641,26.52378273],[-77.22967505,26.52467227],[-77.23067248,26.52384925]],[[-77.22944534,26.19364083],[-77.23690951,26.19668746],[-77.2398566,26.19509053],[-77.23984063,26.19485927],[-77.23650944,26.19140625],[-77.23578346,26.19116211],[-77.22970355,26.19092643],[-77.22873843,26.19140625],[-77.22825682,26.19201314],[-77.22814465,26.19236553],[-77.22944534,26.19364083]],[[-77.23000181,26.53020644],[-77.22931325,26.53004634],[-77.22844517,26.53079724],[-77.22826755,26.53294194],[-77.23031986,26.53083873],[-77.23000181,26.53020644]],[[-77.29199755,26.39252365],[-77.29178405,26.39231503],[-77.28841805,26.39727712],[-77.2810204,26.40160048],[-77.28164172,26.41068375],[-77.27564204,26.41168106],[-77.27430856,26.41443253],[-77.26972365,26.41880751],[-77.26489413,26.41897964],[-77.26378775,26.42063081],[-77.26139462,26.41629386],[-77.25846314,26.41674912],[-77.25565743,26.42192304],[-77.25914085,26.42140841],[-77.26221144,26.42539465],[-77.26197934,26.42684162],[-77.2600888,26.42698908],[-77.25792623,26.42902625],[-77.25797534,26.43183863],[-77.25681365,26.43212581],[-77.25687134,26.4275949],[-77.25597906,26.42686927],[-77.24990261,26.42843425],[-77.24909234,26.43022585],[-77.24373603,26.42886841],[-77.24295485,26.43555164],[-77.24381292,26.43942177],[-77.24172187,26.44032204],[-77.24133885,26.43825996],[-77.23926151,26.43932915],[-77.23603892,26.43883586],[-77.23629046,26.44405425],[-77.23396051,26.4457705],[-77.23394775,26.44628942],[-77.23456442,26.44740486],[-77.23508215,26.44772744],[-77.23672736,26.4466989],[-77.23689294,26.4468497],[-77.23928332,26.44957721],[-77.24413323,26.44437027],[-77.24538793,26.444388],[-77.23967051,26.45051885],[-77.23836255,26.45706165],[-77.23647642,26.45826864],[-77.23707604,26.45998204],[-77.23435402,26.46160233],[-77.23388565,26.4631803],[-77.23496222,26.46383655],[-77.23809421,26.46158731],[-77.24019778,26.46367693],[-77.24558055,26.46401846],[-77.24620497,26.4658457],[-77.24170208,26.46464181],[-77.23892343,26.46588445],[-77.24027765,26.46761405],[-77.24081361,26.46787965],[-77.24490464,26.46858287],[-77.24624646,26.47022808],[-77.24614906,26.47043705],[-77.24303401,26.46970236],[-77.23935235,26.47193932],[-77.23705566,26.47195506],[-77.23430824,26.46860123],[-77.23498476,26.46635032],[-77.23242545,26.46498156],[-77.23039174,26.4660418],[-77.22992706,26.4671936],[-77.22983325,26.46765387],[-77.23094702,26.46858335],[-77.23093414,26.46889555],[-77.22996724,26.47062194],[-77.23251534,26.47237992],[-77.23250794,26.47345972],[-77.23495257,26.47430861],[-77.23502386,26.47485471],[-77.23222435,26.47716916],[-77.23218811,26.4786787],[-77.22990012,26.47975683],[-77.22830856,26.48275864],[-77.23102641,26.48483264],[-77.23148453,26.48748696],[-77.23349714,26.48612952],[-77.23340833,26.48301542],[-77.23543096,26.48563397],[-77.23592615,26.48761213],[-77.23303735,26.49072194],[-77.23357368,26.49374414],[-77.23372126,26.49401414],[-77.2361294,26.49681497],[-77.23723245,26.49647164],[-77.23779476,26.49370575],[-77.23521602,26.49427998],[-77.23417461,26.49141455],[-77.23662412,26.48779941],[-77.23739445,26.49092984],[-77.23851502,26.49121904],[-77.23974693,26.49070787],[-77.23958087,26.48846543],[-77.24196005,26.48763931],[-77.24095595,26.48636377],[-77.23797905,26.48650968],[-77.23679781,26.48457026],[-77.23892152,26.48564291],[-77.24163175,26.48466575],[-77.24219525,26.48602605],[-77.24338543,26.48573518],[-77.24249434,26.48420751],[-77.24330485,26.48359656],[-77.24621451,26.48482895],[-77.2442795,26.48169541],[-77.24483228,26.48046112],[-77.24681771,26.48372507],[-77.24937987,26.48253036],[-77.24634624,26.48876905],[-77.24855852,26.49063444],[-77.24931586,26.49394965],[-77.24696422,26.49505854],[-77.2467519,26.49647224],[-77.24908841,26.49723256],[-77.24914706,26.49530601],[-77.25186265,26.49680066],[-77.25257957,26.49316883],[-77.25440216,26.49267077],[-77.25447667,26.48893034],[-77.25046253,26.48852825],[-77.24790883,26.48649538],[-77.25179696,26.4873538],[-77.25320315,26.48659813],[-77.25677657,26.47893727],[-77.25862777,26.47865546],[-77.25988126,26.47663951],[-77.26353538,26.47802341],[-77.26399863,26.48145115],[-77.26066577,26.48293316],[-77.26226032,26.48134518],[-77.26009846,26.48122644],[-77.25877166,26.48327935],[-77.26021326,26.48310196],[-77.25615704,26.48638213],[-77.25640786,26.49191236],[-77.25705802,26.49266994],[-77.25935614,26.49187934],[-77.25904131,26.49622154],[-77.25735486,26.49660754],[-77.25545323,26.49432528],[-77.25298834,26.49798417],[-77.25578606,26.49788105],[-77.25550795,26.49993444],[-77.25826895,26.50430703],[-77.25794053,26.50870895],[-77.26123381,26.50802398],[-77.26264358,26.4980725],[-77.26981544,26.50041234],[-77.27467382,26.49838054],[-77.27322745,26.50180078],[-77.2741363,26.50247347],[-77.27669525,26.50021315],[-77.27725995,26.50390017],[-77.27088487,26.50506616],[-77.27009785,26.50752795],[-77.27032077,26.50776637],[-77.27141011,26.50853491],[-77.28162324,26.51061296],[-77.28267395,26.50973475],[-77.28214955,26.50723982],[-77.28558743,26.50461221],[-77.29016066,26.50405157],[-77.29172873,26.5056591],[-77.28772521,26.50996566],[-77.28774536,26.51065993],[-77.28940785,26.51286173],[-77.29055548,26.51177835],[-77.29002547,26.51022005],[-77.29165065,26.51136518],[-77.29596376,26.51019764],[-77.2965939,26.51090825],[-77.2979753,26.50962615],[-77.29746807,26.50716615],[-77.29349446,26.50479436],[-77.29695475,26.50213492],[-77.30029845,26.50223553],[-77.3017894,26.50088894],[-77.29745758,26.50010836],[-77.30041206,26.49623334],[-77.29777396,26.49133694],[-77.29550934,26.49253428],[-77.29689884,26.49467862],[-77.29425895,26.49573565],[-77.29281497,26.49767935],[-77.29038715,26.49795461],[-77.29073668,26.49369502],[-77.29299295,26.49093175],[-77.28995717,26.49031413],[-77.28886986,26.49160636],[-77.28672993,26.48925221],[-77.29126215,26.48757887],[-77.29237413,26.48555625],[-77.28531182,26.48750687],[-77.28501356,26.48989785],[-77.28358471,26.49048841],[-77.28512776,26.49514055],[-77.28374064,26.495718],[-77.28249764,26.49289584],[-77.28349102,26.4880203],[-77.28196454,26.48900056],[-77.28021836,26.48784757],[-77.27732193,26.48846245],[-77.27671146,26.48788595],[-77.27907956,26.48582685],[-77.27847075,26.48504722],[-77.27574253,26.48839951],[-77.27040243,26.48890901],[-77.27093422,26.48778248],[-77.27341795,26.48831534],[-77.27626216,26.48515284],[-77.27537942,26.48406494],[-77.27256381,26.48507524],[-77.2744863,26.48217428],[-77.27137017,26.47842431],[-77.27091467,26.47611976],[-77.26480114,26.47674966],[-77.26553524,26.47412264],[-77.2625035,26.47584558],[-77.26308,26.47318745],[-77.25887561,26.4718008],[-77.25696886,26.47244728],[-77.25753593,26.47513056],[-77.25535417,26.47687125],[-77.25311494,26.47622681],[-77.25267196,26.47549307],[-77.25252652,26.47490394],[-77.25275743,26.47467554],[-77.25588512,26.47488344],[-77.25567007,26.47117186],[-77.25898421,26.46948993],[-77.26243258,26.4678719],[-77.26283824,26.46794546],[-77.26223052,26.47173238],[-77.26318276,26.47197485],[-77.26449943,26.46781731],[-77.26760507,26.46794665],[-77.26857281,26.46654737],[-77.27153814,26.46574795],[-77.27318251,26.46632934],[-77.27283573,26.4676944],[-77.27492225,26.47119284],[-77.27966607,26.47329998],[-77.28022754,26.47346044],[-77.28185344,26.47297335],[-77.28245056,26.4724189],[-77.28405845,26.47026765],[-77.28430366,26.46882141],[-77.27607715,26.46086991],[-77.27463114,26.45566154],[-77.27200532,26.45970345],[-77.27008235,26.4588294],[-77.26312172,26.46149921],[-77.26378584,26.45886016],[-77.26562536,26.45831776],[-77.26380265,26.45159173],[-77.27060032,26.45020115],[-77.26932347,26.44763792],[-77.26414371,26.4488734],[-77.26258194,26.44827425],[-77.26394832,26.44546211],[-77.2639569,26.44517112],[-77.26345456,26.44403148],[-77.26193881,26.44224358],[-77.25839615,26.44095325],[-77.25757945,26.44103885],[-77.25654197,26.44298923],[-77.2532407,26.44275176],[-77.24956822,26.4452399],[-77.24748015,26.44543386],[-77.24593041,26.44439567],[-77.24925327,26.44444263],[-77.25810194,26.43866587],[-77.26217306,26.44099474],[-77.26559174,26.4401288],[-77.26387894,26.44359195],[-77.26498103,26.44390964],[-77.26604104,26.44202673],[-77.26722932,26.44203222],[-77.26715505,26.44491363],[-77.26976466,26.44617903],[-77.26770782,26.43570495],[-77.27327681,26.42979753],[-77.27186215,26.42934978],[-77.26859081,26.43292701],[-77.2618438,26.43447435],[-77.25822651,26.43690515],[-77.25508916,26.43652964],[-77.25427592,26.43352175],[-77.25882745,26.43420684],[-77.26185012,26.43051743],[-77.26453376,26.43280876],[-77.27392304,26.42731476],[-77.27889967,26.41836154],[-77.2849462,26.41281831],[-77.28375292,26.40695345],[-77.28842485,26.40548945],[-77.29037964,26.40331125],[-77.29209173,26.39698827],[-77.29407537,26.39526582],[-77.29169905,26.39354765],[-77.29199755,26.39252365]],[[-77.22883666,26.17459667],[-77.23155618,26.17515492],[-77.23256254,26.17456877],[-77.23190832,26.17371154],[-77.2295922,26.17362118],[-77.22885335,26.17417514],[-77.22883666,26.17459667]],[[-77.2289288,26.53612924],[-77.22981286,26.53818572],[-77.2305181,26.53844643],[-77.23410523,26.53660953],[-77.23586023,26.53724051],[-77.2392472,26.53426957],[-77.2411983,26.53595996],[-77.24388933,26.53453267],[-77.24392986,26.53587222],[-77.24159026,26.53709745],[-77.23882186,26.53917611],[-77.23885465,26.54073262],[-77.24270487,26.53925395],[-77.24455023,26.53670955],[-77.24659204,26.53805888],[-77.24615896,26.53436124],[-77.24698567,26.53553426],[-77.24936235,26.53610611],[-77.24959075,26.5357995],[-77.25054455,26.53317654],[-77.24868214,26.53433061],[-77.24824321,26.53432107],[-77.24633396,26.53294694],[-77.24515235,26.53390932],[-77.24477732,26.53347325],[-77.24503374,26.53294992],[-77.24786913,26.53079104],[-77.25170696,26.53036833],[-77.25207543,26.52674246],[-77.25252521,26.52591956],[-77.25674057,26.52130771],[-77.25824237,26.51880813],[-77.25893927,26.51671386],[-77.25991523,26.51153564],[-77.25963867,26.51071692],[-77.25874186,26.51070571],[-77.25554514,26.51330423],[-77.25348878,26.51330745],[-77.25301504,26.51301932],[-77.25210094,26.51201046],[-77.25171661,26.50871992],[-77.24956214,26.50791812],[-77.24906945,26.50463796],[-77.24704552,26.50408006],[-77.24549413,26.50576031],[-77.24607754,26.50305212],[-77.24244964,26.49986935],[-77.24169004,26.50012398],[-77.23990571,26.50226724],[-77.2398504,26.50550365],[-77.24143946,26.50594294],[-77.24182761,26.50933373],[-77.24423361,26.51224816],[-77.24773312,26.51046836],[-77.24754345,26.51364183],[-77.24322343,26.51503587],[-77.23867846,26.51497662],[-77.23621821,26.51619375],[-77.23590004,26.5165838],[-77.23589683,26.51772785],[-77.23940396,26.52140033],[-77.23566925,26.52291882],[-77.23424017,26.52596867],[-77.23314846,26.52384341],[-77.23141956,26.52564168],[-77.23007584,26.52810895],[-77.23136532,26.52880394],[-77.23188043,26.53104055],[-77.2289288,26.53612924]],[[-77.23113143,26.38648653],[-77.23053312,26.38630283],[-77.22933066,26.38790095],[-77.22924793,26.38825607],[-77.22963536,26.38892758],[-77.23106122,26.38925493],[-77.23167646,26.38892043],[-77.23113143,26.38648653]],[[-77.23032486,25.10409915],[-77.22956824,25.10517335],[-77.22980821,25.10542262],[-77.23305178,25.10538185],[-77.23671424,25.10601151],[-77.23087311,25.10387647],[-77.23032486,25.10409915]],[[-77.23269212,26.39919531],[-77.2344439,26.39853752],[-77.23753715,26.39416444],[-77.23633492,26.39274788],[-77.23769331,26.3896296],[-77.23938561,26.38823462],[-77.24462891,26.3875221],[-77.24472523,26.38987911],[-77.24779785,26.39137685],[-77.24952197,26.39528167],[-77.25163114,26.39489877],[-77.25151837,26.39667761],[-77.25298715,26.39650595],[-77.25248945,26.39910865],[-77.25395262,26.39864266],[-77.25491154,26.39709055],[-77.25372517,26.39248073],[-77.25227487,26.39007401],[-77.25045502,26.39166546],[-77.24951684,26.38952541],[-77.25277984,26.38641405],[-77.25251186,26.38462615],[-77.25584984,26.38063073],[-77.25846887,26.38409734],[-77.25798535,26.38567054],[-77.25954282,26.38632155],[-77.25921237,26.38828444],[-77.26080871,26.38909757],[-77.26078224,26.3905642],[-77.26414216,26.39151621],[-77.26703084,26.39042914],[-77.26857185,26.39328837],[-77.26607466,26.39484405],[-77.26678693,26.39544821],[-77.27201843,26.39464963],[-77.27076697,26.3909831],[-77.26809275,26.38931692],[-77.26703572,26.38710594],[-77.2626487,26.38507664],[-77.26283932,26.3815006],[-77.26100504,26.38128078],[-77.26014507,26.37574255],[-77.25687838,26.37246597],[-77.25275016,26.37246597],[-77.24889445,26.37574625],[-77.24869215,26.38200462],[-77.24376881,26.38066018],[-77.24030006,26.38128996],[-77.23792005,26.37978852],[-77.23679125,26.38383317],[-77.23466766,26.38595581],[-77.23623657,26.38822281],[-77.23383725,26.38999057],[-77.22968161,26.39666724],[-77.23269212,26.39919531]],[[-77.23297381,26.43988204],[-77.23221385,26.43873835],[-77.23146546,26.43782341],[-77.22992265,26.43874455],[-77.23201191,26.44077384],[-77.23301244,26.44019771],[-77.23297381,26.43988204]],[[-77.23241472,26.54807997],[-77.23424315,26.54616296],[-77.23421657,26.54589927],[-77.23329055,26.54589248],[-77.2312597,26.54670703],[-77.2310183,26.54738748],[-77.23158646,26.54778922],[-77.23241472,26.54807997]],[[-77.23226392,26.51532757],[-77.23548841,26.51496017],[-77.23655784,26.51437497],[-77.23667002,26.51399612],[-77.23578835,26.5132184],[-77.23339677,26.51289988],[-77.23151982,26.51372194],[-77.23136663,26.51402247],[-77.23167467,26.51518321],[-77.23226392,26.51532757]],[[-77.23462832,26.13109911],[-77.2344172,26.13006544],[-77.23318458,26.13015902],[-77.23182392,26.13137674],[-77.23230624,26.13277554],[-77.23368847,26.1324501],[-77.23462832,26.13109911]],[[-77.23265338,26.45355284],[-77.23197746,26.45592034],[-77.23363721,26.45680034],[-77.23494053,26.45492435],[-77.23485541,26.45463443],[-77.23307252,26.45263946],[-77.23264492,26.45295835],[-77.23265338,26.45355284]],[[-77.23377073,26.50634313],[-77.23242247,26.50542295],[-77.23213244,26.50558352],[-77.23270631,26.50899255],[-77.23377073,26.50634313]],[[-77.23268056,26.54088092],[-77.23291266,26.54216266],[-77.23350763,26.54237902],[-77.23568213,26.54195631],[-77.2334218,26.54058385],[-77.23268056,26.54088092]],[[-77.23540163,26.43153024],[-77.23463702,26.43218672],[-77.23515618,26.43585634],[-77.23623824,26.43627048],[-77.23653197,26.4360553],[-77.23613322,26.43437254],[-77.23833144,26.43396008],[-77.23848808,26.43427885],[-77.23725557,26.43685794],[-77.23935628,26.43752742],[-77.24166846,26.4355545],[-77.24078333,26.43339646],[-77.24061537,26.4331851],[-77.23899972,26.43322694],[-77.23813808,26.43012917],[-77.23787844,26.43013978],[-77.23540163,26.43153024]],[[-77.23567522,26.46442711],[-77.23510575,26.46491218],[-77.23694408,26.4674654],[-77.23813832,26.46452594],[-77.23799932,26.46397305],[-77.23683953,26.46346343],[-77.23651981,26.46359205],[-77.23567522,26.46442711]],[[-77.23649621,26.44925165],[-77.23579836,26.451056],[-77.23571646,26.45259881],[-77.23736215,26.45074081],[-77.23749912,26.45023537],[-77.23691154,26.44923115],[-77.23649621,26.44925165]],[[-77.24403512,26.33435047],[-77.24538553,26.33245838],[-77.24521732,26.33220744],[-77.2416054,26.33184433],[-77.24084878,26.33228505],[-77.23954415,26.33464515],[-77.23769164,26.33594847],[-77.23749924,26.33633947],[-77.2381376,26.33749902],[-77.23966312,26.33792496],[-77.24086535,26.3350085],[-77.24160194,26.33457506],[-77.24403512,26.33435047]],[[-77.24049151,26.39645195],[-77.24148405,26.39398193],[-77.23943818,26.39063883],[-77.23902035,26.3907274],[-77.23826063,26.39237165],[-77.24049151,26.39645195]],[[-77.2444936,26.54089391],[-77.24566126,26.54296875],[-77.24579906,26.54296875],[-77.24584365,26.54343724],[-77.24373591,26.54402542],[-77.24279094,26.54661787],[-77.2403537,26.5461663],[-77.24022591,26.54703116],[-77.24147677,26.54820907],[-77.24500144,26.5465734],[-77.24503315,26.54468536],[-77.24732018,26.54340565],[-77.24735892,26.54296875],[-77.24690676,26.54296875],[-77.24660301,26.5394721],[-77.24637711,26.53937364],[-77.2444936,26.54089391]],[[-77.24626148,26.49022746],[-77.24254405,26.48974431],[-77.24164855,26.49048412],[-77.24426222,26.49222183],[-77.24626148,26.49022746]],[[-77.24652755,26.40292311],[-77.2439723,26.40156186],[-77.24350512,26.40173566],[-77.24322581,26.40269816],[-77.24453855,26.40441656],[-77.24486804,26.40470123],[-77.24652755,26.40292311]],[[-77.24695015,26.34378254],[-77.24408853,26.34638095],[-77.24666381,26.34588253],[-77.24939191,26.3472079],[-77.2480154,26.34984148],[-77.24804676,26.35020351],[-77.24918354,26.35050917],[-77.24964094,26.34957588],[-77.25004125,26.34797835],[-77.25229144,26.34738553],[-77.25149822,26.34604692],[-77.25286734,26.34189868],[-77.25291145,26.33829856],[-77.25281215,26.33769381],[-77.24749994,26.33428717],[-77.24724662,26.33431196],[-77.24741995,26.33576953],[-77.24898267,26.33634996],[-77.24978447,26.33927715],[-77.24813116,26.34088552],[-77.24979532,26.34308267],[-77.24695015,26.34378254]],[[-77.25031376,26.42218435],[-77.24963152,26.42437756],[-77.24803603,26.42423785],[-77.24777496,26.42300856],[-77.24551225,26.42472827],[-77.24767685,26.42859077],[-77.25102413,26.42396724],[-77.25120294,26.42360413],[-77.25170493,26.42089045],[-77.25147855,26.42051494],[-77.25052106,26.42031026],[-77.24871337,26.42156315],[-77.248528,26.42196393],[-77.25031376,26.42218435]],[[-77.25483656,25.09358466],[-77.24989545,25.09088886],[-77.24842966,25.09085834],[-77.24808156,25.09105694],[-77.24807453,25.09217405],[-77.25483656,25.09358466]],[[-77.25012672,26.36860061],[-77.24907064,26.36832333],[-77.24880517,26.36844277],[-77.24960601,26.37359655],[-77.2498275,26.37364686],[-77.25022554,26.37229228],[-77.25086176,26.37011218],[-77.25078714,26.36973643],[-77.25012672,26.36860061]],[[-77.25157857,26.36592901],[-77.25174058,26.3671875],[-77.25188911,26.3671875],[-77.25344157,26.37137711],[-77.25850224,26.37081206],[-77.25801194,26.36806655],[-77.25842833,26.3671875],[-77.25857925,26.3671875],[-77.2592864,26.36582553],[-77.25740314,26.36423612],[-77.25180078,26.36567712],[-77.25157857,26.36592901]],[[-77.25417745,26.40475404],[-77.25452638,26.40491843],[-77.25486934,26.40301967],[-77.25692797,26.40347147],[-77.25868428,26.40106654],[-77.25856292,26.40078986],[-77.25757265,26.40038061],[-77.25724804,26.40051794],[-77.25695324,26.40142214],[-77.25664222,26.4024837],[-77.25442481,26.40176415],[-77.25395262,26.40213954],[-77.25349391,26.40319061],[-77.25417745,26.40475404]],[[-77.25422156,26.54296875],[-77.25419271,26.54366982],[-77.25499356,26.54400957],[-77.25575244,26.54376614],[-77.25578141,26.54296875],[-77.25531435,26.54296875],[-77.25539792,26.54218531],[-77.25864553,26.53950524],[-77.25726306,26.53234196],[-77.26212513,26.53241014],[-77.26183188,26.53366411],[-77.25878036,26.5354104],[-77.2599802,26.53742337],[-77.26667702,26.52995205],[-77.26664972,26.52880788],[-77.26433885,26.52750611],[-77.26438546,26.52469301],[-77.26659608,26.52759337],[-77.26734984,26.52494371],[-77.26479816,26.52339435],[-77.26393783,26.51837873],[-77.26256263,26.51917756],[-77.26295757,26.52168345],[-77.26046646,26.52206445],[-77.26020658,26.52554035],[-77.25754881,26.52359045],[-77.25666714,26.52531075],[-77.2543987,26.5263108],[-77.25531387,26.52964723],[-77.25383842,26.53044152],[-77.25379455,26.53294635],[-77.25587785,26.53756607],[-77.25479293,26.53840137],[-77.25438023,26.54296875],[-77.25422156,26.54296875]],[[-77.26035655,26.40233934],[-77.25536406,26.40544248],[-77.25406766,26.40626454],[-77.25895953,26.40825605],[-77.26150453,26.40551066],[-77.26278436,26.40524054],[-77.26421714,26.40679765],[-77.26634562,26.40470755],[-77.26418495,26.40314245],[-77.26387,26.39881516],[-77.26257575,26.39829111],[-77.26300132,26.39458966],[-77.26225054,26.39374804],[-77.26158583,26.39352775],[-77.2608217,26.39357352],[-77.26020765,26.3939141],[-77.25969005,26.39507496],[-77.25945663,26.39655602],[-77.26035655,26.40233934]],[[-77.27054322,25.07892692],[-77.27606106,25.08094406],[-77.27927124,25.07870686],[-77.28779244,25.07929432],[-77.28503764,25.07674813],[-77.27896094,25.07644176],[-77.27563512,25.07808781],[-77.27396357,25.07677054],[-77.26955187,25.07614183],[-77.26720321,25.07372975],[-77.26241827,25.07148814],[-77.26077211,25.07171488],[-77.25626433,25.06952083],[-77.25419176,25.07074165],[-77.26211452,25.07384896],[-77.26847136,25.07876956],[-77.27054322,25.07892692]],[[-77.30607414,25.07024348],[-77.30660331,25.07335246],[-77.32541466,25.07570696],[-77.33462596,25.07945168],[-77.33903158,25.07890546],[-77.33896124,25.08253193],[-77.34043121,25.07989621],[-77.34093606,25.07960701],[-77.34343004,25.08019102],[-77.34375,25.08007812],[-77.34375,25.07896197],[-77.34984887,25.07874405],[-77.3555696,25.07966697],[-77.35605407,25.07997596],[-77.35454512,25.08602786],[-77.36013496,25.08684564],[-77.36227012,25.08708322],[-77.36566997,25.08924437],[-77.36738217,25.08896673],[-77.36864138,25.08731735],[-77.36862552,25.08697605],[-77.36816847,25.08623362],[-77.36609387,25.08613646],[-77.36597312,25.08230984],[-77.35980201,25.0809406],[-77.36027753,25.07978416],[-77.36079836,25.07941163],[-77.36127818,25.07929873],[-77.36486793,25.08110607],[-77.36990881,25.08023191],[-77.37175131,25.07870793],[-77.38146055,25.079144],[-77.383358,25.07260513],[-77.38800216,25.07027602],[-77.39523637,25.07181501],[-77.39737391,25.07430375],[-77.40491331,25.07832026],[-77.41141987,25.07832778],[-77.41398823,25.07607412],[-77.41563201,25.07698464],[-77.42392015,25.07621002],[-77.42977548,25.07722187],[-77.43095863,25.07843316],[-77.43006146,25.08036995],[-77.43104804,25.08116746],[-77.43651295,25.07477653],[-77.44251037,25.07352626],[-77.44457698,25.07018626],[-77.45288455,25.06916535],[-77.45619786,25.06604672],[-77.46463704,25.06604004],[-77.4721328,25.06424594],[-77.48614454,25.06440043],[-77.49040937,25.06234396],[-77.49522841,25.0622884],[-77.50221312,25.05706024],[-77.49975443,25.05363822],[-77.49970615,25.04935896],[-77.50777125,25.04526234],[-77.51148987,25.04486263],[-77.51321232,25.03973091],[-77.51824164,25.03797674],[-77.52245963,25.03797233],[-77.52357936,25.03589833],[-77.53073931,25.03016448],[-77.53377116,25.02942491],[-77.53751814,25.03017485],[-77.54188085,25.03286254],[-77.54615831,25.03055716],[-77.55304754,25.03131425],[-77.5534327,25.03120136],[-77.55460477,25.02943075],[-77.55455697,25.02919304],[-77.54337585,25.02897274],[-77.54297638,25.02878082],[-77.54252505,25.02775335],[-77.54196393,25.02334237],[-77.54391694,25.01951063],[-77.54414928,25.01929963],[-77.54997742,25.01815474],[-77.55352962,25.01478136],[-77.55416095,25.01352286],[-77.55408621,25.01263845],[-77.55197513,25.00879931],[-77.55171478,25.00846612],[-77.54650354,25.00488901],[-77.54556382,25.00186157],[-77.54430532,25.00211978],[-77.54399598,25.00366545],[-77.54275703,25.00205874],[-77.54062057,25.00295401],[-77.5363003,25.00163245],[-77.53418326,24.99951148],[-77.50229168,25.00132525],[-77.49901652,25.00103462],[-77.49074662,24.99873865],[-77.48274422,24.99439013],[-77.48043454,24.99232686],[-77.47741675,24.98841774],[-77.47648203,24.98631465],[-77.47621644,24.98528016],[-77.47685385,24.98337173],[-77.47346675,24.98097086],[-77.45777416,24.98038542],[-77.45548165,24.97871006],[-77.44261944,24.9782232],[-77.44159675,24.97940016],[-77.44437826,24.98253214],[-77.44345665,24.98461997],[-77.42864132,24.98305726],[-77.42206144,24.98445797],[-77.41242337,24.98847294],[-77.41013062,24.99104095],[-77.40434766,24.99155676],[-77.40181911,24.99114728],[-77.400828,24.99070525],[-77.39759564,24.98690116],[-77.40203881,24.98831856],[-77.40583777,24.98638237],[-77.40619421,24.98610175],[-77.40678835,24.98479176],[-77.40667462,24.98452723],[-77.403705,24.98214495],[-77.39675498,24.98146665],[-77.39820564,24.97726214],[-77.39746892,24.97647405],[-77.39283073,24.98051965],[-77.38457048,24.98189366],[-77.37956846,24.9842242],[-77.37334645,24.98898435],[-77.36469901,24.99125588],[-77.35647225,24.99508786],[-77.34847784,25.00248325],[-77.34375,25.00474334],[-77.34375,25.00446415],[-77.34280372,25.00421572],[-77.34257126,25.00434184],[-77.33902836,25.00754893],[-77.33629334,25.00808001],[-77.33564198,25.00808001],[-77.33310807,25.00585222],[-77.32937658,25.00552881],[-77.32755578,25.00392532],[-77.32697344,25.00392091],[-77.32656717,25.00412798],[-77.32629395,25.00603616],[-77.32204401,25.00756872],[-77.31787086,25.0044775],[-77.31806374,25.00744677],[-77.31463826,25.00587463],[-77.31093526,25.00753367],[-77.30322671,25.01510727],[-77.30011451,25.01453173],[-77.29922283,25.01557875],[-77.29349566,25.01369894],[-77.29297531,25.01572335],[-77.29061985,25.01672053],[-77.28689516,25.016873],[-77.28665793,25.0153898],[-77.28609932,25.01536107],[-77.28200424,25.01568544],[-77.27621424,25.01686466],[-77.27015853,25.02033067],[-77.26892126,25.01982975],[-77.26844943,25.0214262],[-77.26694012,25.02141821],[-77.26440156,25.02832603],[-77.25889492,25.03051317],[-77.25763142,25.03278542],[-77.25862205,25.03543115],[-77.25692487,25.03832865],[-77.25474691,25.03948402],[-77.25505793,25.03977323],[-77.26106775,25.04216027],[-77.26321363,25.04466462],[-77.26697588,25.04524195],[-77.26925862,25.04734516],[-77.26951814,25.04956102],[-77.27670217,25.04962623],[-77.28826415,25.05546868],[-77.29161453,25.05564284],[-77.29561865,25.05997193],[-77.29911506,25.06146991],[-77.30027473,25.0668807],[-77.30265725,25.06517208],[-77.30419755,25.06536555],[-77.3051002,25.06816792],[-77.30422282,25.06929338],[-77.30607414,25.07024348]],[[-77.25840247,26.38834906],[-77.25775635,26.38814962],[-77.25593472,26.38914263],[-77.25575864,26.38996065],[-77.25610065,26.39023757],[-77.25762427,26.39065897],[-77.25854814,26.38974345],[-77.25840247,26.38834906]],[[-77.26122141,26.34313607],[-77.26101422,26.34298718],[-77.25882685,26.34543896],[-77.25658214,26.34584451],[-77.25584626,26.34754968],[-77.25842893,26.34886253],[-77.25949764,26.34619641],[-77.26128364,26.34763014],[-77.26265776,26.34807074],[-77.26441097,26.35356474],[-77.26118767,26.35960162],[-77.26603615,26.36269796],[-77.26578963,26.36616635],[-77.26697731,26.36694872],[-77.26870942,26.36582327],[-77.27089834,26.35879374],[-77.26926625,26.35503733],[-77.2677114,26.3543359],[-77.27114475,26.34997523],[-77.2683233,26.34666085],[-77.26363265,26.34524035],[-77.26122141,26.34313607]],[[-77.26050413,26.41062593],[-77.26154256,26.41258192],[-77.26239085,26.41053915],[-77.26215374,26.40964282],[-77.26088846,26.40948772],[-77.26008666,26.40968335],[-77.26050413,26.41062593]],[[-77.26467502,26.51281774],[-77.26194346,26.51234937],[-77.26114655,26.51321673],[-77.26245916,26.51409984],[-77.26342046,26.51428151],[-77.26466036,26.51311254],[-77.26467502,26.51281774]],[[-77.26439011,26.55405951],[-77.26240432,26.55188954],[-77.26196396,26.55196464],[-77.26284361,26.55595553],[-77.26335371,26.55618954],[-77.26445282,26.55445385],[-77.26439011,26.55405951]],[[-77.26434422,25.09941435],[-77.26555681,25.10094666],[-77.26694667,25.10024261],[-77.26705384,25.10033596],[-77.26807952,25.10132647],[-77.27139282,25.09925091],[-77.2774775,25.0979681],[-77.27765322,25.09796083],[-77.27900183,25.09897637],[-77.28901851,25.10010517],[-77.29285038,25.09822345],[-77.30062687,25.09729004],[-77.288432,25.09787345],[-77.27246642,25.09625375],[-77.26576257,25.09805417],[-77.26434422,25.09941435]],[[-77.26467705,25.08174264],[-77.26813185,25.08299387],[-77.27143991,25.08222735],[-77.26661181,25.08115852],[-77.26606655,25.08093941],[-77.26467705,25.08174264]],[[-77.27135956,26.51870418],[-77.27273297,26.51882422],[-77.27457047,26.51701391],[-77.27383125,26.51873362],[-77.27474463,26.51992142],[-77.27662778,26.51947153],[-77.2789582,26.52063775],[-77.28020966,26.51942873],[-77.28059924,26.51963258],[-77.28254342,26.52128577],[-77.28383327,26.51684475],[-77.28402185,26.51662636],[-77.28763616,26.51587892],[-77.28798044,26.51545811],[-77.28764212,26.51411128],[-77.28474855,26.51346755],[-77.28095365,26.51439285],[-77.27517903,26.51344705],[-77.27495563,26.5135591],[-77.27073312,26.51429355],[-77.27135956,26.51870418]],[[-77.27252245,26.53579688],[-77.27648675,26.53461146],[-77.27644503,26.53424907],[-77.27444363,26.53312433],[-77.27095485,26.53276455],[-77.27212417,26.53570735],[-77.27252245,26.53579688]],[[-77.28104126,26.36412871],[-77.27847314,26.3671875],[-77.27804613,26.3671875],[-77.27811456,26.36758685],[-77.27322423,26.36915386],[-77.27253544,26.37052464],[-77.27383661,26.37131834],[-77.28089964,26.36897027],[-77.28192353,26.36889374],[-77.28718317,26.37072265],[-77.28778076,26.36944604],[-77.28686583,26.3671875],[-77.28611434,26.36509705],[-77.28420258,26.36575305],[-77.28104126,26.36412871]],[[-77.2777729,26.53327358],[-77.27891386,26.53358936],[-77.28238463,26.53142035],[-77.28264904,26.53074181],[-77.27997494,26.52577198],[-77.28026187,26.52479815],[-77.28046751,26.52469397],[-77.28185487,26.52666366],[-77.28518975,26.52694011],[-77.28553534,26.52941716],[-77.28672016,26.52981126],[-77.28723681,26.52971542],[-77.28757727,26.52876544],[-77.28603685,26.52748776],[-77.28881264,26.52477682],[-77.28887546,26.52363074],[-77.28863347,26.52332616],[-77.27953124,26.52362871],[-77.27718937,26.52735531],[-77.27486634,26.52771413],[-77.27501738,26.53064334],[-77.2777729,26.53327358]],[[-77.27751935,26.53744161],[-77.27634466,26.53583503],[-77.27535784,26.53586435],[-77.27495956,26.53712666],[-77.27558494,26.53759074],[-77.27685976,26.53780496],[-77.27751935,26.53744161]],[[-77.27830935,26.47978783],[-77.27859771,26.47918046],[-77.27776813,26.47856414],[-77.27748454,26.47882915],[-77.27628064,26.48056793],[-77.27642405,26.48152232],[-77.27683866,26.48169422],[-77.27830935,26.47978783]],[[-77.27745366,26.51211286],[-77.27775383,26.51249385],[-77.27834058,26.51266885],[-77.28011811,26.51177156],[-77.28002632,26.51125264],[-77.27818382,26.51073313],[-77.27745366,26.51211286]],[[-77.27943385,26.40339744],[-77.27975357,26.40348506],[-77.28112924,26.39925146],[-77.27975237,26.39851356],[-77.27912855,26.39860964],[-77.27812922,26.40047145],[-77.27812922,26.40113723],[-77.27943385,26.40339744]],[[-77.27904606,26.28020167],[-77.27926064,26.28561187],[-77.28141153,26.28552127],[-77.28275955,26.28368103],[-77.28262925,26.28334308],[-77.27904606,26.28020167]],[[-77.30645394,26.33705044],[-77.30855405,26.34341824],[-77.30653095,26.34613395],[-77.30710936,26.34783971],[-77.29858124,26.35041535],[-77.29060376,26.34638166],[-77.28998876,26.34542775],[-77.29138064,26.34345555],[-77.29460454,26.3444314],[-77.29087317,26.33792412],[-77.28603482,26.3358252],[-77.28214824,26.3294003],[-77.28397953,26.32237363],[-77.28284335,26.32060015],[-77.28321552,26.32001197],[-77.28447282,26.32196093],[-77.28623223,26.31969738],[-77.28508055,26.31607688],[-77.28738356,26.31658876],[-77.28980911,26.31392157],[-77.29457641,26.31209862],[-77.29261696,26.31030953],[-77.29197204,26.31210816],[-77.29065561,26.31185281],[-77.29089737,26.30991006],[-77.2876935,26.30725014],[-77.28421581,26.30587602],[-77.28391075,26.30588043],[-77.28123331,26.30666876],[-77.28107715,26.30681646],[-77.28163242,26.30808783],[-77.28310478,26.30977964],[-77.28308594,26.3102684],[-77.28041875,26.32423353],[-77.28153825,26.32958555],[-77.27908182,26.33302891],[-77.27913272,26.33609915],[-77.28268802,26.34180725],[-77.28704774,26.34240484],[-77.28569841,26.34649372],[-77.28586996,26.34918082],[-77.28542542,26.35466003],[-77.28571415,26.35531032],[-77.28690755,26.35623384],[-77.28855336,26.35544145],[-77.28884041,26.35508263],[-77.28838205,26.35304046],[-77.29158044,26.34874642],[-77.29450667,26.34942925],[-77.29669154,26.35371506],[-77.29572535,26.35418654],[-77.29411376,26.35274637],[-77.290591,26.35436606],[-77.29664254,26.35539234],[-77.29989994,26.35193861],[-77.30563855,26.34897101],[-77.30601716,26.34883726],[-77.31306636,26.34688938],[-77.32096267,26.34764755],[-77.32183003,26.34558225],[-77.32060134,26.3432821],[-77.31848764,26.34192574],[-77.31200337,26.34013724],[-77.30645394,26.33705044]],[[-77.28297496,26.47334373],[-77.28255534,26.47669244],[-77.28279674,26.47700977],[-77.28548145,26.47577667],[-77.28846717,26.47719443],[-77.28959894,26.47598505],[-77.28687215,26.46941388],[-77.28640711,26.46933472],[-77.28297496,26.47334373]],[[-77.29028225,26.29494464],[-77.28413093,26.28937113],[-77.28375447,26.28957105],[-77.28333604,26.29121912],[-77.28665257,26.29269505],[-77.28731835,26.29401565],[-77.28862762,26.29588342],[-77.28853381,26.29767513],[-77.28761375,26.29662704],[-77.28530705,26.29774845],[-77.28519595,26.29819202],[-77.28571963,26.29928815],[-77.28761411,26.30027843],[-77.28996933,26.29858911],[-77.29041815,26.29560411],[-77.29028225,26.29494464]],[[-77.28346062,26.39417398],[-77.28644872,26.39442742],[-77.28618038,26.39275932],[-77.28566647,26.3924582],[-77.28420413,26.39234674],[-77.28368473,26.39269745],[-77.28346062,26.39417398]],[[-77.29662216,26.75122225],[-77.29935718,26.74876726],[-77.29927421,26.7470293],[-77.29575741,26.74423146],[-77.29422712,26.74632156],[-77.29069364,26.74247253],[-77.29411101,26.74407291],[-77.29371476,26.74152505],[-77.28475165,26.73778856],[-77.28441942,26.73804164],[-77.28452957,26.73877466],[-77.28826201,26.74170852],[-77.28922367,26.74181521],[-77.29278147,26.74680781],[-77.29921865,26.75641727],[-77.29662216,26.75122225]],[[-77.28624046,26.52122474],[-77.28685451,26.52260172],[-77.29137433,26.51918745],[-77.28973901,26.51820862],[-77.28566372,26.51943707],[-77.28540134,26.51954377],[-77.28463721,26.52094531],[-77.28598857,26.52107716],[-77.28624046,26.52122474]],[[-77.28523135,26.38806355],[-77.28525293,26.39007711],[-77.28666341,26.38898873],[-77.28687167,26.38810575],[-77.28655016,26.38674235],[-77.28626585,26.38683105],[-77.28523135,26.38806355]],[[-77.28565633,26.41284311],[-77.29191685,26.41436255],[-77.29060626,26.41036797],[-77.29434681,26.40937996],[-77.29110706,26.40643024],[-77.29078817,26.4062736],[-77.28934896,26.40687573],[-77.28901267,26.40716386],[-77.28931367,26.40956748],[-77.2877413,26.41015244],[-77.2855283,26.41254747],[-77.28565633,26.41284311]],[[-77.29368246,26.37121081],[-77.28901243,26.37232661],[-77.28592014,26.37490785],[-77.28741026,26.37608767],[-77.28844571,26.37447524],[-77.29146612,26.37447405],[-77.29148352,26.37482536],[-77.28711808,26.38198364],[-77.29086673,26.3864094],[-77.29382968,26.38549912],[-77.29239976,26.37956095],[-77.29480112,26.37503767],[-77.29510415,26.37251556],[-77.29487085,26.37129784],[-77.29368246,26.37121081]],[[-77.31728494,26.52240717],[-77.31471884,26.5249685],[-77.31598675,26.52656865],[-77.31447327,26.52788818],[-77.31198967,26.5266093],[-77.31026435,26.52861822],[-77.30621266,26.52600515],[-77.30517137,26.52705598],[-77.30274785,26.52606535],[-77.30087912,26.52967525],[-77.29989946,26.52963078],[-77.30101228,26.52804613],[-77.30031908,26.52711964],[-77.29653251,26.53067327],[-77.29227138,26.53027833],[-77.2909106,26.52761376],[-77.2900511,26.52712512],[-77.28945053,26.52735865],[-77.28674781,26.53115523],[-77.28683305,26.53133655],[-77.29160416,26.53299785],[-77.29327321,26.53165925],[-77.29622924,26.53526807],[-77.29857075,26.53567457],[-77.29886746,26.5364871],[-77.29863787,26.53707171],[-77.29824305,26.53706562],[-77.29496753,26.53566277],[-77.29416394,26.53652155],[-77.29468524,26.53755677],[-77.29936957,26.54109454],[-77.30051196,26.54110622],[-77.30237532,26.54160476],[-77.30670547,26.53983474],[-77.30552304,26.53782666],[-77.30722594,26.53542781],[-77.31223333,26.53918946],[-77.31504154,26.53246355],[-77.31869543,26.53354681],[-77.31942224,26.53070033],[-77.32085431,26.53390348],[-77.31737351,26.53475511],[-77.31711864,26.53491557],[-77.31701207,26.53611553],[-77.31730056,26.53739345],[-77.3176496,26.53764391],[-77.32189393,26.53756547],[-77.31985676,26.54011798],[-77.32025194,26.54032326],[-77.32614744,26.53903162],[-77.32868397,26.53643727],[-77.32585871,26.53694832],[-77.32360435,26.53291547],[-77.32127154,26.53254986],[-77.32250643,26.52989697],[-77.32209265,26.52915025],[-77.32113814,26.52851868],[-77.32059896,26.52829742],[-77.31892276,26.52923071],[-77.31473482,26.5288738],[-77.31827354,26.52542174],[-77.31728494,26.52240717]],[[-77.29467738,26.36499047],[-77.28860033,26.36557782],[-77.28782487,26.36597526],[-77.28738224,26.36680365],[-77.28870404,26.36976242],[-77.28883386,26.36991811],[-77.29096246,26.37038696],[-77.29128873,26.37056458],[-77.29503071,26.36898565],[-77.29517257,26.3671875],[-77.29494774,26.3671875],[-77.29492784,26.36509955],[-77.29467738,26.36499047]],[[-77.29107177,26.32982898],[-77.28849304,26.32964325],[-77.28833401,26.33186746],[-77.2895714,26.33356953],[-77.29040241,26.33380163],[-77.29400051,26.33349848],[-77.29702544,26.33502042],[-77.29318142,26.33714414],[-77.29315627,26.33861125],[-77.29348934,26.33867741],[-77.29843855,26.33792174],[-77.29903305,26.33670604],[-77.29731655,26.33475935],[-77.29825723,26.33439052],[-77.29879475,26.33443475],[-77.30128551,26.33667147],[-77.29990923,26.33922136],[-77.30007565,26.33947301],[-77.30067432,26.33970034],[-77.30307543,26.33975387],[-77.30369544,26.33985436],[-77.30530131,26.3366456],[-77.30456245,26.33584094],[-77.29107177,26.32982898]],[[-77.32976997,25.08970118],[-77.32790041,25.08885324],[-77.32780421,25.08791125],[-77.32806635,25.08723915],[-77.32919192,25.08569705],[-77.33091974,25.08514655],[-77.34375,25.08565843],[-77.35385442,25.08831215],[-77.35401595,25.08812666],[-77.35243166,25.08650303],[-77.34375,25.08454227],[-77.33633018,25.08362734],[-77.33174574,25.08095324],[-77.33092797,25.08192635],[-77.32059693,25.08003294],[-77.32079971,25.07901287],[-77.31689143,25.07807756],[-77.3107748,25.07850325],[-77.2923032,25.07655025],[-77.29068697,25.07701862],[-77.28971052,25.07935095],[-77.28964531,25.07965374],[-77.29332554,25.08661425],[-77.29398155,25.08674908],[-77.29922736,25.08546114],[-77.30156076,25.08643091],[-77.30854821,25.08461475],[-77.31404364,25.08468604],[-77.31764317,25.08572102],[-77.3194108,25.08604157],[-77.32062554,25.08757377],[-77.32743847,25.09032655],[-77.32807004,25.09033155],[-77.32976997,25.08970118]],[[-77.29126883,26.53508127],[-77.29201257,26.53538322],[-77.29425633,26.53450835],[-77.29223526,26.53432596],[-77.29126883,26.53508127]],[[-77.2991755,26.3861649],[-77.29688811,26.38806295],[-77.29506004,26.38793862],[-77.29348803,26.38994753],[-77.29331136,26.39051843],[-77.29342258,26.39089406],[-77.29460001,26.39100981],[-77.29711235,26.38922381],[-77.29771447,26.38938165],[-77.29823506,26.39086533],[-77.29741311,26.39443994],[-77.29851282,26.39636385],[-77.29845762,26.39665914],[-77.291646,26.40368545],[-77.29242265,26.40497243],[-77.29504764,26.40273344],[-77.29965854,26.40111983],[-77.30292237,26.39439118],[-77.30228806,26.39104438],[-77.30673766,26.39108264],[-77.31097102,26.38778234],[-77.31224215,26.38494277],[-77.31156862,26.38136637],[-77.30281377,26.38016713],[-77.30226266,26.38050926],[-77.30188501,26.38265824],[-77.30209684,26.38303816],[-77.30458844,26.38407135],[-77.30088115,26.38494837],[-77.2991755,26.3861649]],[[-77.29514825,26.47638786],[-77.2941215,26.47751164],[-77.2937355,26.47766066],[-77.29200602,26.47683215],[-77.29173386,26.4782654],[-77.29360163,26.47954106],[-77.29598892,26.47875106],[-77.29804134,26.47541046],[-77.29607785,26.47488964],[-77.29514825,26.47638786]],[[-77.29688215,26.52619958],[-77.29722536,26.52626026],[-77.29880714,26.52283776],[-77.29836464,26.52258861],[-77.29678094,26.52251267],[-77.29494822,26.52288854],[-77.29475987,26.52345896],[-77.29688215,26.52619958]],[[-77.29788554,26.55319667],[-77.29544318,26.55254471],[-77.29586112,26.55535734],[-77.29615951,26.55549502],[-77.29788554,26.55319667]],[[-77.30247796,26.50526857],[-77.30274618,26.50488937],[-77.30260444,26.50421596],[-77.29778826,26.50362611],[-77.29739344,26.50383782],[-77.29649866,26.50460804],[-77.29862154,26.50663125],[-77.29898381,26.50680673],[-77.30247796,26.50526857]],[[-77.29919493,26.51978433],[-77.3007946,26.52029514],[-77.30180454,26.52018702],[-77.30128813,26.51932085],[-77.29872584,26.51875925],[-77.29919493,26.51978433]],[[-77.29964304,26.47926187],[-77.30231404,26.48079956],[-77.30479765,26.48221445],[-77.30656087,26.48246706],[-77.30814052,26.48115146],[-77.30823314,26.48042536],[-77.30743611,26.47973824],[-77.30292296,26.48071277],[-77.30428624,26.47833145],[-77.30290282,26.47713554],[-77.30244493,26.47702765],[-77.30001223,26.47711146],[-77.29933274,26.47876668],[-77.29964304,26.47926187]],[[-77.30183101,26.58612525],[-77.30380464,26.58521891],[-77.30409026,26.58451331],[-77.30398715,26.58396816],[-77.30190432,26.58325756],[-77.30066586,26.58347642],[-77.30020726,26.58414543],[-77.30077672,26.5857712],[-77.30183101,26.58612525]],[[-77.30524576,26.48535454],[-77.3039,26.48420835],[-77.30300152,26.48424482],[-77.30281961,26.48535836],[-77.30299711,26.4855895],[-77.30471551,26.48607421],[-77.30525231,26.48573124],[-77.30524576,26.48535454]],[[-77.30894721,26.59020042],[-77.30971718,26.58845842],[-77.31123376,26.58894396],[-77.31181443,26.58633423],[-77.31079757,26.58610785],[-77.30806553,26.58668864],[-77.30765486,26.58686495],[-77.30623281,26.58863652],[-77.30361283,26.5915668],[-77.30894721,26.59020042]],[[-77.30576885,26.75986373],[-77.30474591,26.75979674],[-77.30418897,26.76077473],[-77.30446494,26.76105011],[-77.30734372,26.76230633],[-77.30668664,26.76032984],[-77.30576885,26.75986373]],[[-77.30825305,26.52356994],[-77.30851102,26.52397406],[-77.31106794,26.52335024],[-77.31091738,26.52284706],[-77.30938184,26.52242875],[-77.30825305,26.52356994]],[[-77.31115246,26.48227465],[-77.31088936,26.48390245],[-77.31074035,26.48407924],[-77.30952334,26.48397863],[-77.30939674,26.48421407],[-77.30892944,26.48532832],[-77.31108928,26.48809087],[-77.31372511,26.48939037],[-77.31471741,26.48736775],[-77.31316125,26.48287284],[-77.31288981,26.48230386],[-77.31148827,26.48202002],[-77.31115246,26.48227465]],[[-77.31346405,26.57385576],[-77.31039834,26.57263243],[-77.30989754,26.57268167],[-77.30922055,26.57335496],[-77.30899775,26.57545984],[-77.31087017,26.57648134],[-77.31343031,26.57408726],[-77.31346405,26.57385576]],[[-77.33482206,26.78815305],[-77.33635974,26.78594482],[-77.33895075,26.78693783],[-77.34137356,26.78480864],[-77.33975351,26.78185773],[-77.34108651,26.78073597],[-77.34277225,26.78166628],[-77.34248412,26.77716005],[-77.33729315,26.77501965],[-77.33488512,26.77178764],[-77.33565831,26.77522242],[-77.33964515,26.77952695],[-77.3368901,26.78167832],[-77.33538163,26.78004384],[-77.33522308,26.77624762],[-77.33192778,26.76938474],[-77.3325479,26.76640916],[-77.32823884,26.76531684],[-77.32098055,26.75886035],[-77.32364392,26.75845707],[-77.32648325,26.76325548],[-77.32889664,26.76393735],[-77.32690418,26.75959003],[-77.32890844,26.75951505],[-77.32875037,26.76085675],[-77.33010745,26.76084995],[-77.33054554,26.75716138],[-77.3209877,26.75556862],[-77.31677127,26.75212955],[-77.31225133,26.75246894],[-77.30973601,26.7505902],[-77.30949485,26.75073183],[-77.31082761,26.75276995],[-77.31346321,26.75343323],[-77.31579566,26.7535429],[-77.3161087,26.75367784],[-77.31916261,26.75597596],[-77.31701541,26.76070344],[-77.32090473,26.76353502],[-77.32369328,26.76879704],[-77.32524395,26.77402675],[-77.32383025,26.7752161],[-77.32392907,26.77552426],[-77.32476485,26.77721345],[-77.33007264,26.78629816],[-77.33194995,26.78952026],[-77.33761501,26.7970165],[-77.34071767,26.79857564],[-77.34138525,26.7982372],[-77.34118176,26.79475355],[-77.33503747,26.78973794],[-77.33476234,26.78890026],[-77.33482206,26.78815305]],[[-77.31649685,26.56987214],[-77.3158375,26.5698632],[-77.31452513,26.57094741],[-77.31449604,26.57154345],[-77.31661224,26.57257831],[-77.31649685,26.56987214]],[[-77.32084262,26.56617403],[-77.32258904,26.56316984],[-77.32663262,26.56279337],[-77.32399738,26.56120968],[-77.32175195,26.56275535],[-77.31839025,26.55957627],[-77.31616843,26.55979657],[-77.32031965,26.56295514],[-77.31920207,26.56486165],[-77.32040525,26.56597376],[-77.32084262,26.56617403]],[[-77.31873584,26.48933268],[-77.32380414,26.49413562],[-77.32478786,26.49394655],[-77.32193792,26.48907328],[-77.32095587,26.48821974],[-77.31699383,26.48645747],[-77.31648314,26.48677194],[-77.31656945,26.48728275],[-77.31873584,26.48933268]],[[-77.31916702,26.58893597],[-77.31801915,26.59007466],[-77.32125866,26.58994198],[-77.32208765,26.58784676],[-77.32084715,26.58747077],[-77.31916702,26.58893597]],[[-77.31823266,25.07672668],[-77.32535934,25.07796824],[-77.32531714,25.07702756],[-77.32178044,25.07636511],[-77.31842756,25.07598937],[-77.31823266,25.07672668]],[[-77.33902395,26.60248005],[-77.34179163,26.60104704],[-77.34265268,26.60086298],[-77.34375,26.60128343],[-77.34375,26.6015625],[-77.34798861,26.60227728],[-77.34823346,26.60204506],[-77.3486011,26.60043466],[-77.347247,26.59849346],[-77.34908867,26.59787345],[-77.34935224,26.59744954],[-77.34961486,26.59555876],[-77.34932637,26.59421456],[-77.34898496,26.59380221],[-77.34797728,26.59385705],[-77.34759176,26.59413505],[-77.34654176,26.59778976],[-77.34419525,26.59841597],[-77.34375,26.59821415],[-77.34375,26.59793532],[-77.33988607,26.59479725],[-77.33976567,26.59432673],[-77.34183145,26.58986998],[-77.34125662,26.58707547],[-77.33809733,26.59260666],[-77.33336925,26.58898127],[-77.33173382,26.58681357],[-77.33070385,26.58464015],[-77.33058453,26.58130527],[-77.3266952,26.57715452],[-77.32648695,26.57665265],[-77.3265388,26.57367468],[-77.32538462,26.5728631],[-77.32540822,26.57248116],[-77.32702935,26.56921864],[-77.32678544,26.56908894],[-77.32343006,26.56864524],[-77.32316732,26.56876194],[-77.32422602,26.57550681],[-77.32150257,26.57570326],[-77.32024574,26.58066595],[-77.32043755,26.58126616],[-77.32105196,26.58216345],[-77.32449722,26.58180916],[-77.32755137,26.58334601],[-77.32771265,26.58740234],[-77.33068001,26.59003985],[-77.32934272,26.59342372],[-77.33512044,26.59630692],[-77.33528864,26.59841526],[-77.33902395,26.60248005]],[[-77.3257246,26.56734061],[-77.32603681,26.56697893],[-77.32518137,26.56503594],[-77.32460785,26.56477094],[-77.32353783,26.56504273],[-77.3238461,26.56617343],[-77.3257246,26.56734061]],[[-77.33157492,26.49829304],[-77.33039653,26.49645793],[-77.32770896,26.49335504],[-77.32668805,26.49308395],[-77.32637465,26.49416733],[-77.32639992,26.4967941],[-77.32819605,26.49825418],[-77.32834816,26.50003493],[-77.32866895,26.50044012],[-77.32917428,26.50066686],[-77.33158088,26.49977064],[-77.33157492,26.49829304]],[[-77.33099663,26.52793574],[-77.32890785,26.52982235],[-77.32889855,26.53134286],[-77.33008873,26.52947426],[-77.33250535,26.52931225],[-77.33297575,26.52858412],[-77.33260643,26.52693224],[-77.33099663,26.52793574]],[[-77.33208287,26.67196381],[-77.33274507,26.67066336],[-77.33203065,26.67058766],[-77.330006,26.67181206],[-77.33145738,26.67223418],[-77.33208287,26.67196381]],[[-77.33165646,26.67615223],[-77.33230436,26.67642534],[-77.33405435,26.67430103],[-77.33193374,26.67410696],[-77.33143187,26.67447364],[-77.3309952,26.67537355],[-77.33165646,26.67615223]],[[-77.33870125,26.50780666],[-77.33724225,26.50632155],[-77.33323812,26.50505173],[-77.33299935,26.50519395],[-77.33359742,26.50590265],[-77.33665526,26.50847292],[-77.33696425,26.50860751],[-77.33870125,26.50780666]],[[-77.34201562,26.52530336],[-77.33829451,26.52348745],[-77.33537424,26.52439475],[-77.33705485,26.52669895],[-77.33473766,26.53557718],[-77.33492053,26.53587282],[-77.33824086,26.5343914],[-77.33890295,26.53437543],[-77.34007275,26.53625965],[-77.34375,26.53543532],[-77.34596193,26.53436625],[-77.34682608,26.53455806],[-77.34700501,26.53490841],[-77.34678865,26.53698576],[-77.35010612,26.54015672],[-77.35182285,26.53568554],[-77.34849346,26.53463304],[-77.34707844,26.53284585],[-77.34774184,26.53028953],[-77.34533012,26.52817225],[-77.34708071,26.52652395],[-77.34675515,26.52547681],[-77.34485924,26.52448416],[-77.34375,26.52511156],[-77.34375,26.52539063],[-77.34201562,26.52530336]],[[-77.33975613,26.50614917],[-77.34213138,26.50663364],[-77.34327245,26.50652254],[-77.34216225,26.50528502],[-77.34100056,26.50517011],[-77.33965826,26.50585341],[-77.33975613,26.50614917]],[[-77.35362816,26.6580677],[-77.35509825,26.65403914],[-77.35860956,26.65069187],[-77.35886323,26.65001607],[-77.35961378,26.64047086],[-77.35927391,26.63994575],[-77.35734594,26.64019001],[-77.35485744,26.64641094],[-77.34992814,26.64686477],[-77.34958053,26.64708126],[-77.34481001,26.65076053],[-77.34375,26.65262282],[-77.34375,26.65345967],[-77.34267771,26.65453851],[-77.34250224,26.65750563],[-77.34297013,26.65792406],[-77.34375,26.65792406],[-77.35167992,26.65755033],[-77.35362816,26.6580677]],[[-77.34685445,26.80613244],[-77.34375,26.80217636],[-77.34348178,26.80220222],[-77.34375,26.80412936],[-77.34402394,26.80429196],[-77.34700704,26.8083055],[-77.34685445,26.80613244]],[[-77.34452581,26.51128638],[-77.34861076,26.51449466],[-77.35113811,26.5147171],[-77.35157692,26.51496506],[-77.35080278,26.51605344],[-77.35139501,26.51702332],[-77.35191607,26.51735485],[-77.35464954,26.51770127],[-77.35473776,26.51727295],[-77.35433078,26.51467657],[-77.35412145,26.51449752],[-77.35198426,26.51325071],[-77.34897351,26.5133934],[-77.34957457,26.51145196],[-77.34797931,26.50982225],[-77.34452581,26.51128638]],[[-77.35770166,26.81826484],[-77.35917485,26.81927896],[-77.35937881,26.81762147],[-77.36467028,26.81268811],[-77.36482835,26.81052172],[-77.36437631,26.80928934],[-77.36301446,26.80878711],[-77.35936046,26.80892634],[-77.35720944,26.80946076],[-77.35243702,26.81215382],[-77.34654403,26.80949342],[-77.34652841,26.80970716],[-77.35213792,26.81477237],[-77.35626376,26.81404805],[-77.35670924,26.81434751],[-77.35829365,26.81583273],[-77.35761738,26.81794906],[-77.35770166,26.81826484]],[[-77.35408473,26.58342922],[-77.35463035,26.58162463],[-77.35449314,26.58099902],[-77.3492192,26.57652903],[-77.34880877,26.57661927],[-77.34694791,26.57760108],[-77.34690285,26.58018768],[-77.34899044,26.58580995],[-77.34928596,26.59088552],[-77.35108542,26.59144235],[-77.35137785,26.59132326],[-77.35274112,26.58999765],[-77.35259867,26.58941722],[-77.35171616,26.58472574],[-77.35408473,26.58342922]],[[-77.35594976,26.60191345],[-77.35639024,26.60051954],[-77.3573153,26.59685385],[-77.36074293,26.59651101],[-77.36283207,26.58957064],[-77.36133897,26.58979118],[-77.36008704,26.59334695],[-77.35968554,26.59344947],[-77.35517275,26.59156251],[-77.35485256,26.59155035],[-77.35377336,26.5926249],[-77.35345495,26.59333456],[-77.35337305,26.59693956],[-77.35242736,26.60149038],[-77.35229504,26.60182285],[-77.34926546,26.60434592],[-77.35191071,26.60697842],[-77.35218906,26.60708797],[-77.35594976,26.60191345]],[[-77.35328364,26.51963115],[-77.35208476,26.51901865],[-77.35165775,26.51913333],[-77.35103846,26.52019095],[-77.35372257,26.52052414],[-77.35410762,26.52194905],[-77.35364664,26.52241123],[-77.35252285,26.5224539],[-77.35062385,26.52095151],[-77.34975565,26.52154672],[-77.35050654,26.52272284],[-77.35349071,26.52374303],[-77.35543513,26.52243423],[-77.35558593,26.52175915],[-77.35542417,26.52088106],[-77.35328364,26.51963115]],[[-77.34995317,26.06960773],[-77.35004854,26.0701102],[-77.35291171,26.07003343],[-77.35304356,26.06991124],[-77.35335767,26.06890476],[-77.35321224,26.0686475],[-77.35164797,26.06822062],[-77.35093915,26.06841636],[-77.34995317,26.06960773]],[[-77.38805115,26.84456325],[-77.38660157,26.84078801],[-77.38930023,26.83741295],[-77.38294065,26.83780944],[-77.37986624,26.83675134],[-77.37600625,26.83134186],[-77.37639332,26.82992244],[-77.37876236,26.82883072],[-77.37385404,26.82692528],[-77.37381005,26.82465625],[-77.37179565,26.82222736],[-77.36700845,26.82359171],[-77.36668146,26.82353318],[-77.36322761,26.82151866],[-77.36368215,26.81981421],[-77.36110246,26.82155168],[-77.35535145,26.82058895],[-77.35286808,26.81721747],[-77.35235298,26.81684923],[-77.35128713,26.81691265],[-77.35084355,26.81797195],[-77.35075176,26.82119751],[-77.35097575,26.82193124],[-77.35444856,26.82550991],[-77.36899853,26.83189201],[-77.3739562,26.83478105],[-77.37903082,26.83942652],[-77.38401782,26.84488595],[-77.38805115,26.84456325]],[[-77.35754657,26.53704691],[-77.35710406,26.53550422],[-77.35502994,26.53364241],[-77.35575593,26.53192317],[-77.35550952,26.53163481],[-77.35164046,26.53124523],[-77.35156691,26.53143537],[-77.35321677,26.53361344],[-77.35305524,26.53742194],[-77.35486555,26.5392369],[-77.35743511,26.53957295],[-77.35754657,26.53704691]],[[-77.35214233,23.61115372],[-77.35360444,23.61399865],[-77.35409904,23.61397874],[-77.35409904,23.61230457],[-77.35214233,23.61115372]],[[-77.35853982,26.51717806],[-77.35742605,26.51849437],[-77.35758138,26.51868224],[-77.35897934,26.51929534],[-77.3609395,26.51909935],[-77.35896111,26.51706111],[-77.35853982,26.51717806]],[[-77.35827124,26.70247257],[-77.35874093,26.70307386],[-77.3607434,26.70128822],[-77.36211073,26.69635654],[-77.36187434,26.69565773],[-77.36139643,26.69571304],[-77.3592,26.69752204],[-77.35897756,26.69800711],[-77.35800791,26.70152843],[-77.35827124,26.70247257]],[[-77.36063182,23.63512576],[-77.36115873,23.63552713],[-77.36175966,23.63477123],[-77.36147106,23.63340688],[-77.36068642,23.63287616],[-77.36031842,23.6333971],[-77.36063182,23.63512576]],[[-77.37497711,26.61970341],[-77.37378943,26.61645973],[-77.37088835,26.61380231],[-77.37042177,26.61005175],[-77.36738276,26.61039996],[-77.36714685,26.61030972],[-77.36645508,26.60925245],[-77.36597288,26.60819006],[-77.36648822,26.60118783],[-77.36235654,26.6005851],[-77.36121285,26.60170686],[-77.36046207,26.60791075],[-77.36459196,26.61063826],[-77.36696422,26.61626184],[-77.36928344,26.61621594],[-77.37028706,26.61782324],[-77.37069404,26.61809194],[-77.37493753,26.6200155],[-77.37497711,26.61970341]],[[-77.36698985,26.58836532],[-77.36697471,26.58673644],[-77.36254835,26.58295464],[-77.36229646,26.58334756],[-77.36248207,26.58680451],[-77.36347175,26.58895361],[-77.36457205,26.58962822],[-77.3667134,26.58859765],[-77.36698985,26.58836532]],[[-77.3663522,23.64905477],[-77.36633766,23.64660394],[-77.36458313,23.64539993],[-77.3643105,23.64656556],[-77.3663522,23.64905477]],[[-77.36900151,26.54003406],[-77.36964834,26.54070556],[-77.37022758,26.54077804],[-77.37396252,26.53804564],[-77.37435162,26.53750575],[-77.37417746,26.53596854],[-77.37352908,26.53471446],[-77.37285674,26.53430605],[-77.36978126,26.53433216],[-77.36740112,26.53212106],[-77.36693513,26.5322144],[-77.36587477,26.53281414],[-77.36499286,26.5352993],[-77.36496568,26.53559196],[-77.3667649,26.53661346],[-77.37077844,26.53502905],[-77.37162864,26.53783774],[-77.37154365,26.53811491],[-77.36914253,26.53973258],[-77.36900151,26.54003406]],[[-77.36741376,26.03668046],[-77.36919475,26.03861284],[-77.37278426,26.03763795],[-77.37283945,26.03723371],[-77.37286484,26.03665936],[-77.375844,26.03671455],[-77.37243474,26.03546548],[-77.36782646,26.03544414],[-77.36682987,26.03611636],[-77.36741376,26.03668046]],[[-77.37381804,25.08878624],[-77.37034547,25.08958221],[-77.37016058,25.0897603],[-77.37903905,25.09285331],[-77.38050616,25.09266102],[-77.38036942,25.09216023],[-77.37381804,25.08878624]],[[-77.37327516,26.64330304],[-77.37185621,26.64325225],[-77.37120724,26.64400315],[-77.37223315,26.64544833],[-77.37287784,26.64575624],[-77.37479031,26.64475107],[-77.37495077,26.64446056],[-77.37469792,26.64375615],[-77.37327516,26.64330304]],[[-77.37984157,26.56105661],[-77.37980294,26.55763125],[-77.37931585,26.55725002],[-77.37821686,26.55782235],[-77.37731564,26.56101966],[-77.37702584,26.56125724],[-77.37494206,26.56088996],[-77.374475,26.56183314],[-77.37266874,26.56352031],[-77.37288058,26.56702077],[-77.37511194,26.56274498],[-77.37984157,26.56105661]],[[-77.3737936,26.53424466],[-77.37553644,26.53521144],[-77.37585425,26.53496754],[-77.37473214,26.5324831],[-77.37428164,26.53258085],[-77.3737936,26.53424466]],[[-77.37717676,23.67733121],[-77.37693524,23.67719555],[-77.37503672,23.6777755],[-77.3771615,23.6798619],[-77.37771595,23.67993164],[-77.37851346,23.67948115],[-77.37717676,23.67733121]],[[-77.37967896,26.61169982],[-77.38049805,26.60865247],[-77.37796247,26.60615194],[-77.37549126,26.61253798],[-77.38134873,26.61727011],[-77.37967241,26.61197531],[-77.37967896,26.61169982]],[[-77.37951136,26.53698933],[-77.37863457,26.53687334],[-77.37656581,26.53750396],[-77.37650526,26.53783035],[-77.37815917,26.53844655],[-77.37920928,26.53853846],[-77.37957144,26.53836656],[-77.37951136,26.53698933]],[[-77.37696636,26.56652677],[-77.37750947,26.56681001],[-77.37932813,26.56502664],[-77.38043642,26.56572163],[-77.38311434,26.56306386],[-77.38497341,26.56386328],[-77.38548923,26.56374681],[-77.38574004,26.5632081],[-77.38553214,26.56267595],[-77.38289285,26.5620048],[-77.38001716,26.56297135],[-77.37685168,26.56509137],[-77.37696636,26.56652677]],[[-77.38003671,23.68587005],[-77.3824656,23.69004965],[-77.38216496,23.68596315],[-77.38143933,23.6848731],[-77.38032401,23.68485618],[-77.38003671,23.68587005]],[[-77.38562906,26.6417979],[-77.38733387,26.64802516],[-77.38819003,26.64878035],[-77.38917196,26.64797211],[-77.39078355,26.64526415],[-77.38780105,26.64069307],[-77.38784063,26.63992655],[-77.39014781,26.63772404],[-77.38973033,26.63594854],[-77.38693237,26.63403761],[-77.38562906,26.6417979]],[[-77.38583386,26.61310625],[-77.38650668,26.61324024],[-77.38996434,26.61271322],[-77.38992286,26.61240637],[-77.38823402,26.61229706],[-77.38577485,26.61292303],[-77.38583386,26.61310625]],[[-77.40027094,26.57068801],[-77.40256345,26.57117534],[-77.40305114,26.57072437],[-77.40284085,26.57017493],[-77.40020788,26.56849527],[-77.39982915,26.56516647],[-77.39453936,26.56552923],[-77.39008343,26.56071901],[-77.38978863,26.56066334],[-77.3872081,26.56212544],[-77.38685143,26.56307364],[-77.38723731,26.56559658],[-77.38786185,26.56621933],[-77.38902473,26.56683564],[-77.39257276,26.56774068],[-77.39617145,26.56743288],[-77.39726353,26.56771696],[-77.40027094,26.57068801]],[[-77.38999152,26.60167527],[-77.39013457,26.60105991],[-77.38974106,26.59773064],[-77.38938761,26.59760034],[-77.38890934,26.59791672],[-77.3874402,26.60201287],[-77.38752937,26.60260296],[-77.38843095,26.60336077],[-77.38999152,26.60167527]],[[-77.39510703,26.02367163],[-77.39102185,26.0213449],[-77.38927841,26.02197135],[-77.38878822,26.02381825],[-77.39503527,26.02787733],[-77.39510703,26.02367163]],[[-77.39181733,26.84084415],[-77.39429736,26.84273601],[-77.3935858,26.84076941],[-77.38914025,26.83856976],[-77.38959837,26.84010947],[-77.39059591,26.84073031],[-77.39181733,26.84084415]],[[-77.3899039,26.76871252],[-77.39707887,26.77703524],[-77.39797998,26.77770746],[-77.39857137,26.77731144],[-77.39855671,26.77665937],[-77.3907994,26.76737893],[-77.39028656,26.76707613],[-77.38941658,26.7673105],[-77.3899039,26.76871252]],[[-77.39063644,26.61726046],[-77.39085543,26.61785185],[-77.39503348,26.61944902],[-77.39525127,26.61925387],[-77.39407504,26.61592555],[-77.39300776,26.61532855],[-77.39100587,26.61511827],[-77.39070535,26.61525953],[-77.39063644,26.61726046]],[[-77.39415014,26.03108513],[-77.39346361,26.03030276],[-77.39226305,26.02988982],[-77.39139664,26.02996874],[-77.39064991,26.03073204],[-77.39098954,26.03135777],[-77.39385295,26.03211617],[-77.39441621,26.03168213],[-77.39415014,26.03108513]],[[-77.39459097,26.59830773],[-77.39506066,26.59858131],[-77.39769065,26.59637845],[-77.39828575,26.59469354],[-77.39818835,26.59440136],[-77.39715254,26.59461725],[-77.39450192,26.59630728],[-77.39429212,26.59660852],[-77.39459097,26.59830773]],[[-77.40408122,26.62624705],[-77.40146923,26.62514806],[-77.40064895,26.62507868],[-77.39768517,26.62589264],[-77.39967644,26.6269052],[-77.40227366,26.62594545],[-77.40595162,26.62819517],[-77.40408122,26.62624705]],[[-77.40223265,26.58996785],[-77.404971,26.59445572],[-77.40585566,26.58939111],[-77.40428913,26.58833802],[-77.40315735,26.58820415],[-77.40081656,26.58852541],[-77.40010536,26.58932698],[-77.39924824,26.59134722],[-77.40086484,26.5920217],[-77.40074647,26.59074438],[-77.40196896,26.58967006],[-77.40223265,26.58996785]],[[-77.40404534,26.59775436],[-77.40420568,26.59710395],[-77.40385246,26.59516394],[-77.40343416,26.59493875],[-77.40286136,26.59496713],[-77.40180457,26.59560287],[-77.40228772,26.5977298],[-77.40023434,26.60089827],[-77.40077376,26.60144734],[-77.40147245,26.60162365],[-77.40267611,26.60062945],[-77.40404534,26.59775436]],[[-77.40337896,26.61107707],[-77.40410793,26.61145067],[-77.40628445,26.60910773],[-77.40573072,26.60529184],[-77.40394115,26.60824525],[-77.40140104,26.60572672],[-77.40120304,26.60595024],[-77.40153015,26.60929215],[-77.40337896,26.61107707]],[[-77.40415776,25.09199917],[-77.40482533,25.09295511],[-77.41211367,25.09187305],[-77.40726984,25.08965385],[-77.40203047,25.08985877],[-77.40167153,25.09002686],[-77.40195668,25.09079611],[-77.40222228,25.09092474],[-77.40490961,25.09106338],[-77.40415776,25.09199917]],[[-77.40456831,24.97532105],[-77.40296566,24.97694015],[-77.40602374,24.97651136],[-77.40612292,24.97569501],[-77.40456831,24.97532105]],[[-77.40573156,26.60191131],[-77.40707386,26.60123086],[-77.40642917,26.60007906],[-77.4058876,26.60010958],[-77.40331006,26.60258722],[-77.40313256,26.60375655],[-77.40344071,26.60392904],[-77.40486014,26.60401654],[-77.40573156,26.60191131]],[[-77.40970278,26.6733886],[-77.41264462,26.67240703],[-77.40975165,26.67086613],[-77.41098607,26.66910946],[-77.41044235,26.66817784],[-77.40987182,26.66803682],[-77.40764964,26.66906345],[-77.40520465,26.67182624],[-77.40511477,26.67327821],[-77.40662444,26.6741482],[-77.40816665,26.67550206],[-77.41104424,26.67500365],[-77.41133225,26.67474663],[-77.40970278,26.6733886]],[[-77.40841985,26.67955506],[-77.40728986,26.67745411],[-77.40675235,26.67755377],[-77.40520155,26.67963445],[-77.40722096,26.68027186],[-77.40832543,26.67982566],[-77.40841985,26.67955506]],[[-77.40546143,26.59617758],[-77.40787125,26.59768605],[-77.40869772,26.59652126],[-77.40546036,26.59466708],[-77.40546143,26.59617758]],[[-77.41399395,26.62176692],[-77.41189921,26.62028623],[-77.4140625,26.61936855],[-77.41659617,26.62152815],[-77.41733265,26.6214205],[-77.41721106,26.62063122],[-77.41369545,26.61714828],[-77.41303265,26.61471236],[-77.40968001,26.61510932],[-77.40812564,26.61216021],[-77.40793467,26.61217225],[-77.40585875,26.61389613],[-77.40559185,26.61700773],[-77.4058305,26.61795795],[-77.40860105,26.61944914],[-77.40957105,26.61992574],[-77.41287577,26.62362754],[-77.41461575,26.62273562],[-77.41470635,26.62235534],[-77.41399395,26.62176692]],[[-77.40976071,26.65783346],[-77.40880585,26.65780628],[-77.40722191,26.65860105],[-77.40770221,26.65969217],[-77.40815794,26.6598562],[-77.41062522,26.65861726],[-77.40976071,26.65783346]],[[-77.41624415,26.60003066],[-77.41709006,26.59740257],[-77.42000091,26.59590018],[-77.41561067,26.59689081],[-77.41365743,26.59702635],[-77.4105829,26.59750366],[-77.40950894,26.59845626],[-77.40964997,26.59889865],[-77.41249216,26.60007918],[-77.41278255,26.60162675],[-77.41624415,26.60003066]],[[-77.41795945,26.67020655],[-77.41781938,26.67155087],[-77.41655648,26.6708703],[-77.41594744,26.67173946],[-77.41766036,26.67322552],[-77.41804874,26.6733067],[-77.41905153,26.67287576],[-77.41967356,26.672315],[-77.42041063,26.66927755],[-77.41793907,26.66479373],[-77.41513968,26.66345632],[-77.41760862,26.66102612],[-77.41492367,26.65835595],[-77.41402805,26.65326297],[-77.41542792,26.64952791],[-77.41404855,26.64759958],[-77.41175962,26.65274715],[-77.41291833,26.65354455],[-77.41296852,26.65638161],[-77.41115093,26.65880334],[-77.41311955,26.66574216],[-77.41488934,26.66776466],[-77.41682267,26.66795421],[-77.41777694,26.6693778],[-77.41795945,26.67020655]],[[-77.41376901,26.60680223],[-77.41408896,26.60688984],[-77.41542315,26.60467935],[-77.41506147,26.60439777],[-77.41373718,26.60450697],[-77.4128648,26.60503936],[-77.41276884,26.60562456],[-77.41376901,26.60680223]],[[-77.41617882,26.61076593],[-77.41674685,26.61081576],[-77.41830957,26.60855865],[-77.41493976,26.60727262],[-77.41617882,26.61076593]],[[-77.41632783,26.62538815],[-77.41645586,26.62568974],[-77.41976786,26.62479174],[-77.42104185,26.62271917],[-77.42006874,26.62120247],[-77.4169569,26.62278354],[-77.41666961,26.62313795],[-77.41632783,26.62538815]],[[-77.41640365,23.75503945],[-77.41903877,23.75991642],[-77.41970766,23.76016033],[-77.42000973,23.75985634],[-77.41912401,23.75686705],[-77.41822231,23.75538015],[-77.41666913,23.75452447],[-77.41640365,23.75503945]],[[-77.42220426,26.68275654],[-77.42770255,26.67963576],[-77.42795467,26.67928314],[-77.42794228,26.67168152],[-77.42528141,26.67081988],[-77.42471635,26.67094195],[-77.42362392,26.67201984],[-77.42350507,26.67308426],[-77.42342126,26.67413461],[-77.42556942,26.67606425],[-77.42567158,26.67648423],[-77.42534876,26.67752934],[-77.42359221,26.67951894],[-77.42292821,26.67996192],[-77.42220294,26.68001795],[-77.42096364,26.67825115],[-77.41806602,26.67977548],[-77.4177767,26.68014812],[-77.41754341,26.68123341],[-77.41820276,26.68245578],[-77.41875565,26.68273103],[-77.42220426,26.68275654]],[[-77.43678951,26.62283063],[-77.42810142,26.61268115],[-77.42816031,26.61206496],[-77.42901051,26.61124766],[-77.43344951,26.61006105],[-77.43374944,26.60850394],[-77.43165243,26.6090039],[-77.43129837,26.60826206],[-77.43440044,26.60666156],[-77.43419516,26.60537398],[-77.42846787,26.60236716],[-77.42622912,26.60277987],[-77.42501378,26.60142553],[-77.42181373,26.60215366],[-77.41814721,26.60132301],[-77.41799557,26.60144353],[-77.42133605,26.60511768],[-77.42107928,26.61572266],[-77.41932094,26.61731005],[-77.42267203,26.62044811],[-77.4224683,26.62389326],[-77.42359686,26.62430143],[-77.42433143,26.62284672],[-77.42368412,26.61878824],[-77.42525268,26.61581814],[-77.4306035,26.61834645],[-77.43069375,26.62069964],[-77.43477976,26.62432432],[-77.43372166,26.6249454],[-77.43222022,26.6237061],[-77.43219328,26.62527025],[-77.43263817,26.62564862],[-77.43373466,26.62605238],[-77.43747056,26.62505531],[-77.43678951,26.62283063]],[[-77.41987038,23.76113153],[-77.41968727,23.76123977],[-77.42005491,23.76575994],[-77.42032516,23.76587677],[-77.42087352,23.76593685],[-77.42173958,23.76493597],[-77.41987038,23.76113153]],[[-77.42218387,26.65732205],[-77.42144036,26.65634203],[-77.42054594,26.65654552],[-77.4200387,26.65779221],[-77.41993082,26.65810192],[-77.42056441,26.65884173],[-77.42120516,26.65912354],[-77.42224562,26.65831888],[-77.42218387,26.65732205]],[[-77.42674124,26.86868417],[-77.42169714,26.865821],[-77.42867792,26.87386727],[-77.42889488,26.87394655],[-77.4292345,26.87233198],[-77.42674124,26.86868417]],[[-77.42792344,26.66130555],[-77.42708135,26.6612339],[-77.42571497,26.66254425],[-77.42446792,26.66160262],[-77.4230448,26.66208732],[-77.42298412,26.66475987],[-77.42718256,26.67030954],[-77.42819166,26.66832757],[-77.42818475,26.66441083],[-77.42792344,26.66130555]],[[-77.43537211,26.6525141],[-77.44314194,26.64610446],[-77.44414866,26.64178967],[-77.44413137,26.64109504],[-77.44335043,26.63825023],[-77.44322717,26.63799167],[-77.44173312,26.63766634],[-77.44058144,26.63508308],[-77.43876052,26.63455915],[-77.43772542,26.63572085],[-77.43938351,26.63855112],[-77.44029772,26.63969135],[-77.43988967,26.6399579],[-77.43570948,26.63876271],[-77.43590117,26.64482176],[-77.43524575,26.64611673],[-77.43491542,26.64646864],[-77.43136144,26.64887834],[-77.42699921,26.64917231],[-77.42661345,26.65043783],[-77.4265542,26.65175247],[-77.42729557,26.65331507],[-77.42789972,26.65380704],[-77.4300251,26.65460157],[-77.43504596,26.65269434],[-77.43537211,26.6525141]],[[-77.43633235,26.88208914],[-77.43015897,26.87504935],[-77.42987835,26.87676537],[-77.43021226,26.87726855],[-77.43225086,26.87985206],[-77.43537951,26.88241375],[-77.43633235,26.88208914]],[[-77.43273163,24.97514641],[-77.43274426,24.97552121],[-77.43586826,24.97524917],[-77.43441367,24.97410035],[-77.4336071,24.97425115],[-77.43273163,24.97514641]],[[-77.43580842,26.63406324],[-77.43792605,26.63438642],[-77.43843555,26.63256025],[-77.43873966,26.63240945],[-77.44197392,26.63237917],[-77.44200051,26.63215268],[-77.43948424,26.62628341],[-77.43796206,26.62542391],[-77.43769193,26.62538362],[-77.43545055,26.62686276],[-77.43530297,26.63292766],[-77.43580842,26.63406324]],[[-77.45224893,26.89256322],[-77.45191514,26.89018798],[-77.45203722,26.88982165],[-77.45342755,26.88890171],[-77.45046723,26.88975],[-77.44571173,26.88769364],[-77.44542408,26.8880012],[-77.44547033,26.8886193],[-77.44793642,26.88984275],[-77.45205915,26.8925333],[-77.45224893,26.89256322]],[[-77.46317875,26.89686883],[-77.45926297,26.89519763],[-77.45875216,26.89754975],[-77.45921135,26.89843798],[-77.46098018,26.89924634],[-77.46194792,26.89968586],[-77.46317542,26.89864194],[-77.4634695,26.89828825],[-77.46334767,26.89721894],[-77.46317875,26.89686883]],[[-77.46651542,26.90513384],[-77.46767128,26.90474165],[-77.46623802,26.90313911],[-77.46514642,26.90317786],[-77.46498716,26.90370393],[-77.46651542,26.90513384]],[[-77.48682916,26.91385746],[-77.48719704,26.91198933],[-77.48958552,26.91239762],[-77.48998725,26.91060996],[-77.48317206,26.90689254],[-77.47984386,26.906762],[-77.47938871,26.90626431],[-77.47859132,26.90379035],[-77.47855735,26.89453125],[-77.47843754,26.89453125],[-77.47838378,26.89374864],[-77.47670436,26.89270103],[-77.4695034,26.89041674],[-77.4691987,26.89052165],[-77.46858835,26.89328158],[-77.47249985,26.89453125],[-77.47292733,26.89453125],[-77.47335374,26.89484835],[-77.47589231,26.89766598],[-77.47784984,26.90151334],[-77.47784936,26.90204978],[-77.47677302,26.90515137],[-77.47422934,26.90501237],[-77.47308171,26.90665412],[-77.47130752,26.90632725],[-77.47143877,26.90803754],[-77.47550535,26.91044188],[-77.47838295,26.91030514],[-77.48075795,26.91130054],[-77.48149991,26.91198218],[-77.48334014,26.9134047],[-77.48366654,26.91545248],[-77.48682916,26.91385746]],[[-77.49863827,26.81165183],[-77.49887156,26.80877161],[-77.49689758,26.80679762],[-77.49918985,26.80376327],[-77.50256646,26.80613601],[-77.50061762,26.80789495],[-77.50200307,26.81022584],[-77.50506294,26.81018484],[-77.50711036,26.8081094],[-77.50941265,26.80850434],[-77.50936234,26.80429375],[-77.50763845,26.80200374],[-77.50078237,26.80030537],[-77.49912345,26.79854965],[-77.49603605,26.80378115],[-77.49516904,26.80178201],[-77.49199605,26.79980588],[-77.49189782,26.79903805],[-77.49240315,26.79798305],[-77.49601495,26.79646313],[-77.49460626,26.79523134],[-77.49086988,26.79470897],[-77.48843324,26.79496133],[-77.48994017,26.79746354],[-77.48919928,26.79850757],[-77.48387551,26.79635525],[-77.48081922,26.79668725],[-77.49117744,26.80390251],[-77.49247801,26.80542994],[-77.49545455,26.80608606],[-77.49560857,26.80622888],[-77.49772024,26.81194687],[-77.49839485,26.81226051],[-77.49863827,26.81165183]],[[-77.5007956,23.89761364],[-77.49992073,23.89811862],[-77.49645185,23.89860475],[-77.49203575,23.90087736],[-77.49160755,23.90090716],[-77.48767054,23.89819884],[-77.48513925,23.89960182],[-77.49014544,23.90264273],[-77.49106014,23.90288174],[-77.49469972,23.90142167],[-77.4997977,23.90132093],[-77.50183725,23.89920914],[-77.50183487,23.89875865],[-77.50109768,23.89762235],[-77.5007956,23.89761364]],[[-77.51271665,26.82388926],[-77.51240635,26.82173312],[-77.51100433,26.81932914],[-77.51137996,26.81713247],[-77.51124442,26.81688046],[-77.50934446,26.8146193],[-77.50892532,26.81431866],[-77.50578773,26.81581473],[-77.50496554,26.81553662],[-77.50470352,26.81538606],[-77.50513601,26.81259954],[-77.50469685,26.81255782],[-77.50085115,26.81349885],[-77.50041163,26.81404865],[-77.5004462,26.81522357],[-77.50608766,26.81960034],[-77.50752854,26.81928325],[-77.50969303,26.82171476],[-77.51087594,26.8243463],[-77.51089656,26.82464194],[-77.50876975,26.82626533],[-77.51153171,26.82705712],[-77.51260662,26.8255136],[-77.51271665,26.82388926]],[[-77.50708675,23.83080435],[-77.50798905,23.83471167],[-77.50868773,23.83524752],[-77.51049757,23.83558094],[-77.50444293,23.83855724],[-77.5035429,23.84613633],[-77.50402164,23.84708297],[-77.50425911,23.84714878],[-77.50547624,23.84588885],[-77.50994945,23.84528637],[-77.50995684,23.84196031],[-77.51342762,23.83454704],[-77.51255655,23.82662702],[-77.50946784,23.82717097],[-77.50708675,23.83080435]],[[-77.51888847,23.92260051],[-77.52145445,23.95109022],[-77.52410877,23.95605457],[-77.52526104,23.96288645],[-77.52429354,23.96700966],[-77.52804077,23.97309613],[-77.52835095,23.97996616],[-77.52691674,23.98890936],[-77.53430724,23.99283695],[-77.52982545,23.99197865],[-77.52434206,23.99505532],[-77.52402568,23.99858725],[-77.52618682,24.00219941],[-77.52655005,24.00604928],[-77.52521884,24.00790775],[-77.52212882,24.00887537],[-77.5257858,24.00955617],[-77.52803004,24.01305735],[-77.53243315,24.03304374],[-77.5406208,24.05865312],[-77.5448035,24.07685781],[-77.54547107,24.08203125],[-77.54521048,24.08203125],[-77.54528964,24.08627546],[-77.54797554,24.09394145],[-77.54790998,24.09842885],[-77.54621887,24.1010493],[-77.54677916,24.10359025],[-77.54881942,24.10481024],[-77.55135703,24.11131012],[-77.55528772,24.11593664],[-77.56040907,24.12822175],[-77.56810617,24.13462603],[-77.57266664,24.1452316],[-77.57514906,24.14753366],[-77.58134663,24.163118],[-77.58419454,24.17504084],[-77.58959246,24.18934596],[-77.59076083,24.19377792],[-77.5899235,24.20101726],[-77.59143734,24.20627344],[-77.59176743,24.20664811],[-77.59863234,24.21157408],[-77.59930456,24.21164441],[-77.60213625,24.21030855],[-77.60283911,24.21010363],[-77.60450792,24.20737314],[-77.60443962,24.20680392],[-77.60092771,24.2063632],[-77.60064304,24.20464838],[-77.60502064,24.20613372],[-77.60893786,24.20407426],[-77.60679054,24.20775068],[-77.60854185,24.2094022],[-77.61160505,24.20560276],[-77.61374354,24.20619714],[-77.61541545,24.20229554],[-77.62262845,24.19574916],[-77.62280691,24.19537854],[-77.62522626,24.18819642],[-77.62416244,24.18373108],[-77.62429035,24.18297064],[-77.6268748,24.17514992],[-77.62944067,24.17189908],[-77.63121033,24.16551352],[-77.63374054,24.16629195],[-77.63515162,24.16528785],[-77.63531756,24.15817487],[-77.63364768,24.15717316],[-77.63305211,24.15472627],[-77.63315296,24.15452564],[-77.63505411,24.15637934],[-77.6372807,24.14839804],[-77.63748205,24.14800894],[-77.64677143,24.13347805],[-77.65477693,24.12427235],[-77.66080308,24.11920512],[-77.66311562,24.11952591],[-77.66812074,24.11755705],[-77.67724347,24.11234963],[-77.67856717,24.10506225],[-77.67778826,24.10117507],[-77.68624127,24.08967423],[-77.68666077,24.08550274],[-77.68521595,24.0824573],[-77.68522406,24.08203125],[-77.68554676,24.08203125],[-77.68501186,24.07798314],[-77.68529046,24.07632601],[-77.68951404,24.06961501],[-77.68795741,24.06817865],[-77.68978095,24.06793416],[-77.69155085,24.06532133],[-77.69525695,24.06479847],[-77.6953125,24.06473207],[-77.6953125,24.06445312],[-77.69969344,24.05897236],[-77.70145977,24.04752541],[-77.70314574,24.04673648],[-77.70474195,24.04307735],[-77.69728124,24.03572535],[-77.70759535,24.04185271],[-77.70831823,24.03938425],[-77.71119463,24.03663623],[-77.71064782,24.03364074],[-77.71184897,24.03137076],[-77.71553826,24.02863503],[-77.72075415,24.02804101],[-77.72629643,24.02931094],[-77.73327982,24.02932382],[-77.73803747,24.03175426],[-77.74062216,24.02984834],[-77.74345613,24.02965558],[-77.74298894,24.03317905],[-77.74491036,24.03484452],[-77.75357294,24.03411806],[-77.75610447,24.03173125],[-77.76369631,24.03010392],[-77.76411617,24.02885008],[-77.76685917,24.02783406],[-77.76781166,24.01899874],[-77.76901495,24.01897395],[-77.76964211,24.02166772],[-77.77250934,24.02088654],[-77.77106631,24.02435315],[-77.77193022,24.02561522],[-77.77510595,24.02334118],[-77.78245425,24.02140605],[-77.78584135,24.01800072],[-77.78976595,24.01280415],[-77.79126251,24.00715744],[-77.79427755,24.00604248],[-77.79563713,24.00164127],[-77.79606497,23.99678755],[-77.79010534,23.99743795],[-77.78886497,23.99593914],[-77.79625165,23.9927144],[-77.80048764,23.99233377],[-77.79980302,23.98859322],[-77.79626846,23.99010515],[-77.79341483,23.98887956],[-77.79322815,23.99029303],[-77.79055095,23.98920071],[-77.79090631,23.98868787],[-77.79160285,23.98829114],[-77.79718327,23.98894954],[-77.79755664,23.98678565],[-77.79922712,23.98576236],[-77.79893017,23.98795187],[-77.80339193,23.98800206],[-77.80561352,23.98641992],[-77.8091104,23.98618293],[-77.80926216,23.99032915],[-77.81355023,23.99058151],[-77.81427062,23.99347401],[-77.81654191,23.99279952],[-77.81559753,23.99510753],[-77.81574655,23.99542153],[-77.81848526,23.99726546],[-77.81989217,23.99696875],[-77.82228017,23.99564135],[-77.82495594,23.99041581],[-77.82496858,23.9894762],[-77.82462728,23.98880041],[-77.82394397,23.98995531],[-77.82122111,23.98995817],[-77.81953526,23.98887885],[-77.82722557,23.98778641],[-77.83368075,23.98984861],[-77.83701336,23.98681414],[-77.84042931,23.98568892],[-77.84035504,23.98535562],[-77.83589125,23.97938275],[-77.82837057,23.97818863],[-77.82424867,23.97625434],[-77.82204103,23.97437096],[-77.82001722,23.96884978],[-77.8142482,23.96628344],[-77.81198156,23.96621597],[-77.81042051,23.97106826],[-77.81001163,23.97178125],[-77.80714023,23.97504556],[-77.80698025,23.97475171],[-77.80938125,23.97056115],[-77.80800188,23.96696925],[-77.80877602,23.96335113],[-77.81466413,23.95581746],[-77.81799245,23.95329165],[-77.81939054,23.94885325],[-77.81777644,23.94750047],[-77.82205093,23.9435209],[-77.82235205,23.94295228],[-77.82208848,23.94146252],[-77.82184541,23.94131601],[-77.81754148,23.9394685],[-77.81232214,23.93666995],[-77.8070749,23.93672288],[-77.80459464,23.9353832],[-77.8010509,23.93526566],[-77.7991786,23.93827987],[-77.79700685,23.93931258],[-77.79720581,23.94519341],[-77.79355001,23.95096338],[-77.78918636,23.95545495],[-77.78681564,23.95687544],[-77.78648913,23.95698774],[-77.78458571,23.95634377],[-77.7841953,23.95583606],[-77.78431714,23.95486367],[-77.78918397,23.95317936],[-77.78958571,23.95292115],[-77.79294765,23.94950724],[-77.79582024,23.94429445],[-77.79465461,23.93899107],[-77.79912424,23.93622625],[-77.80012751,23.93423367],[-77.80276966,23.93235183],[-77.80317426,23.93228006],[-77.80626225,23.93352771],[-77.80655944,23.93352473],[-77.81180453,23.93284214],[-77.81448233,23.93181014],[-77.81579614,23.93057871],[-77.81737065,23.92926586],[-77.81650913,23.92594945],[-77.82039285,23.92357087],[-77.82184267,23.92140591],[-77.82163048,23.92095613],[-77.81775928,23.91806364],[-77.81192696,23.91634393],[-77.81125081,23.91599941],[-77.80593336,23.91214395],[-77.79783547,23.91022766],[-77.79648972,23.91012681],[-77.79615927,23.91039515],[-77.79069924,23.91456807],[-77.78121746,23.91358233],[-77.77878261,23.91481054],[-77.77937985,23.91248286],[-77.77753377,23.91188896],[-77.76894605,23.91349101],[-77.77165234,23.91174603],[-77.76852405,23.90935075],[-77.77138305,23.91061282],[-77.77156794,23.91052067],[-77.77519906,23.90625],[-77.77519333,23.90582311],[-77.77691972,23.90421557],[-77.77757657,23.90409315],[-77.78434646,23.90625],[-77.78530467,23.90600586],[-77.79102135,23.90728366],[-77.79421055,23.90664446],[-77.79510486,23.90625],[-77.79593313,23.90625],[-77.79958665,23.90408134],[-77.80217516,23.90097988],[-77.80122757,23.89974141],[-77.80053127,23.89959657],[-77.79807901,23.90032816],[-77.79431891,23.89963353],[-77.7843585,23.90281463],[-77.77898824,23.90286934],[-77.77507865,23.90074253],[-77.76612997,23.90249026],[-77.77852297,23.89613664],[-77.78472912,23.89723003],[-77.79297781,23.8895148],[-77.79983628,23.89025927],[-77.79998195,23.89011872],[-77.80104756,23.88827801],[-77.80104005,23.88765204],[-77.80002725,23.88348114],[-77.80359662,23.88311052],[-77.80343831,23.88274026],[-77.80271387,23.88238907],[-77.79573131,23.8797971],[-77.79349685,23.88006091],[-77.79368246,23.88131416],[-77.79237211,23.8819139],[-77.78584552,23.88110721],[-77.77888215,23.88243854],[-77.774791,23.88150406],[-77.76594007,23.88226116],[-77.76349628,23.88153791],[-77.76345646,23.87892795],[-77.76109493,23.87699032],[-77.75926375,23.87247193],[-77.75523496,23.86805391],[-77.75183034,23.86727297],[-77.74880946,23.86461294],[-77.7463572,23.86617243],[-77.74260283,23.86242092],[-77.74253821,23.86053515],[-77.73851025,23.85438323],[-77.73270285,23.8530308],[-77.72594464,23.85618424],[-77.72386098,23.85953307],[-77.71971583,23.86113298],[-77.71802056,23.86487865],[-77.71261728,23.86476576],[-77.70946217,23.8633393],[-77.70591795,23.86600661],[-77.70313001,23.86268234],[-77.70250034,23.86247754],[-77.69974327,23.86304045],[-77.6953125,23.86104906],[-77.69394815,23.86020505],[-77.68298352,23.86036563],[-77.68241048,23.85948467],[-77.68227255,23.85891342],[-77.68306327,23.85694492],[-77.69440317,23.85526633],[-77.6953125,23.85546875],[-77.70370841,23.86027181],[-77.70685506,23.85876262],[-77.70920455,23.85901403],[-77.71116435,23.86244178],[-77.71272123,23.86025572],[-77.72204065,23.85820735],[-77.72721326,23.85335171],[-77.73506045,23.85164821],[-77.73823822,23.85348737],[-77.74390042,23.85445404],[-77.74777806,23.85834765],[-77.74991322,23.85789585],[-77.75044143,23.85633171],[-77.75207734,23.86094737],[-77.75633752,23.86025584],[-77.75585151,23.86183536],[-77.75774574,23.86271811],[-77.7589221,23.86564124],[-77.75314152,23.86424792],[-77.75249326,23.86545634],[-77.75923455,23.86841154],[-77.76436686,23.87773788],[-77.76978993,23.87909341],[-77.77137756,23.87829733],[-77.76931453,23.87588704],[-77.77226317,23.87663031],[-77.7775743,23.87474775],[-77.78449488,23.87470865],[-77.78799641,23.87204111],[-77.79238534,23.87326646],[-77.79343355,23.87326276],[-77.79613853,23.87194955],[-77.79679787,23.87203252],[-77.79740727,23.87280965],[-77.79620981,23.87376511],[-77.79622972,23.874264],[-77.79661357,23.87492025],[-77.79761183,23.87555075],[-77.80164742,23.877267],[-77.80259943,23.87733495],[-77.80487382,23.87651145],[-77.80638146,23.87496674],[-77.80655575,23.87442851],[-77.80566335,23.87234902],[-77.80618715,23.87119162],[-77.80651093,23.87081504],[-77.81022203,23.87028885],[-77.81226134,23.86797535],[-77.80694926,23.86539137],[-77.80627418,23.86069405],[-77.80389285,23.86092246],[-77.8034904,23.85452676],[-77.80315185,23.85411191],[-77.80193424,23.85397506],[-77.79862535,23.85663486],[-77.79363394,23.85656488],[-77.79384518,23.85476887],[-77.79287553,23.85441482],[-77.79230893,23.85440755],[-77.78794014,23.85698664],[-77.78775001,23.85697091],[-77.78729141,23.85585058],[-77.78749537,23.85558283],[-77.79124045,23.85325217],[-77.79220426,23.85302651],[-77.79664564,23.85455728],[-77.79893196,23.85392368],[-77.79940951,23.85337722],[-77.80010355,23.85030711],[-77.80023992,23.84718931],[-77.79092753,23.84770763],[-77.78840995,23.84505343],[-77.80156302,23.84492195],[-77.80467248,23.8461014],[-77.80522346,23.84563065],[-77.80530214,23.84522796],[-77.80398405,23.84169054],[-77.80325556,23.84033871],[-77.80176556,23.83919704],[-77.80035925,23.83912146],[-77.79822004,23.83900654],[-77.79677844,23.83757401],[-77.79271984,23.83972025],[-77.79242027,23.83967507],[-77.79092217,23.8376466],[-77.78858376,23.83922815],[-77.78632224,23.83823562],[-77.77931583,23.84047115],[-77.77689552,23.83913851],[-77.76002646,23.84225857],[-77.75369215,23.84102046],[-77.74486661,23.84171951],[-77.74154472,23.84102845],[-77.73234332,23.84474134],[-77.73101485,23.84757864],[-77.72598743,23.84796751],[-77.72296905,23.85146236],[-77.72040987,23.85106504],[-77.71222353,23.85341811],[-77.70759392,23.8516283],[-77.69994247,23.85344017],[-77.6953125,23.85295761],[-77.6953125,23.85239947],[-77.69426894,23.85208726],[-77.69413388,23.85193098],[-77.69454813,23.85097766],[-77.6953125,23.85100436],[-77.70221424,23.84859455],[-77.70285881,23.84722614],[-77.70254326,23.84608805],[-77.70223141,23.84588683],[-77.6953125,23.84402895],[-77.69255984,23.84290814],[-77.69164824,23.84297586],[-77.69114065,23.84345555],[-77.69027102,23.84970737],[-77.68430912,23.84912717],[-77.68260264,23.84983444],[-77.67532396,23.84854984],[-77.66373467,23.852319],[-77.66342068,23.85250854],[-77.66088951,23.85450435],[-77.65989888,23.85840344],[-77.65518618,23.86230564],[-77.65340114,23.86626196],[-77.64763153,23.87266004],[-77.64499903,23.87410235],[-77.644454,23.87355876],[-77.64780283,23.8695147],[-77.6527158,23.86505282],[-77.65332305,23.86053085],[-77.65591598,23.85930645],[-77.66008484,23.85303795],[-77.66582835,23.85013974],[-77.6685605,23.84597075],[-77.67121112,23.84544563],[-77.67738295,23.84783948],[-77.68321896,23.84723377],[-77.68430364,23.8464148],[-77.68638217,23.84068024],[-77.69170427,23.83818817],[-77.69329548,23.83662498],[-77.69339645,23.83611274],[-77.6921947,23.83323097],[-77.68935967,23.83039796],[-77.67242098,23.8255887],[-77.6644454,23.81880164],[-77.66100133,23.81961596],[-77.65365136,23.81746638],[-77.65100884,23.81387413],[-77.65117645,23.80539036],[-77.64812756,23.80244887],[-77.64472115,23.80139232],[-77.64398706,23.80341005],[-77.64118481,23.80415893],[-77.63264406,23.8105185],[-77.62679684,23.81296253],[-77.62106001,23.81203735],[-77.61310208,23.81275272],[-77.61070156,23.81896067],[-77.60467911,23.82143962],[-77.60289204,23.82653844],[-77.60468614,23.82849407],[-77.59955525,23.82944977],[-77.59575295,23.82811666],[-77.59154117,23.83064365],[-77.59002376,23.83381867],[-77.58513773,23.83364844],[-77.58246577,23.84079444],[-77.57776225,23.84232831],[-77.57264233,23.8378607],[-77.57191694,23.83330095],[-77.56629455,23.82746983],[-77.56625223,23.82948101],[-77.56896842,23.83471572],[-77.56611121,23.83524251],[-77.56380951,23.83301008],[-77.56094372,23.83308637],[-77.56072903,23.83276284],[-77.5609622,23.83139944],[-77.56461596,23.82745886],[-77.56335497,23.82555366],[-77.56453764,23.82240581],[-77.56340671,23.82152486],[-77.56501496,23.81844771],[-77.55947447,23.81473207],[-77.55335331,23.81401646],[-77.54490507,23.80913591],[-77.54172802,23.80461836],[-77.53745973,23.79463744],[-77.53664601,23.79402411],[-77.53476691,23.79310071],[-77.53264236,23.79380584],[-77.53099763,23.79527402],[-77.53003514,23.79819036],[-77.52695966,23.80894852],[-77.52392554,23.81299293],[-77.52415776,23.81643784],[-77.52143598,23.82096255],[-77.52037036,23.82585442],[-77.52117658,23.82694352],[-77.51878095,23.82886994],[-77.51932275,23.83395696],[-77.51638258,23.83850563],[-77.51367605,23.84650981],[-77.51176763,23.84836495],[-77.51168275,23.85338068],[-77.5140959,23.86133575],[-77.51379621,23.87933874],[-77.51296592,23.88292861],[-77.51025176,23.88549805],[-77.5088768,23.88870513],[-77.50785744,23.89393365],[-77.50415552,23.89807534],[-77.50903213,23.90482688],[-77.50931656,23.90625],[-77.50946045,23.90625],[-77.51067543,23.91099834],[-77.51430094,23.91285026],[-77.51644707,23.91501904],[-77.51732194,23.9172101],[-77.51888847,23.92260051]],[[-77.54321074,26.862167],[-77.54195464,26.85841262],[-77.54273117,26.85518086],[-77.54194391,26.85336375],[-77.54113936,26.85223341],[-77.54081833,26.85184514],[-77.53331184,26.85017943],[-77.53349614,26.84717011],[-77.53184652,26.84393287],[-77.52054596,26.83608735],[-77.51687574,26.83863783],[-77.51688981,26.83573627],[-77.51916277,26.83402741],[-77.5193454,26.83300877],[-77.5189563,26.83217275],[-77.51660383,26.83135343],[-77.51475143,26.83362973],[-77.51182711,26.83748853],[-77.51522315,26.84119892],[-77.51453567,26.84343886],[-77.51736164,26.84209895],[-77.51527536,26.84420025],[-77.5171324,26.844437],[-77.5184499,26.84332132],[-77.51812184,26.84061122],[-77.51961565,26.83959091],[-77.52114677,26.84004438],[-77.52696896,26.84554851],[-77.52701831,26.84817481],[-77.5296936,26.85236347],[-77.53119743,26.84866714],[-77.53367221,26.85729945],[-77.53365827,26.85860085],[-77.53259254,26.8587079],[-77.52831244,26.85357571],[-77.5252043,26.85593486],[-77.52275801,26.85528171],[-77.52083313,26.85602307],[-77.51944053,26.86057174],[-77.52128565,26.8602823],[-77.52251017,26.85734272],[-77.52747595,26.85842895],[-77.53209245,26.86218023],[-77.53422236,26.86174512],[-77.53435957,26.86337674],[-77.53247154,26.86422861],[-77.53585768,26.8683325],[-77.53944051,26.86804736],[-77.53962505,26.86824822],[-77.53943741,26.86963856],[-77.54080248,26.87006605],[-77.54177165,26.86958301],[-77.54338348,26.86725736],[-77.54279113,26.86624455],[-77.54259014,26.86608088],[-77.54130375,26.86716068],[-77.53935635,26.86639547],[-77.54321074,26.862167]],[[-77.51749992,26.93293071],[-77.51648366,26.93246377],[-77.51613045,26.93261075],[-77.51656723,26.93523133],[-77.51693916,26.93597937],[-77.52053213,26.94116855],[-77.52077317,26.94137895],[-77.52166736,26.94073796],[-77.52165723,26.94045424],[-77.52061951,26.93873847],[-77.52171075,26.9382565],[-77.52430916,26.94096196],[-77.5244292,26.94121206],[-77.52314544,26.94328785],[-77.52341235,26.94345558],[-77.52487075,26.94387674],[-77.52521563,26.94382584],[-77.52574134,26.94257796],[-77.52887285,26.94271064],[-77.52970552,26.94300771],[-77.53556323,26.94708192],[-77.54033291,26.94841123],[-77.54179156,26.95060265],[-77.55147255,26.95651007],[-77.55088174,26.95470154],[-77.55228603,26.95388675],[-77.55005753,26.95195103],[-77.54311848,26.94755185],[-77.53564584,26.94525647],[-77.52486324,26.93793643],[-77.51956797,26.9379251],[-77.51749992,26.93293071]],[[-77.53065515,26.07542384],[-77.52940392,26.07812536],[-77.52166724,26.08419096],[-77.52174997,26.0910604],[-77.52745271,26.10187745],[-77.53028727,26.10841441],[-77.53079498,26.10862231],[-77.53554392,26.10477304],[-77.53775763,26.10182595],[-77.53912878,26.10375965],[-77.53945613,26.0985105],[-77.54194665,26.09502018],[-77.54506385,26.09351051],[-77.54681945,26.09422743],[-77.54267597,26.08545673],[-77.54150617,26.08546603],[-77.54262924,26.08816278],[-77.53984344,26.08739054],[-77.53861225,26.08490396],[-77.53388453,26.08103096],[-77.53065515,26.07542384]],[[-77.52761614,26.86891174],[-77.52631402,26.86724901],[-77.52585995,26.86745977],[-77.52491593,26.86899185],[-77.52484524,26.86928284],[-77.52639318,26.87229514],[-77.527704,26.86933875],[-77.52761614,26.86891174]],[[-77.52982044,24.08646226],[-77.53004074,24.08653617],[-77.5303303,24.08471572],[-77.52958286,24.08318842],[-77.52909064,24.08331025],[-77.52856445,24.08435905],[-77.52982044,24.08646226]],[[-77.52944756,23.79348457],[-77.52983856,23.79376388],[-77.53091955,23.79365945],[-77.53208661,23.79157925],[-77.53330302,23.7907989],[-77.53478813,23.79083931],[-77.54140091,23.7991302],[-77.55249751,23.80422056],[-77.55426705,23.80765414],[-77.56976044,23.81764853],[-77.57448065,23.82350135],[-77.57538414,23.82489824],[-77.57547545,23.82589924],[-77.57354355,23.83280134],[-77.57368255,23.83317304],[-77.57768631,23.83758235],[-77.57879496,23.83801568],[-77.57950997,23.83801734],[-77.58153594,23.83661652],[-77.58504534,23.83046472],[-77.58879244,23.82858133],[-77.58831561,23.82376945],[-77.59134912,23.8237617],[-77.59436667,23.82570005],[-77.59609962,23.82470524],[-77.59786022,23.82069755],[-77.60429847,23.81860876],[-77.60631466,23.81682587],[-77.60526204,23.81532347],[-77.59993362,23.81720138],[-77.59758496,23.81662524],[-77.60006166,23.81626356],[-77.60066962,23.81478894],[-77.59742045,23.81174982],[-77.59748244,23.81027246],[-77.60113084,23.81268597],[-77.59848917,23.81017184],[-77.59888971,23.80840075],[-77.60195613,23.80965436],[-77.60438812,23.80938101],[-77.60565007,23.80897903],[-77.606287,23.80609298],[-77.60892272,23.80924118],[-77.60671878,23.81007743],[-77.60612965,23.81246793],[-77.60861385,23.81319225],[-77.61082757,23.81125665],[-77.61102593,23.80647397],[-77.61658585,23.8035295],[-77.61952305,23.80828476],[-77.62785184,23.80933416],[-77.63114023,23.80868673],[-77.63139296,23.80855823],[-77.63208473,23.80562317],[-77.63443196,23.80429995],[-77.63841701,23.79922044],[-77.64239657,23.79649282],[-77.64268541,23.79638481],[-77.64492202,23.79684508],[-77.64707422,23.79614413],[-77.64776397,23.79566813],[-77.64911056,23.79284465],[-77.64819717,23.79076064],[-77.65494585,23.78813446],[-77.65616167,23.78470421],[-77.65295923,23.78577864],[-77.65144265,23.78473282],[-77.65434134,23.78190815],[-77.65401745,23.77873731],[-77.65624535,23.77832782],[-77.65774965,23.78131425],[-77.65798175,23.77682996],[-77.66390383,23.77623272],[-77.66070771,23.77344906],[-77.65798426,23.77323997],[-77.65536165,23.77107334],[-77.65642524,23.76199341],[-77.65524387,23.75909925],[-77.65558004,23.75185931],[-77.65457475,23.74921191],[-77.64883912,23.74684775],[-77.64516163,23.74709976],[-77.63902092,23.74434483],[-77.63803542,23.74522936],[-77.63813961,23.74549174],[-77.64101636,23.74806285],[-77.64132476,23.74949777],[-77.6412611,23.75048125],[-77.64081323,23.75103474],[-77.63942301,23.75098395],[-77.63839495,23.75041187],[-77.63637567,23.74614596],[-77.63185644,23.74437106],[-77.62918937,23.74204075],[-77.62842834,23.73688662],[-77.62571633,23.73396134],[-77.62545621,23.73248935],[-77.62701225,23.73046875],[-77.62743497,23.73046875],[-77.62699234,23.72775185],[-77.62934065,23.72389972],[-77.62988305,23.72039104],[-77.62687182,23.71748066],[-77.6286,23.71605766],[-77.62739646,23.71245265],[-77.62382865,23.70966721],[-77.62322605,23.70872033],[-77.62126601,23.70846605],[-77.62082624,23.70866501],[-77.62086582,23.71006572],[-77.61774385,23.71054268],[-77.61559963,23.71268332],[-77.61084783,23.71205378],[-77.60960066,23.71271527],[-77.60953236,23.71301353],[-77.61180925,23.72009611],[-77.61728323,23.72359705],[-77.62070835,23.72893596],[-77.62073863,23.73046875],[-77.62060916,23.73046875],[-77.62060916,23.73060822],[-77.62036526,23.73073852],[-77.62018228,23.73071992],[-77.62006044,23.73064542],[-77.61999941,23.73046875],[-77.61631954,23.72577655],[-77.61414087,23.72771072],[-77.61556411,23.73046875],[-77.61142635,23.72972381],[-77.60890341,23.72731221],[-77.60855305,23.7255969],[-77.61032522,23.72618544],[-77.61096025,23.72538805],[-77.61025286,23.72299802],[-77.60696471,23.71959197],[-77.60818195,23.71763122],[-77.60774052,23.71484268],[-77.60752738,23.71443534],[-77.60648215,23.71405065],[-77.6059159,23.71417272],[-77.60273266,23.71590996],[-77.59974813,23.71534741],[-77.60204732,23.71929634],[-77.60514855,23.72047055],[-77.60349095,23.72323835],[-77.6037724,23.72391295],[-77.60762024,23.72764516],[-77.60825884,23.73046875],[-77.60959303,23.73088217],[-77.61040926,23.73201907],[-77.61022842,23.73384237],[-77.60791111,23.73423314],[-77.60677564,23.73584867],[-77.60131991,23.73479736],[-77.60066032,23.73435664],[-77.60087228,23.73218215],[-77.60308444,23.73046875],[-77.60183442,23.72839212],[-77.59995568,23.72844446],[-77.59901094,23.72613394],[-77.59890246,23.72577214],[-77.60061347,23.72300851],[-77.60017431,23.71992254],[-77.59922016,23.71940315],[-77.59869003,23.71919274],[-77.59522271,23.72004223],[-77.58920157,23.71979356],[-77.58629572,23.71882117],[-77.58433378,23.71969175],[-77.58175492,23.71827245],[-77.57773411,23.71866023],[-77.57574022,23.71922565],[-77.56952322,23.72379172],[-77.56141233,23.73027396],[-77.56138384,23.73046875],[-77.56145644,23.73046875],[-77.55022621,23.74535525],[-77.54106736,23.7665683],[-77.53385556,23.77932715],[-77.52930474,23.79168057],[-77.52944756,23.79348457]],[[-77.57741547,26.25485373],[-77.57430816,26.25613391],[-77.57409072,26.25633633],[-77.57157695,26.25939512],[-77.57161427,26.26237273],[-77.56909478,26.26585376],[-77.56794155,26.25671828],[-77.56634092,26.25509465],[-77.56396747,26.25524116],[-77.56436837,26.26673675],[-77.56051433,26.2775495],[-77.55920243,26.2784239],[-77.55811727,26.27778912],[-77.55732715,26.27384663],[-77.55938172,26.27402306],[-77.56007338,26.27255118],[-77.55820954,26.27122581],[-77.55497015,26.27271342],[-77.55035448,26.28113282],[-77.54596305,26.28223896],[-77.54391217,26.28457058],[-77.54063165,26.28571475],[-77.53612876,26.29936266],[-77.53400612,26.30159044],[-77.53757215,26.30837774],[-77.54342484,26.31518507],[-77.55196071,26.31905258],[-77.55241024,26.31931674],[-77.55500507,26.32252908],[-77.56588423,26.32794786],[-77.56882751,26.33183324],[-77.56988692,26.33239043],[-77.57234144,26.33317685],[-77.57336175,26.33227825],[-77.57638967,26.33269596],[-77.57670498,26.33257806],[-77.58184516,26.32851267],[-77.58207393,26.32798064],[-77.57938075,26.32486534],[-77.57912397,26.32407832],[-77.58086765,26.32152987],[-77.57665336,26.31067073],[-77.57507443,26.30790043],[-77.57153153,26.30284417],[-77.56903887,26.30067825],[-77.56555665,26.30030775],[-77.56293964,26.29831946],[-77.56264651,26.29395747],[-77.56372476,26.29229724],[-77.56202972,26.28655386],[-77.56794155,26.27354205],[-77.56987536,26.26628613],[-77.57056332,26.26709986],[-77.57264256,26.26567221],[-77.57315207,26.26878011],[-77.57664466,26.27001584],[-77.58202934,26.26847506],[-77.57815504,26.26573074],[-77.57641351,26.26157403],[-77.57939446,26.25660002],[-77.58188605,26.25577712],[-77.58177686,26.25505662],[-77.57954001,26.25403166],[-77.57741547,26.25485373]],[[-77.53657961,26.11539614],[-77.53752315,26.11313295],[-77.53636253,26.11329198],[-77.53472733,26.11411595],[-77.53443325,26.11441362],[-77.53477275,26.11534107],[-77.53657961,26.11539614]],[[-77.53577375,26.08166277],[-77.53609943,26.08181965],[-77.53827715,26.07864356],[-77.53843677,26.07816994],[-77.53749466,26.07715857],[-77.53705645,26.07716107],[-77.53577375,26.08166277]],[[-77.53758454,24.09890604],[-77.53744042,24.1011281],[-77.53835607,24.10195243],[-77.53914964,24.10220897],[-77.53965425,24.10118997],[-77.53927934,24.09994042],[-77.53758454,24.09890604]],[[-77.53918672,24.10819602],[-77.53952372,24.10832608],[-77.54116416,24.10572624],[-77.54110181,24.1051352],[-77.53986287,24.10364628],[-77.53929794,24.10359144],[-77.53893352,24.10394526],[-77.53918672,24.10819602]],[[-77.54016554,26.08172727],[-77.54173291,26.08456814],[-77.54191744,26.08448195],[-77.54084694,26.07983875],[-77.54030025,26.07986414],[-77.53987443,26.08027184],[-77.53976667,26.08083606],[-77.54016554,26.08172727]],[[-77.54417944,23.80049086],[-77.54275513,23.80044794],[-77.54724467,23.80821061],[-77.55004215,23.80980158],[-77.55213201,23.80984104],[-77.55455828,23.81171],[-77.55583727,23.81094551],[-77.55592453,23.81058657],[-77.54417944,23.80049086]],[[-77.55097544,26.23400474],[-77.55119991,26.23427045],[-77.55398345,26.23066854],[-77.56041575,26.22951865],[-77.56092155,26.22910762],[-77.56102073,26.22857404],[-77.55930448,26.22634494],[-77.55805683,26.2254827],[-77.55347514,26.22280884],[-77.55255485,26.22274411],[-77.54813242,26.22479486],[-77.54819715,26.22764766],[-77.54969525,26.22999573],[-77.55097544,26.23400474]],[[-77.55839241,26.23510563],[-77.55494297,26.23386657],[-77.55428934,26.23400784],[-77.55334318,26.23504686],[-77.55485082,26.23782551],[-77.55549371,26.23804307],[-77.55784225,26.23704731],[-77.55853355,26.23556256],[-77.55839241,26.23510563]],[[-77.55565286,26.95597768],[-77.55498695,26.95569634],[-77.55370545,26.95604277],[-77.55370295,26.95665598],[-77.55499423,26.95802104],[-77.55532706,26.958202],[-77.55610967,26.95770013],[-77.55636704,26.95717776],[-77.55565286,26.95597768]],[[-77.55436492,26.11293674],[-77.55454886,26.11347437],[-77.55496275,26.11415195],[-77.55528915,26.11472785],[-77.55549705,26.11511338],[-77.55561364,26.11536574],[-77.55571187,26.11554921],[-77.55625296,26.11517894],[-77.55603135,26.11471891],[-77.55570924,26.11412287],[-77.55533147,26.11342943],[-77.55486345,26.11288595],[-77.55449295,26.11271894],[-77.55436492,26.11293674]],[[-77.55965388,26.23968375],[-77.55819583,26.23882735],[-77.55755615,26.238994],[-77.55701625,26.24051046],[-77.5571233,26.24116814],[-77.55823958,26.24167526],[-77.55965388,26.23968375]],[[-77.56298447,26.24275935],[-77.56110036,26.24168146],[-77.56021798,26.24177992],[-77.55937672,26.24266934],[-77.55924737,26.24351263],[-77.55982566,26.24654222],[-77.56015694,26.24666405],[-77.56430948,26.24571538],[-77.56461144,26.2453407],[-77.56298447,26.24275935]],[[-77.56181848,26.24848461],[-77.56148255,26.24861121],[-77.56253636,26.25007892],[-77.56440783,26.24953282],[-77.56181848,26.24848461]],[[-77.56992352,26.23355865],[-77.56790113,26.23487103],[-77.56547844,26.23898923],[-77.56683052,26.24268174],[-77.56612194,26.24412894],[-77.56982601,26.24528635],[-77.57168198,26.24263966],[-77.57510746,26.24149966],[-77.57559311,26.24117768],[-77.58175278,26.23621035],[-77.58268595,26.23145366],[-77.57650948,26.23321545],[-77.56992352,26.23355865]],[[-77.56662834,25.02163541],[-77.56779444,25.02208316],[-77.56929815,25.02154005],[-77.57305825,25.02130318],[-77.57120144,25.02014875],[-77.56890416,25.02018583],[-77.56678772,25.02134872],[-77.56662834,25.02163541]],[[-77.58538663,22.38037384],[-77.58618712,22.38072264],[-77.58705795,22.37995827],[-77.5871259,22.37939573],[-77.58724928,22.37837422],[-77.58689702,22.37792623],[-77.58575678,22.37811995],[-77.58537589,22.37852339],[-77.58481896,22.37911332],[-77.58485246,22.37980914],[-77.58538663,22.38037384]],[[-77.59960568,26.92395997],[-77.58991218,26.92057466],[-77.58969295,26.92092824],[-77.59128594,26.92268372],[-77.60445046,26.92738378],[-77.60498941,26.92720044],[-77.60449398,26.92616963],[-77.60416365,26.92595887],[-77.59960568,26.92395997]],[[-77.59510291,26.90966904],[-77.59473312,26.90855277],[-77.59416175,26.90831232],[-77.5901643,26.90912795],[-77.5930382,26.90980625],[-77.59404576,26.91049302],[-77.59495854,26.91013467],[-77.59510291,26.90966904]],[[-77.59898782,26.95074534],[-77.59849095,26.94895947],[-77.59829211,26.94883728],[-77.59176564,26.94967985],[-77.59587073,26.95053351],[-77.59866524,26.95092428],[-77.59898782,26.95074534]],[[-77.60934114,26.90442705],[-77.61277664,26.90268993],[-77.61577201,26.9027971],[-77.61366236,26.90187967],[-77.60390866,26.90470517],[-77.60265207,26.90379345],[-77.60799015,26.901214],[-77.60178745,26.90126264],[-77.59582496,26.9047507],[-77.60070705,26.90379202],[-77.60164166,26.90550494],[-77.60318124,26.90534675],[-77.60934114,26.90442705]],[[-77.59817755,26.90896988],[-77.59850657,26.90906668],[-77.60027623,26.90796995],[-77.60404515,26.9087224],[-77.60637856,26.90670133],[-77.59995615,26.90694416],[-77.59824431,26.90802908],[-77.59746075,26.90839255],[-77.59743083,26.90857124],[-77.59817755,26.90896988]],[[-77.60372424,26.95151293],[-77.60024798,26.94945562],[-77.59913588,26.94948661],[-77.5990169,26.94968033],[-77.5995208,26.95079172],[-77.60143626,26.95109355],[-77.60372424,26.95151293]],[[-77.60463882,24.22061563],[-77.60224056,24.2173295],[-77.60038626,24.21754694],[-77.60005915,24.21766102],[-77.59953272,24.2189579],[-77.59978425,24.21954453],[-77.60080278,24.22114074],[-77.60304177,24.2233057],[-77.60313416,24.22350025],[-77.60583925,24.22149825],[-77.60660934,24.22008026],[-77.60648262,24.21973085],[-77.60572827,24.21931481],[-77.60548782,24.21945822],[-77.6049118,24.22072065],[-77.60463882,24.22061563]],[[-77.60636163,26.91134357],[-77.60129893,26.90960836],[-77.59996462,26.90951633],[-77.59991062,26.90980065],[-77.60636163,26.91134357]],[[-77.60159326,23.70142996],[-77.60176384,23.70240438],[-77.60232627,23.70316315],[-77.60312033,23.70360351],[-77.60427833,23.70269895],[-77.60429072,23.70218205],[-77.60301375,23.70019686],[-77.60270143,23.70004451],[-77.6019001,23.70023894],[-77.60159326,23.70142996]],[[-77.6042819,26.94934666],[-77.60382414,26.95011902],[-77.60456288,26.95048034],[-77.60902476,26.95131636],[-77.60815632,26.95015645],[-77.60505986,26.94927394],[-77.6042819,26.94934666]],[[-77.60892737,23.68651843],[-77.60979712,23.68771422],[-77.61135685,23.68573713],[-77.61123824,23.68481922],[-77.61055422,23.68486881],[-77.60892737,23.68651843]],[[-77.62240767,26.9708873],[-77.61749995,26.96791995],[-77.61476851,26.96760011],[-77.61007845,26.96486425],[-77.61264014,26.96760702],[-77.61349177,26.96803713],[-77.62211215,26.97202861],[-77.62302375,26.97195947],[-77.62240767,26.9708873]],[[-77.61355615,23.68346846],[-77.61221123,23.68168104],[-77.61236787,23.68142676],[-77.61449873,23.68162632],[-77.61709607,23.67921448],[-77.61747456,23.67789876],[-77.61658943,23.67660666],[-77.61499631,23.67619336],[-77.61206412,23.68128276],[-77.61129832,23.68079841],[-77.61105597,23.68091965],[-77.61073577,23.68179941],[-77.61077964,23.6840651],[-77.61355615,23.68346846]],[[-77.62343526,23.69575286],[-77.62246013,23.69289911],[-77.61957455,23.69041097],[-77.61971676,23.68881857],[-77.61928606,23.68839276],[-77.6181041,23.68855441],[-77.61717987,23.6898663],[-77.61591744,23.69070005],[-77.61589515,23.69105744],[-77.61796248,23.69182134],[-77.61765981,23.69254351],[-77.61509931,23.69442725],[-77.62028861,23.69635653],[-77.62343526,23.69575286]],[[-77.61747766,26.94856334],[-77.61969352,26.94925165],[-77.62004054,26.94794381],[-77.6199491,26.9477123],[-77.61802757,26.94746268],[-77.61747766,26.94856334]],[[-77.62069631,26.90183628],[-77.61983955,26.90235353],[-77.62000585,26.90257573],[-77.62179565,26.90292907],[-77.62864041,26.90101314],[-77.62754655,26.90054643],[-77.62069631,26.90183628]],[[-77.62106931,24.23007143],[-77.62112534,24.23058712],[-77.62297344,24.22888505],[-77.62275732,24.22645211],[-77.62207055,24.22657967],[-77.62106931,24.23007143]],[[-77.77700543,24.02458346],[-77.77404058,24.02976894],[-77.76915038,24.03196776],[-77.76801085,24.03493571],[-77.76837635,24.03621006],[-77.77114141,24.03572285],[-77.77428472,24.03906381],[-77.77604401,24.03942955],[-77.78375733,24.03227961],[-77.7862879,24.02472794],[-77.78911555,24.02147901],[-77.79234135,24.01992464],[-77.79328597,24.01780784],[-77.79681575,24.01538277],[-77.79876566,24.01594567],[-77.79923582,24.01663935],[-77.79630697,24.01964915],[-77.79504657,24.01960051],[-77.79498684,24.02064025],[-77.79739368,24.02232134],[-77.80243194,24.02211976],[-77.80544817,24.02019894],[-77.80608451,24.01464355],[-77.80710006,24.01398706],[-77.80851221,24.01509571],[-77.80730653,24.02186751],[-77.79962695,24.02374327],[-77.79618323,24.0223999],[-77.79201496,24.02433038],[-77.78832424,24.03163064],[-77.79098344,24.03370023],[-77.79281604,24.03295195],[-77.79416883,24.03512287],[-77.79795182,24.03627872],[-77.79930925,24.03785861],[-77.80448866,24.03828204],[-77.80687273,24.0407356],[-77.80919552,24.03938794],[-77.81114018,24.04124737],[-77.80996251,24.04160082],[-77.80897725,24.04025602],[-77.80722225,24.04229975],[-77.80167651,24.04447365],[-77.79894423,24.04936361],[-77.79474056,24.04777324],[-77.79221463,24.04929841],[-77.78967905,24.04960215],[-77.78861046,24.04859233],[-77.78632605,24.04933035],[-77.78430784,24.04691064],[-77.77148652,24.0436728],[-77.76605535,24.04417443],[-77.76112127,24.04798055],[-77.76123834,24.04977941],[-77.76464641,24.05217934],[-77.76735091,24.05217278],[-77.76770425,24.05060697],[-77.77140534,24.04973722],[-77.77752137,24.05164742],[-77.7802999,24.05452335],[-77.78105962,24.05277944],[-77.78464615,24.05354726],[-77.78571475,24.05513155],[-77.78983176,24.05695164],[-77.79525006,24.06635702],[-77.79275572,24.06612945],[-77.78928554,24.06017435],[-77.78497565,24.05585802],[-77.78107464,24.05499637],[-77.77712297,24.05557513],[-77.78068101,24.06093216],[-77.78033996,24.06187367],[-77.778705,24.06164682],[-77.77756155,24.05967605],[-77.77272201,24.05977905],[-77.76969933,24.06272984],[-77.76661134,24.05930614],[-77.77236092,24.05629885],[-77.77555263,24.05619371],[-77.77583575,24.05443382],[-77.76987267,24.05252814],[-77.75987566,24.05334604],[-77.75836122,24.05156541],[-77.75670695,24.05167973],[-77.74519336,24.04594851],[-77.73737812,24.04647744],[-77.73510444,24.04510164],[-77.73290122,24.04087424],[-77.73277128,24.0405972],[-77.73361242,24.03685915],[-77.73291194,24.03657985],[-77.73252797,24.03677666],[-77.73168385,24.03671253],[-77.73092544,24.03718472],[-77.7322005,24.03886926],[-77.73149586,24.03930891],[-77.72659624,24.03829825],[-77.72235894,24.03886747],[-77.72355926,24.04290044],[-77.72047925,24.04504275],[-77.71654487,24.04433346],[-77.71357417,24.04968584],[-77.71335733,24.05013454],[-77.70931947,24.06487322],[-77.71188891,24.06992102],[-77.71201706,24.07145548],[-77.7118901,24.07223082],[-77.70950651,24.08022904],[-77.70894372,24.08108366],[-77.70782471,24.08203125],[-77.70754075,24.08203125],[-77.70676982,24.08354473],[-77.70713913,24.09035253],[-77.70702183,24.09105301],[-77.70452476,24.09393513],[-77.70375538,24.10615325],[-77.70360625,24.10665715],[-77.69546533,24.11774552],[-77.6953125,24.11774552],[-77.69512904,24.11853611],[-77.6953125,24.11858261],[-77.69811833,24.12073004],[-77.70179367,24.12067723],[-77.70369816,24.11957026],[-77.70912886,24.12030387],[-77.71207285,24.12179554],[-77.7080878,24.12379873],[-77.71203208,24.12468958],[-77.71528983,24.11924458],[-77.72212005,24.11500871],[-77.73577166,24.11710012],[-77.74029374,24.11639488],[-77.74039853,24.11747265],[-77.74781156,24.11871207],[-77.74754262,24.1203866],[-77.74533331,24.11980295],[-77.74391603,24.12086058],[-77.74683225,24.12431264],[-77.74900734,24.12475705],[-77.74923456,24.12272966],[-77.75071442,24.12255335],[-77.75033498,24.12590086],[-77.7566154,24.12601864],[-77.76099563,24.13023615],[-77.75687134,24.13086081],[-77.75490642,24.12921512],[-77.75371945,24.13084114],[-77.75018525,24.1294533],[-77.75053334,24.13083351],[-77.76592851,24.13840532],[-77.76871157,24.1418153],[-77.7717005,24.14329863],[-77.77982736,24.14284813],[-77.78313112,24.14463246],[-77.79054785,24.14539766],[-77.79730833,24.14391208],[-77.80450761,24.13899457],[-77.81283557,24.13830078],[-77.81412506,24.14199126],[-77.81955862,24.14611435],[-77.81439745,24.14515293],[-77.80911601,24.14302015],[-77.80831635,24.14174211],[-77.79515612,24.14767182],[-77.78379357,24.14751363],[-77.76941431,24.14382827],[-77.76481497,24.14191115],[-77.75668168,24.13596451],[-77.75240552,24.13525701],[-77.75194454,24.1352638],[-77.74572575,24.13852882],[-77.74771202,24.14419496],[-77.74254978,24.13950276],[-77.7406944,24.13908327],[-77.73588407,24.14169514],[-77.73020852,24.14134121],[-77.72853851,24.14205003],[-77.7271384,24.14345837],[-77.72380137,24.15209508],[-77.72351551,24.15302145],[-77.72329438,24.15688205],[-77.71957135,24.16058075],[-77.71852851,24.16485071],[-77.72175956,24.16462827],[-77.72265565,24.16353774],[-77.72046876,24.16261888],[-77.72439992,24.16076815],[-77.73872185,24.16612697],[-77.74331415,24.1647495],[-77.75498641,24.15710807],[-77.76188993,24.15680015],[-77.76347804,24.15377343],[-77.76379633,24.15375042],[-77.76465666,24.15448415],[-77.76394403,24.15655744],[-77.76359332,24.15696704],[-77.75987577,24.15750682],[-77.75278151,24.16356325],[-77.74711025,24.16414881],[-77.7387222,24.16790426],[-77.73775411,24.16681135],[-77.73335624,24.16686785],[-77.72965276,24.16411436],[-77.72802961,24.16385317],[-77.72704065,24.16409135],[-77.72565603,24.1649332],[-77.72560954,24.16671467],[-77.72699404,24.16955054],[-77.72672474,24.16977823],[-77.72479641,24.16960025],[-77.72369516,24.16670227],[-77.71956325,24.16737175],[-77.72147524,24.17033815],[-77.7189635,24.17281806],[-77.71808255,24.17133343],[-77.71711588,24.17266774],[-77.71694005,24.17268097],[-77.71441925,24.17159045],[-77.71169186,24.17162585],[-77.70481253,24.17218852],[-77.70094991,24.17331958],[-77.70039093,24.17357552],[-77.70003903,24.17566574],[-77.6953125,24.17773426],[-77.69473505,24.17778826],[-77.69207501,24.18077362],[-77.69188035,24.18138444],[-77.69350874,24.18316054],[-77.6933012,24.18485475],[-77.69311225,24.1851536],[-77.68593764,24.18871546],[-77.68341136,24.19207191],[-77.68322456,24.19241953],[-77.68400705,24.19405305],[-77.68718266,24.19374371],[-77.68755555,24.1941241],[-77.68767166,24.19666052],[-77.68152368,24.19618726],[-77.68146396,24.19792914],[-77.67988002,24.20071065],[-77.67859876,24.20195854],[-77.67808807,24.20224345],[-77.67582691,24.20236218],[-77.67113936,24.20682883],[-77.67074215,24.20709515],[-77.66619265,24.20951235],[-77.66310036,24.21029806],[-77.65187931,24.2104665],[-77.63366377,24.21308327],[-77.63283443,24.21374178],[-77.63275146,24.21389771],[-77.63407624,24.21871793],[-77.63400054,24.21958041],[-77.63220155,24.22353578],[-77.63052154,24.22652316],[-77.62801957,24.22995055],[-77.62457287,24.23371661],[-77.62132776,24.23569226],[-77.62122834,24.23675966],[-77.62143695,24.23705935],[-77.62661672,24.23962915],[-77.63250244,24.23865414],[-77.63350773,24.2369529],[-77.64028966,24.23814952],[-77.64268827,24.24047732],[-77.65025163,24.24368298],[-77.65054631,24.24395442],[-77.65828955,24.25298238],[-77.65985048,24.2578125],[-77.65981972,24.2578125],[-77.66050041,24.25952804],[-77.66078258,24.26450515],[-77.6640377,24.26745844],[-77.66660273,24.27190816],[-77.66804862,24.27722037],[-77.66807735,24.28323114],[-77.67090392,24.28720403],[-77.67058396,24.29716122],[-77.67073905,24.29757357],[-77.67392504,24.30063236],[-77.67623222,24.30068886],[-77.68622744,24.29945314],[-77.69309533,24.29610705],[-77.6953125,24.29547977],[-77.69885314,24.29496121],[-77.70481157,24.29112303],[-77.70765996,24.29053235],[-77.71133184,24.29132473],[-77.71295512,24.28983426],[-77.72056556,24.28733826],[-77.72208512,24.28655136],[-77.72413862,24.28466988],[-77.72292995,24.28308344],[-77.72325635,24.28134394],[-77.72690284,24.27750683],[-77.73836064,24.27204847],[-77.74146116,24.27278733],[-77.74876452,24.26999974],[-77.75741577,24.26992154],[-77.76153564,24.2687906],[-77.76162887,24.26774025],[-77.75769877,24.26733232],[-77.76059794,24.26649725],[-77.76260662,24.26732194],[-77.76270378,24.26837385],[-77.76555455,24.26737106],[-77.76825953,24.26295412],[-77.76958334,24.26146972],[-77.77394736,24.2578125],[-77.77449036,24.2578125],[-77.77853942,24.25352693],[-77.77930856,24.24977636],[-77.78211701,24.24707115],[-77.78235555,24.24652088],[-77.78156614,24.24383044],[-77.78237104,24.24196434],[-77.78579783,24.24117386],[-77.79078925,24.24320126],[-77.79316294,24.24201345],[-77.79419434,24.23891795],[-77.79636645,24.23948526],[-77.80028105,24.23718727],[-77.80526805,24.23752916],[-77.81359923,24.23002148],[-77.81604385,24.22560704],[-77.81954575,24.22869647],[-77.82101905,24.22825372],[-77.82485306,24.21837091],[-77.82268143,24.21361256],[-77.82365572,24.20853996],[-77.82836044,24.20433235],[-77.83285093,24.20290005],[-77.83787775,24.19964194],[-77.84159303,24.19893956],[-77.84676111,24.19344175],[-77.84621584,24.19034565],[-77.84008717,24.18525302],[-77.83852696,24.18175781],[-77.83976758,24.17964375],[-77.84012401,24.17365575],[-77.84655154,24.16933095],[-77.84458482,24.16536832],[-77.84466922,24.16241086],[-77.85197711,24.16138268],[-77.85340691,24.15832913],[-77.86122584,24.15171695],[-77.86382616,24.14771605],[-77.86440015,24.14076531],[-77.86606395,24.13843298],[-77.87468755,24.13576567],[-77.87702215,24.13618863],[-77.87952507,24.13477242],[-77.88830304,24.13372195],[-77.90268946,24.13677835],[-77.90850318,24.13925815],[-77.90902901,24.14020205],[-77.90465271,24.14298487],[-77.90640283,24.14453125],[-77.91548622,24.14366496],[-77.91754556,24.14173543],[-77.91778302,24.13956475],[-77.91630495,24.12828517],[-77.91548145,24.12520337],[-77.91127741,24.11518705],[-77.90736127,24.10949683],[-77.90642703,24.10864675],[-77.89348042,24.10157013],[-77.89431095,24.09789908],[-77.89259136,24.09436882],[-77.88962197,24.09224105],[-77.88640535,24.08493543],[-77.89080763,24.08641243],[-77.9003576,24.08435071],[-77.90104544,24.08446193],[-77.91514051,24.08977175],[-77.92511594,24.09002078],[-77.92570746,24.0899533],[-77.93049884,24.08686328],[-77.92826092,24.08203125],[-77.92816162,24.08203125],[-77.92478144,24.07578278],[-77.91171718,24.07147145],[-77.91107047,24.07113552],[-77.90104938,24.0628376],[-77.90009415,24.06238437],[-77.89613461,24.06095707],[-77.88658714,24.05866504],[-77.88182056,24.05778635],[-77.87523973,24.05778766],[-77.87334037,24.05866432],[-77.87188184,24.06156003],[-77.86359525,24.06277216],[-77.86310136,24.06256723],[-77.86182833,24.05756962],[-77.85739243,24.05605423],[-77.85514975,24.05368257],[-77.85763323,24.05016923],[-77.85830915,24.04644287],[-77.86124253,24.04297638],[-77.86541665,24.04080081],[-77.86584044,24.03797483],[-77.86405921,24.03165972],[-77.85871685,24.03010464],[-77.84622657,24.0230813],[-77.84132874,24.01599264],[-77.83868897,24.02061975],[-77.82692575,24.03068817],[-77.82457423,24.03108275],[-77.83042836,24.02428114],[-77.83847165,24.01961815],[-77.83023143,24.00817084],[-77.82499456,24.00530732],[-77.82307661,24.00046837],[-77.82121718,23.99965596],[-77.82106793,23.99965715],[-77.80625045,23.99957955],[-77.80261064,24.00142395],[-77.80097973,24.00562096],[-77.79744041,24.00784051],[-77.78949964,24.01747286],[-77.78165102,24.02312922],[-77.77700543,24.02458346]],[[-77.63259125,23.69003582],[-77.63048625,23.69092405],[-77.62703764,23.69034231],[-77.62579441,23.6932199],[-77.62390363,23.69329894],[-77.62418175,23.69506454],[-77.62583125,23.69570172],[-77.62636483,23.69539201],[-77.63211298,23.69165277],[-77.63283324,23.6903609],[-77.63259125,23.69003582]],[[-77.62535405,24.21957886],[-77.62669194,24.21994221],[-77.62917364,24.21805751],[-77.62881935,24.21746647],[-77.62791336,24.21754146],[-77.62535405,24.21957886]],[[-77.63097835,23.66870475],[-77.6296277,23.66811395],[-77.62840891,23.66986656],[-77.62873638,23.67065108],[-77.62972558,23.67107177],[-77.6310724,23.67042351],[-77.63133061,23.66952777],[-77.63097835,23.66870475]],[[-77.66375697,23.72466755],[-77.66259062,23.72371995],[-77.66253412,23.72363186],[-77.66684544,23.72324276],[-77.67271495,23.72447085],[-77.67084932,23.72183681],[-77.66737485,23.7202816],[-77.66680014,23.71799064],[-77.66270244,23.71327806],[-77.66240752,23.71054876],[-77.66007864,23.71089995],[-77.65795624,23.70854843],[-77.65311146,23.70746374],[-77.65111315,23.70572042],[-77.65006125,23.70255041],[-77.64766347,23.70368195],[-77.64701712,23.70526135],[-77.64420462,23.70430756],[-77.63998163,23.70589912],[-77.63934386,23.7071805],[-77.64141691,23.70918953],[-77.63987172,23.71003687],[-77.63885272,23.70976043],[-77.63775611,23.70808315],[-77.63653505,23.70805717],[-77.63972294,23.70136023],[-77.63998306,23.70015705],[-77.64023864,23.69678915],[-77.63854825,23.69623291],[-77.63726974,23.69670153],[-77.63657606,23.69735885],[-77.63433421,23.7016319],[-77.63100541,23.70270324],[-77.63081408,23.70542395],[-77.63148165,23.70658398],[-77.63652861,23.71260643],[-77.63894701,23.71996713],[-77.64316702,23.72247744],[-77.64321411,23.72271705],[-77.64211357,23.72381377],[-77.64331925,23.72559667],[-77.64265406,23.73046875],[-77.64256275,23.73046875],[-77.64295185,23.73241425],[-77.64297414,23.73266315],[-77.63993168,23.73524833],[-77.63897133,23.73448145],[-77.63900161,23.73046875],[-77.63886964,23.72816014],[-77.63783896,23.72638285],[-77.63782418,23.72566891],[-77.63889635,23.72338307],[-77.63879752,23.72324348],[-77.63604105,23.7216655],[-77.63536644,23.72156525],[-77.63433075,23.72246254],[-77.63419473,23.72345674],[-77.63558304,23.72868586],[-77.63474023,23.73046875],[-77.63291395,23.73046875],[-77.63005745,23.72737205],[-77.62987363,23.72749734],[-77.63047886,23.73046875],[-77.63036644,23.73046875],[-77.63051605,23.73098314],[-77.63415301,23.73474061],[-77.63361716,23.73775101],[-77.63384902,23.73839581],[-77.63580406,23.74079287],[-77.65018725,23.74054134],[-77.65537047,23.74265826],[-77.65681565,23.75167835],[-77.65637386,23.75845134],[-77.65884852,23.76461351],[-77.66008961,23.7622689],[-77.66493881,23.76361477],[-77.66776824,23.76271415],[-77.66955471,23.76063001],[-77.67382133,23.76107347],[-77.67775726,23.75951886],[-77.68176424,23.75952005],[-77.68699861,23.7684617],[-77.68714094,23.77118087],[-77.68877244,23.77192652],[-77.69308138,23.77012396],[-77.69399905,23.77019024],[-77.69451988,23.77054691],[-77.69394994,23.77252924],[-77.6953125,23.77148426],[-77.70099938,23.7683475],[-77.71102524,23.7643404],[-77.71064162,23.76316953],[-77.70926654,23.76328576],[-77.69781661,23.76741385],[-77.69862914,23.76525855],[-77.69863415,23.76485717],[-77.6978029,23.76298642],[-77.69799054,23.76243055],[-77.70089614,23.75907755],[-77.70089865,23.75691056],[-77.7031672,23.75646186],[-77.70503271,23.75803626],[-77.70506406,23.75837946],[-77.70044994,23.76074517],[-77.70056725,23.76102841],[-77.7028234,23.76242793],[-77.70372367,23.76282465],[-77.70759773,23.76275325],[-77.71194017,23.76150215],[-77.71224105,23.76159525],[-77.71533573,23.76691484],[-77.71917975,23.76687646],[-77.71908295,23.76945102],[-77.71665823,23.77120757],[-77.71669865,23.77274585],[-77.72407246,23.77484417],[-77.72411382,23.7793442],[-77.72456634,23.77973473],[-77.72701144,23.78092837],[-77.72789252,23.78092277],[-77.73209524,23.77879345],[-77.73358655,23.77882326],[-77.73521507,23.77944255],[-77.73676515,23.78135037],[-77.73727584,23.78163397],[-77.74309874,23.78103924],[-77.7401787,23.77857256],[-77.73487174,23.77708483],[-77.73810375,23.77706516],[-77.73883605,23.77541566],[-77.73821044,23.77409816],[-77.73470283,23.77259696],[-77.73405266,23.77189672],[-77.73380876,23.77036524],[-77.73391092,23.76996195],[-77.7363348,23.7687242],[-77.73893464,23.77216268],[-77.74166036,23.77110195],[-77.74504507,23.75898635],[-77.742154,23.75818503],[-77.73668015,23.75914145],[-77.73596525,23.75914586],[-77.73473096,23.75854623],[-77.73480773,23.75812495],[-77.73884285,23.75620365],[-77.74956286,23.75271285],[-77.75002241,23.75264966],[-77.75915515,23.75258005],[-77.76119435,23.75280535],[-77.76249564,23.75318635],[-77.76711893,23.75640452],[-77.76893008,23.75653935],[-77.76923084,23.75648415],[-77.77107441,23.75575638],[-77.77322185,23.75008285],[-77.77420652,23.75222182],[-77.77184474,23.76096475],[-77.77854025,23.76385355],[-77.77994287,23.76766121],[-77.79304612,23.76833236],[-77.79176426,23.76683187],[-77.79083908,23.76553547],[-77.79067755,23.76072848],[-77.79053414,23.76042223],[-77.78160226,23.75348771],[-77.78034115,23.7479856],[-77.78002346,23.74766755],[-77.77461875,23.74751627],[-77.77400184,23.74310577],[-77.77158654,23.74200475],[-77.77103734,23.73914862],[-77.76970482,23.73855567],[-77.76696825,23.73983812],[-77.76575697,23.73633897],[-77.76115,23.7387737],[-77.76058352,23.73877597],[-77.75409365,23.73508728],[-77.74551415,23.73701012],[-77.73571241,23.73584175],[-77.72337735,23.73694897],[-77.71844661,23.7339524],[-77.70836556,23.73264885],[-77.70156312,23.73409593],[-77.6953125,23.73409593],[-77.6953125,23.73381686],[-77.69044054,23.73165083],[-77.68619394,23.73085904],[-77.68473053,23.73081446],[-77.68306005,23.73112535],[-77.68069851,23.73285735],[-77.67884731,23.73046875],[-77.67862415,23.73001194],[-77.67626762,23.73008156],[-77.67410946,23.72741425],[-77.66518211,23.72529984],[-77.66375697,23.72466755]],[[-77.62998843,24.21723926],[-77.63028073,24.21744275],[-77.63275921,24.21610844],[-77.63281286,24.21558487],[-77.63127506,24.21528375],[-77.63080144,24.2155596],[-77.62998843,24.21723926]],[[-77.63789308,24.21172285],[-77.63918173,24.21194816],[-77.64166701,24.21129274],[-77.64251816,24.21062923],[-77.64238965,24.21032083],[-77.63928735,24.21023881],[-77.64241016,24.20939231],[-77.64607823,24.2102164],[-77.66971326,24.20560503],[-77.67790866,24.19717968],[-77.68093443,24.19242728],[-77.67418754,24.19216478],[-77.67657042,24.19150531],[-77.68081212,24.18682647],[-77.68327057,24.18655956],[-77.68680584,24.17936134],[-77.69253635,24.17425692],[-77.6953125,24.17271197],[-77.69935405,24.17010915],[-77.70357704,24.16967118],[-77.70357001,24.16937482],[-77.6953125,24.16657364],[-77.69476128,24.1663872],[-77.69336808,24.16637027],[-77.69001198,24.16820085],[-77.68568981,24.16607583],[-77.68192124,24.16785622],[-77.67750251,24.16797495],[-77.67224181,24.17039323],[-77.65825391,24.17200136],[-77.65693402,24.17245197],[-77.65520811,24.17560267],[-77.65175915,24.17559385],[-77.64891601,24.17764986],[-77.65162504,24.18125284],[-77.65166581,24.18457735],[-77.65023255,24.18489265],[-77.64258337,24.20442355],[-77.63985491,24.20643425],[-77.63947737,24.20655727],[-77.63308775,24.20682263],[-77.6327883,24.20692575],[-77.63195503,24.20800352],[-77.63169336,24.20924807],[-77.63367236,24.21091044],[-77.63789308,24.21172285]],[[-77.63915992,23.66783011],[-77.63300681,23.66854084],[-77.63266814,23.66868615],[-77.63175321,23.67032981],[-77.63207042,23.67147148],[-77.63245904,23.67172241],[-77.63455617,23.67204034],[-77.63512504,23.67209494],[-77.63978004,23.67106676],[-77.63988101,23.67126656],[-77.63992822,23.67309546],[-77.64376295,23.67501354],[-77.64439332,23.67453361],[-77.64451277,23.67425454],[-77.64274144,23.67216527],[-77.64340305,23.66978383],[-77.64327025,23.66953027],[-77.64195335,23.66846275],[-77.63959157,23.66773677],[-77.63915992,23.66783011]],[[-77.63480234,26.90111351],[-77.63520586,26.90138555],[-77.63834214,26.90104544],[-77.63841641,26.90080392],[-77.63710964,26.90016425],[-77.63547874,26.90040565],[-77.63480234,26.90111351]],[[-77.67685914,26.98411787],[-77.67726827,26.98306215],[-77.68085086,26.98335195],[-77.67990196,26.98215616],[-77.68414855,26.98310673],[-77.68391335,26.98280275],[-77.68164325,26.9813379],[-77.67387593,26.97760725],[-77.66056764,26.97271347],[-77.65060926,26.97020721],[-77.64423621,26.97049832],[-77.63909853,26.97074711],[-77.63757086,26.97103405],[-77.63595974,26.97208548],[-77.63597047,26.97268331],[-77.64319575,26.97341573],[-77.64501226,26.97533262],[-77.65260565,26.97372425],[-77.65639734,26.97503304],[-77.66118956,26.97428715],[-77.66669142,26.97631383],[-77.66895795,26.97853851],[-77.66839325,26.98031783],[-77.66697323,26.98005438],[-77.66684556,26.98083174],[-77.67181015,26.98178506],[-77.67338586,26.98364186],[-77.67300987,26.98507106],[-77.66977334,26.98582542],[-77.66981757,26.98657024],[-77.67477691,26.98663735],[-77.67671454,26.98722374],[-77.68108046,26.98918962],[-77.68898344,26.99422181],[-77.68915522,26.99288607],[-77.68514705,26.98911834],[-77.67685914,26.98411787]],[[-77.63898206,26.90076566],[-77.63972735,26.90090501],[-77.64221764,26.90048182],[-77.64139175,26.90016925],[-77.63897598,26.90058112],[-77.63898206,26.90076566]],[[-77.64131308,26.9754312],[-77.64003158,26.97463357],[-77.63968062,26.97475088],[-77.63938868,26.97529531],[-77.63983595,26.97625506],[-77.64210737,26.97675872],[-77.64412367,26.97831702],[-77.64469385,26.97762835],[-77.6444664,26.97659695],[-77.64131308,26.9754312]],[[-77.64425921,23.66314554],[-77.64293647,23.66186714],[-77.64253843,23.66193521],[-77.64208984,23.66248667],[-77.64224327,23.66314757],[-77.64283311,23.66402507],[-77.64376438,23.66446197],[-77.64434564,23.66376507],[-77.64425921,23.66314554]],[[-77.64717317,23.74343944],[-77.64509213,23.74264145],[-77.64300883,23.74285412],[-77.64300036,23.74319637],[-77.64516854,23.74319196],[-77.64717317,23.74343944]],[[-77.64335036,23.67569733],[-77.64341044,23.67750466],[-77.64638817,23.67719305],[-77.64437938,23.67522931],[-77.64360297,23.67538512],[-77.64335036,23.67569733]],[[-77.65338004,23.66088033],[-77.65409148,23.65902996],[-77.65385365,23.65858781],[-77.65098226,23.65808475],[-77.64890015,23.65518117],[-77.64390433,23.66041326],[-77.64612603,23.66139007],[-77.64950764,23.65900612],[-77.65094316,23.66056967],[-77.65164983,23.66163588],[-77.65224755,23.66176546],[-77.65338004,23.66088033]],[[-77.64832222,24.1766448],[-77.65060735,24.17535686],[-77.65470135,24.17209268],[-77.6553092,24.17182541],[-77.66247976,24.16927111],[-77.66302514,24.16913521],[-77.67000616,24.16923177],[-77.67250526,24.16868424],[-77.67677391,24.16681194],[-77.67695844,24.16658735],[-77.67715693,24.16555786],[-77.67689896,24.16528988],[-77.67005205,24.16249573],[-77.669595,24.16207004],[-77.66985726,24.15858436],[-77.66452491,24.15583122],[-77.66400266,24.15543306],[-77.66291785,24.15441895],[-77.66282404,24.15246475],[-77.66057265,24.15078795],[-77.65944076,24.15076876],[-77.65904927,24.15102518],[-77.6572926,24.15444565],[-77.64898992,24.16187847],[-77.64878595,24.16223288],[-77.64874518,24.16476011],[-77.64581764,24.17127466],[-77.64541018,24.17257726],[-77.64552033,24.17286193],[-77.64747858,24.17648184],[-77.64832222,24.1766448]],[[-77.64950025,23.67898226],[-77.65352786,23.67786646],[-77.64907968,23.67665982],[-77.64849401,23.67747903],[-77.64904201,23.6786319],[-77.64950025,23.67898226]],[[-77.65332425,24.14083016],[-77.65363216,24.13863122],[-77.65287006,24.13867605],[-77.65147126,24.14013302],[-77.65133214,24.14066672],[-77.65236616,24.14202452],[-77.65332425,24.14083016]],[[-77.68675721,23.8258208],[-77.68880975,23.82339346],[-77.68904746,23.82328844],[-77.6953125,23.82087052],[-77.70194125,23.8192718],[-77.72012925,23.82010365],[-77.72378004,23.82165587],[-77.72565806,23.82109821],[-77.73429358,23.82322204],[-77.73482502,23.82177365],[-77.73282027,23.8209486],[-77.73164415,23.81806171],[-77.72577858,23.81624484],[-77.72533417,23.81433582],[-77.72647345,23.81303275],[-77.7237643,23.81165373],[-77.72276557,23.80987024],[-77.72708631,23.81147242],[-77.73692775,23.81189215],[-77.73820865,23.80876005],[-77.74085474,23.80692983],[-77.73892415,23.81177556],[-77.74378514,23.81338775],[-77.74670732,23.8165307],[-77.75083935,23.81510985],[-77.75048804,23.80892622],[-77.75428331,23.81079364],[-77.75420451,23.81347525],[-77.75652385,23.81446493],[-77.75963736,23.81176746],[-77.75980353,23.80855834],[-77.76309514,23.80452848],[-77.7630198,23.80415535],[-77.75946152,23.80156732],[-77.75543225,23.80183685],[-77.75207531,23.80073547],[-77.74976456,23.79905498],[-77.74945676,23.79698217],[-77.74672866,23.79555011],[-77.74151814,23.7984668],[-77.73971176,23.79697752],[-77.73331201,23.79702842],[-77.72888196,23.79345167],[-77.72589958,23.79276931],[-77.72210062,23.79555166],[-77.71915102,23.79609132],[-77.72233427,23.78774905],[-77.72510111,23.78656292],[-77.72802556,23.78274763],[-77.72511792,23.78145194],[-77.72352111,23.78265643],[-77.71965444,23.78219855],[-77.71317375,23.78455687],[-77.71334255,23.78049672],[-77.71013224,23.78104317],[-77.7138046,23.77696812],[-77.70679486,23.77367246],[-77.70457566,23.76853538],[-77.70410562,23.76847732],[-77.70221531,23.7687031],[-77.69703007,23.7735877],[-77.6953125,23.77427447],[-77.69257021,23.77568352],[-77.68874335,23.77271306],[-77.6862514,23.77590895],[-77.68286765,23.77413595],[-77.68118405,23.77730262],[-77.67847085,23.77410531],[-77.67504847,23.77313244],[-77.6765964,23.77210236],[-77.67961514,23.77328753],[-77.68039537,23.77223015],[-77.67782795,23.76865256],[-77.67489243,23.76767123],[-77.67422247,23.76411092],[-77.67182386,23.76428413],[-77.67013395,23.76488292],[-77.66764212,23.76747155],[-77.66869914,23.76954007],[-77.66892326,23.76959395],[-77.67022526,23.76759911],[-77.67054212,23.76774871],[-77.67102706,23.76902652],[-77.67212224,23.77334213],[-77.67072976,23.77639425],[-77.67134321,23.77777064],[-77.67219186,23.77855706],[-77.67480195,23.77921665],[-77.67857587,23.77818406],[-77.67977476,23.77985656],[-77.68132222,23.77964282],[-77.68193102,23.78247881],[-77.68314254,23.78358865],[-77.68417084,23.78419316],[-77.68793857,23.78566635],[-77.69134736,23.78667796],[-77.6953125,23.78599334],[-77.69894493,23.78668761],[-77.6953125,23.78878343],[-77.69150436,23.79039764],[-77.69122195,23.79040647],[-77.68905211,23.79025412],[-77.68571734,23.78969038],[-77.68047571,23.78683746],[-77.67525673,23.78634465],[-77.67432737,23.78644621],[-77.67246401,23.78692853],[-77.67198217,23.79016948],[-77.66587114,23.7912364],[-77.66254234,23.79318535],[-77.65398586,23.79230475],[-77.65372443,23.79242682],[-77.65186357,23.79730594],[-77.65177536,23.80214906],[-77.65184605,23.80319893],[-77.65435886,23.80872417],[-77.65258741,23.81356752],[-77.65355158,23.81570983],[-77.6564604,23.81749237],[-77.66189015,23.81801212],[-77.66543913,23.81659865],[-77.6697818,23.81671417],[-77.67426705,23.8177073],[-77.67598307,23.81980383],[-77.67843986,23.81850028],[-77.67874432,23.81510413],[-77.68194997,23.81234503],[-77.6887536,23.81090844],[-77.69185007,23.81204486],[-77.69215667,23.81231225],[-77.69223225,23.81399965],[-77.68775427,23.81774986],[-77.68218791,23.82021534],[-77.68142867,23.82240498],[-77.68148172,23.82280815],[-77.68675721,23.8258208]],[[-77.66291344,23.65175045],[-77.66383922,23.65027261],[-77.66080475,23.64792991],[-77.65907586,23.64870071],[-77.66015792,23.65036416],[-77.65625012,23.64875257],[-77.65382111,23.65050852],[-77.65374291,23.6510185],[-77.65429986,23.65159965],[-77.65633464,23.65209162],[-77.66291344,23.65175045]],[[-77.65681922,23.70081341],[-77.65558076,23.70076251],[-77.65493345,23.70151246],[-77.65486777,23.70399415],[-77.66289556,23.70926344],[-77.6633743,23.70672381],[-77.6632024,23.70650244],[-77.66070664,23.70604181],[-77.65844226,23.7022047],[-77.65681922,23.70081341]],[[-77.65681505,24.26489425],[-77.65736103,24.26756155],[-77.65771282,24.26761842],[-77.65883374,24.26486611],[-77.65766215,24.26453865],[-77.65710986,24.26456285],[-77.65681505,24.26489425]],[[-77.65935254,24.31220972],[-77.65967774,24.31226087],[-77.66065204,24.31096685],[-77.66065574,24.31069064],[-77.65948963,24.30920255],[-77.65886474,24.30932236],[-77.65843391,24.31000078],[-77.65838695,24.31103957],[-77.65935254,24.31220972]],[[-77.66929495,23.78770387],[-77.67440486,23.78553247],[-77.67567897,23.78310084],[-77.67541122,23.78276193],[-77.66894627,23.78244233],[-77.66436136,23.77960336],[-77.66026151,23.78003144],[-77.65913284,23.79024541],[-77.65975821,23.79178131],[-77.66005516,23.79200816],[-77.66131675,23.79205632],[-77.66262746,23.79162824],[-77.66876256,23.79006887],[-77.66929495,23.78770387]],[[-77.66500425,23.69010246],[-77.66302872,23.68920267],[-77.66273022,23.68922186],[-77.66220081,23.68988645],[-77.66191673,23.69061196],[-77.66252685,23.69444823],[-77.66766334,23.69458687],[-77.66644716,23.69295406],[-77.66699946,23.69211817],[-77.66500425,23.69010246]],[[-77.66221094,23.69848895],[-77.66259027,23.70075774],[-77.66297853,23.70057404],[-77.66530883,23.70366645],[-77.66749215,23.7026304],[-77.66869175,23.70127952],[-77.66810036,23.69804096],[-77.66782093,23.69763315],[-77.66686165,23.69704187],[-77.66585815,23.69739628],[-77.66252387,23.69764078],[-77.66221094,23.69848895]],[[-77.66788042,24.30066884],[-77.66564214,24.30156624],[-77.66347754,24.30080342],[-77.66298008,24.30179036],[-77.66796374,24.30276251],[-77.66990376,24.30117726],[-77.66788042,24.30066884]],[[-77.66603625,23.65779626],[-77.66587198,23.65769041],[-77.66409087,23.65888381],[-77.66398895,23.65910995],[-77.66806543,23.66064215],[-77.66828644,23.66053855],[-77.66603625,23.65779626]],[[-77.66763258,23.70470846],[-77.66481352,23.70934916],[-77.66543674,23.71209455],[-77.67173815,23.71522343],[-77.67584014,23.72273958],[-77.67875743,23.72439086],[-77.68019474,23.72287464],[-77.67574358,23.71740413],[-77.67464411,23.71106124],[-77.67136335,23.70537531],[-77.66905451,23.70461774],[-77.66763258,23.70470846]],[[-77.67918086,24.14152753],[-77.67986095,24.13456345],[-77.68322945,24.13319683],[-77.69033265,24.13419855],[-77.68883145,24.13497341],[-77.68807852,24.13497055],[-77.68283045,24.13408911],[-77.68262005,24.13432646],[-77.68430781,24.13727391],[-77.67994762,24.13848317],[-77.67946124,24.13989615],[-77.68494821,24.14071715],[-77.69270492,24.14260125],[-77.6953125,24.14425206],[-77.69984257,24.14681685],[-77.70102894,24.14687336],[-77.70411885,24.14608002],[-77.70936716,24.14233184],[-77.70440996,24.13630867],[-77.71240497,24.12653995],[-77.71235335,24.12595367],[-77.71141422,24.12555754],[-77.70306206,24.12915194],[-77.699651,24.12820745],[-77.70759785,24.12430024],[-77.7052592,24.12056065],[-77.69874263,24.12215924],[-77.6953125,24.12025654],[-77.6953125,24.12053573],[-77.69424021,24.12056124],[-77.69412816,24.12036204],[-77.69420123,24.11729336],[-77.69379103,24.11691475],[-77.69338465,24.11702406],[-77.6900295,24.12078536],[-77.67958653,24.12756896],[-77.66830862,24.12897205],[-77.66539466,24.13170433],[-77.66950154,24.13467205],[-77.66997397,24.13827312],[-77.67268741,24.14045131],[-77.6726222,24.14383745],[-77.67381251,24.14417505],[-77.67739677,24.14321601],[-77.67918086,24.14152753]],[[-77.67083764,23.84614706],[-77.67069125,23.84613967],[-77.66925395,23.84716594],[-77.66974044,23.84916163],[-77.6735301,23.84846365],[-77.67083764,23.84614706]],[[-77.67305934,23.64463174],[-77.67265224,23.64440835],[-77.67158556,23.64451885],[-77.67058551,23.64565384],[-77.67022824,23.64679265],[-77.67051804,23.64900625],[-77.67631054,23.65004361],[-77.67882001,23.65124452],[-77.68058074,23.65065086],[-77.68068027,23.65046191],[-77.6755501,23.64765847],[-77.67305934,23.64463174]],[[-77.67079961,23.65492415],[-77.67109466,23.65812504],[-77.67361307,23.65840614],[-77.67258537,23.65561855],[-77.67079961,23.65492415]],[[-77.68795252,24.16450536],[-77.68925965,24.16471422],[-77.69171095,24.16405904],[-77.69217253,24.1635493],[-77.69302094,24.16141796],[-77.69264627,24.15898371],[-77.6953125,24.15848207],[-77.6953125,24.15904021],[-77.69608188,24.15906656],[-77.69709766,24.15755916],[-77.69661725,24.15579104],[-77.69936025,24.15803575],[-77.69735205,24.15917361],[-77.69856596,24.16295135],[-77.69921875,24.16318262],[-77.70191085,24.16150081],[-77.70358491,24.16337538],[-77.70775056,24.16342342],[-77.71497166,24.15809858],[-77.71536088,24.15773964],[-77.71790016,24.15373862],[-77.71676934,24.15314734],[-77.71421242,24.15563512],[-77.71531415,24.15382171],[-77.71510005,24.15001714],[-77.71238613,24.14364636],[-77.71200001,24.1434561],[-77.7098788,24.14371276],[-77.70337081,24.14766181],[-77.6953125,24.14815843],[-77.69407415,24.14801252],[-77.69063413,24.14910007],[-77.68954575,24.14866567],[-77.69032836,24.14714706],[-77.69429696,24.14693284],[-77.6953125,24.14536834],[-77.6953125,24.14481032],[-77.68804956,24.14409423],[-77.68139625,24.1412394],[-77.67989957,24.14185882],[-77.67847765,24.14574337],[-77.67479515,24.14824045],[-77.67863703,24.14903712],[-77.67999172,24.15124381],[-77.67669356,24.15410352],[-77.68155205,24.15718234],[-77.67397034,24.15784025],[-77.67304766,24.15911818],[-77.67475891,24.16180742],[-77.67887592,24.16359901],[-77.68795252,24.16450536]],[[-77.68701732,24.32919538],[-77.68507421,24.32645178],[-77.68262017,24.3262465],[-77.68111527,24.32650423],[-77.67759275,24.32731736],[-77.67486596,24.33037162],[-77.67925501,24.33060825],[-77.68141997,24.33234441],[-77.68164754,24.33206081],[-77.68584621,24.33072996],[-77.68651772,24.33034575],[-77.68701732,24.32919538]],[[-77.68981767,23.65080297],[-77.68865514,23.654181],[-77.68144321,23.65633225],[-77.68111873,23.65634763],[-77.67923021,23.65454733],[-77.67877305,23.65468586],[-77.67817354,23.65661061],[-77.67870951,23.65756953],[-77.67907834,23.65781081],[-77.68435812,23.65822744],[-77.68583214,23.65959084],[-77.68575001,23.66122663],[-77.68680644,23.66198921],[-77.69060791,23.66456675],[-77.69092727,23.66456068],[-77.69237638,23.66400957],[-77.69307315,23.66148973],[-77.69043875,23.66187084],[-77.69038844,23.65966368],[-77.68881333,23.66031778],[-77.68859017,23.65863144],[-77.68638051,23.65838921],[-77.68593657,23.65738785],[-77.6953125,23.65345967],[-77.69728005,23.65257287],[-77.7034955,23.65215766],[-77.70394826,23.65195644],[-77.70496237,23.64948165],[-77.70469737,23.64865327],[-77.70370162,23.64845645],[-77.70134831,23.65004075],[-77.69714916,23.64966846],[-77.6953125,23.64760041],[-77.6953125,23.64732134],[-77.69439578,23.64676011],[-77.69416368,23.64688456],[-77.69319546,23.64905524],[-77.69034314,23.65018547],[-77.68981767,23.65080297]],[[-77.67907417,24.19109964],[-77.67967594,24.19121623],[-77.6813302,24.18966997],[-77.68000293,24.18972862],[-77.6788305,24.19081438],[-77.67907417,24.19109964]],[[-77.67990363,23.68512607],[-77.68104625,23.68529534],[-77.68127596,23.68497217],[-77.68161452,23.68234682],[-77.68108225,23.68228674],[-77.67966795,23.68367314],[-77.6796025,23.68493533],[-77.67990363,23.68512607]],[[-77.68201268,24.13539255],[-77.68171251,24.13525522],[-77.67972994,24.13748193],[-77.67974961,24.13766181],[-77.68118382,24.13771975],[-77.68248916,24.13724184],[-77.68264484,24.13706732],[-77.68201268,24.13539255]],[[-77.68502462,23.63912034],[-77.68070042,23.64135385],[-77.68076134,23.64415336],[-77.68251586,23.64456415],[-77.68617678,23.64271855],[-77.68630934,23.63978601],[-77.68581021,23.63894296],[-77.68502462,23.63912034]],[[-77.71321595,24.42521226],[-77.71596563,24.42522323],[-77.7160604,24.42513454],[-77.71827507,24.42264712],[-77.72417796,24.41989672],[-77.73678005,24.40860581],[-77.74292243,24.41008377],[-77.74638498,24.40802586],[-77.74244642,24.40717506],[-77.74155712,24.40539265],[-77.74233103,24.40368986],[-77.73842871,24.40311885],[-77.74125445,24.39859855],[-77.74401593,24.39716554],[-77.74378276,24.39521015],[-77.74960685,24.39242101],[-77.75050652,24.38973522],[-77.75303555,24.39164877],[-77.75327337,24.39216816],[-77.75215554,24.39546382],[-77.75218475,24.39612901],[-77.75337815,24.39671457],[-77.7538892,24.3966155],[-77.75822413,24.39285541],[-77.76488805,24.38311982],[-77.76604402,24.38617706],[-77.76816583,24.38750327],[-77.76986861,24.38690317],[-77.77162051,24.38353801],[-77.77347922,24.38261986],[-77.77566075,24.38247335],[-77.7761842,24.38400531],[-77.78023386,24.38598025],[-77.78048432,24.38587296],[-77.78078377,24.38453043],[-77.78057516,24.3841145],[-77.77855456,24.38221026],[-77.77894986,24.37873685],[-77.78138494,24.37920606],[-77.78223264,24.38209736],[-77.78369474,24.38230932],[-77.78953874,24.37504256],[-77.78301656,24.3748455],[-77.78125644,24.37307465],[-77.77930367,24.37461984],[-77.77748966,24.37385428],[-77.76759744,24.37750387],[-77.76069736,24.37883306],[-77.75126171,24.37717664],[-77.75013804,24.37523353],[-77.74851704,24.37577474],[-77.74762225,24.37915826],[-77.74467731,24.37651527],[-77.73583472,24.37827826],[-77.73468995,24.37728715],[-77.73513424,24.3768568],[-77.74157405,24.37488544],[-77.74345601,24.37281775],[-77.74435711,24.37256265],[-77.74774361,24.37207937],[-77.74865794,24.37201202],[-77.75679696,24.3739748],[-77.75768745,24.37302017],[-77.75664985,24.37092447],[-77.75776315,24.36976361],[-77.76405954,24.37085915],[-77.76335227,24.37249231],[-77.76127064,24.37269914],[-77.76425457,24.37453973],[-77.77190161,24.37376678],[-77.77556002,24.37159407],[-77.77733612,24.36876237],[-77.77746224,24.36723793],[-77.77563477,24.36531603],[-77.77616405,24.36362636],[-77.78058386,24.36488175],[-77.78449106,24.36430895],[-77.78579855,24.36302638],[-77.78574574,24.36117518],[-77.78267777,24.36074221],[-77.78234041,24.35711837],[-77.78042245,24.35520625],[-77.78143406,24.35325682],[-77.78729391,24.35499334],[-77.78720856,24.35778725],[-77.79029405,24.36267185],[-77.79338086,24.36022306],[-77.79648387,24.36305082],[-77.79768407,24.35673594],[-77.79269242,24.35846257],[-77.79056108,24.35812426],[-77.79338872,24.35732245],[-77.80583644,24.34785235],[-77.81064296,24.34663951],[-77.81408584,24.34280241],[-77.81497955,24.33903301],[-77.81746483,24.33690274],[-77.80931222,24.33116651],[-77.80426562,24.33359265],[-77.80243802,24.33783901],[-77.80043614,24.3386451],[-77.79905915,24.33716333],[-77.79719531,24.33733845],[-77.79601443,24.33991742],[-77.79287612,24.33973622],[-77.79034531,24.34227955],[-77.78860581,24.34221864],[-77.78917026,24.34052146],[-77.78808975,24.3385576],[-77.79771864,24.33348095],[-77.79954207,24.33123386],[-77.80229282,24.33052683],[-77.80561304,24.32640076],[-77.80722034,24.32352114],[-77.80588043,24.31740606],[-77.80575895,24.31712782],[-77.80316114,24.31552613],[-77.8023349,24.31530726],[-77.79740405,24.315889],[-77.79604375,24.31477356],[-77.79083824,24.31665134],[-77.78853357,24.31322062],[-77.78830254,24.31050432],[-77.78485405,24.30672646],[-77.78286874,24.30899346],[-77.78720391,24.31400168],[-77.785465,24.31483531],[-77.78196394,24.31266594],[-77.77914214,24.30797946],[-77.77670395,24.30726325],[-77.75761771,24.31807375],[-77.75370467,24.32378077],[-77.74504602,24.32848156],[-77.73771465,24.32978332],[-77.73461354,24.3316859],[-77.72826147,24.33120131],[-77.71328294,24.33419001],[-77.70453763,24.33342421],[-77.70418155,24.33446002],[-77.7056359,24.3356446],[-77.71389723,24.33819795],[-77.71530461,24.33955264],[-77.72224236,24.34032965],[-77.72854364,24.33868241],[-77.73035944,24.33625126],[-77.73682284,24.3341639],[-77.73878133,24.33230734],[-77.74096966,24.33252692],[-77.74979568,24.32929838],[-77.74707317,24.33223796],[-77.75277674,24.3355509],[-77.74960434,24.33807647],[-77.74972951,24.33953536],[-77.74561918,24.33460414],[-77.72198987,24.34150767],[-77.71509635,24.34075511],[-77.70858991,24.33750486],[-77.70806611,24.33740461],[-77.70640552,24.33762646],[-77.70627212,24.33798385],[-77.70634365,24.33879626],[-77.70652056,24.33925974],[-77.70928001,24.34092796],[-77.70953083,24.34104204],[-77.71629405,24.34346378],[-77.72389436,24.34602952],[-77.73138773,24.34691584],[-77.73249793,24.34803021],[-77.73938096,24.34971344],[-77.74907374,24.34910035],[-77.76133776,24.34395361],[-77.76929486,24.34390855],[-77.76284575,24.35147834],[-77.76056242,24.3515799],[-77.76334286,24.34898937],[-77.76443923,24.34532571],[-77.76038074,24.34818482],[-77.75170732,24.35176277],[-77.75123978,24.35376036],[-77.74871588,24.35488546],[-77.74745655,24.3521744],[-77.73952806,24.35291767],[-77.73248792,24.35237086],[-77.73034537,24.35119808],[-77.72962105,24.35109162],[-77.72496235,24.35123861],[-77.72151434,24.34985256],[-77.72076511,24.34820807],[-77.71621561,24.34775054],[-77.71522725,24.34616506],[-77.7175945,24.34498966],[-77.70974243,24.34278357],[-77.70929933,24.34250271],[-77.70393634,24.3386327],[-77.70131445,24.3344655],[-77.70032096,24.33405364],[-77.6953125,24.33479226],[-77.6953125,24.33510041],[-77.68862641,24.33614504],[-77.68698835,24.3354336],[-77.68319738,24.3368566],[-77.68249416,24.33714986],[-77.68159461,24.34005928],[-77.68591583,24.34886575],[-77.68643916,24.35588717],[-77.68793666,24.35739696],[-77.68976331,24.36813128],[-77.69426215,24.37449014],[-77.6953125,24.37444186],[-77.6953125,24.37472093],[-77.69544494,24.37459981],[-77.69720876,24.38381815],[-77.69738388,24.38431621],[-77.70172763,24.39548445],[-77.70329154,24.39693308],[-77.70451832,24.40868294],[-77.70621061,24.41000664],[-77.71055937,24.42203641],[-77.71226108,24.42455935],[-77.71321595,24.42521226]],[[-77.68350852,23.70665467],[-77.68482554,23.70725095],[-77.68733895,23.70625103],[-77.68392265,23.70569336],[-77.68350852,23.70665467]],[[-77.68621814,24.10130823],[-77.68581367,24.10089076],[-77.68457627,24.10109091],[-77.68512166,24.10324931],[-77.68535757,24.10329223],[-77.68634796,24.10167634],[-77.68621814,24.10130823]],[[-77.68544495,23.70283961],[-77.68630993,23.70308244],[-77.68761611,23.70204878],[-77.68804061,23.70229888],[-77.69035995,23.70315075],[-77.69078434,23.70292926],[-77.69032133,23.7011379],[-77.68895471,23.69983876],[-77.68624878,23.69965947],[-77.68489218,23.70101202],[-77.68482745,23.70159161],[-77.68544495,23.70283961]],[[-77.69998193,24.08667386],[-77.70142663,24.08203125],[-77.70141602,24.08203125],[-77.70342553,24.07451797],[-77.70409775,24.07288933],[-77.70819724,24.06653965],[-77.70830894,24.06622124],[-77.7044419,24.06111956],[-77.70133412,24.06485498],[-77.6953125,24.07784593],[-77.6953125,24.078125],[-77.69481421,24.07886922],[-77.69012451,24.08203125],[-77.68980968,24.08203125],[-77.68811202,24.08258033],[-77.68802094,24.08290207],[-77.69088805,24.09295523],[-77.69096124,24.09815836],[-77.69085932,24.09843755],[-77.69372487,24.09843755],[-77.6953125,24.09654021],[-77.6953125,24.09542406],[-77.6953125,24.09402895],[-77.6953125,24.09263384],[-77.69998193,24.08667386]],[[-77.69108868,23.69385874],[-77.69078505,23.69486344],[-77.69092274,23.69501126],[-77.69450426,23.69662595],[-77.6953125,23.69670761],[-77.69674885,23.6961832],[-77.69696677,23.69554961],[-77.69574201,23.69359922],[-77.6953125,23.69363844],[-77.69233561,23.69228184],[-77.69108868,23.69385874]],[[-77.69136155,24.58245182],[-77.69092262,24.58473837],[-77.69140196,24.58542061],[-77.69203198,24.58583295],[-77.69255388,24.58524001],[-77.69252884,24.58263314],[-77.69161356,24.58234346],[-77.69136155,24.58245182]],[[-77.69391394,26.99673307],[-77.6912955,26.99537146],[-77.69389594,26.99856424],[-77.69424391,26.99863994],[-77.69391394,26.99673307]],[[-77.69254947,23.68387401],[-77.69143641,23.68613207],[-77.69149923,23.68669188],[-77.69253874,23.68802631],[-77.6928997,23.68815351],[-77.6953125,23.68777895],[-77.69557881,23.68726075],[-77.6953125,23.68638384],[-77.69254947,23.68387401]],[[-77.7033869,23.83893037],[-77.70705664,23.83823943],[-77.70865071,23.83692098],[-77.70685112,23.83531761],[-77.70095503,23.83500552],[-77.69947004,23.83282328],[-77.69577813,23.83067274],[-77.6953125,23.83063614],[-77.69214821,23.83150852],[-77.69206858,23.83166981],[-77.69450676,23.83639205],[-77.6953125,23.83677447],[-77.69666255,23.83812773],[-77.69699383,23.838256],[-77.69882715,23.83835757],[-77.70307195,23.83892965],[-77.7033869,23.83893037]],[[-77.69336808,24.63265824],[-77.69300067,24.63257301],[-77.69266593,24.63295472],[-77.69241941,24.63608861],[-77.69265342,24.63633835],[-77.69370723,24.63418198],[-77.69336808,24.63265824]],[[-77.6953125,24.65066957],[-77.69698536,24.6512469],[-77.69740355,24.64957893],[-77.69650495,24.64761746],[-77.6953125,24.64760041],[-77.69411027,24.64746881],[-77.6938163,24.64846265],[-77.69435251,24.64952648],[-77.6953125,24.65039063],[-77.6953125,24.65066957]],[[-77.69890487,24.14718902],[-77.69576836,24.14600277],[-77.6953125,24.14620531],[-77.6953125,24.14732134],[-77.69890046,24.14731395],[-77.69890487,24.14718902]],[[-77.69659185,23.68770266],[-77.69841301,23.6891402],[-77.69896531,23.68921638],[-77.70056558,23.6878159],[-77.69965196,23.68644536],[-77.69918776,23.68623066],[-77.69744027,23.68642104],[-77.69690323,23.68686855],[-77.69659185,23.68770266]],[[-77.69933152,23.82871866],[-77.70271444,23.82597303],[-77.70031643,23.82721496],[-77.69961298,23.82562542],[-77.69812655,23.82541156],[-77.69744384,23.82711184],[-77.69777584,23.82755184],[-77.69933152,23.82871866]],[[-77.70440066,23.71416736],[-77.70717704,23.71483445],[-77.70751941,23.71443093],[-77.7068634,23.71225202],[-77.70667255,23.7118721],[-77.70383406,23.71129108],[-77.70315552,23.70879614],[-77.69848967,23.71001983],[-77.70064354,23.71206403],[-77.70279658,23.71222281],[-77.70309818,23.71272075],[-77.70391166,23.71392393],[-77.70440066,23.71416736]],[[-77.70157802,23.82572198],[-77.70436335,23.82266736],[-77.70428252,23.82257581],[-77.70211852,23.82175195],[-77.70096815,23.82206607],[-77.70069563,23.82239032],[-77.70029128,23.82411194],[-77.70103145,23.82532454],[-77.70157802,23.82572198]],[[-77.70212555,23.72233856],[-77.70519221,23.72285163],[-77.70681214,23.72273624],[-77.70921755,23.72200334],[-77.70926785,23.72175753],[-77.70763433,23.72031152],[-77.70726836,23.72022116],[-77.70053005,23.71960497],[-77.70031023,23.71995437],[-77.70049822,23.72107363],[-77.70212555,23.72233856]],[[-77.71818984,23.70212555],[-77.72125423,23.69826424],[-77.72228825,23.69415605],[-77.71875191,23.69352984],[-77.71702397,23.69082844],[-77.71806955,23.69006884],[-77.72186875,23.69062746],[-77.72473645,23.68902862],[-77.72675741,23.6906687],[-77.73037016,23.68975675],[-77.73261905,23.68542028],[-77.72876275,23.68043184],[-77.72609925,23.67963576],[-77.72914624,23.67792523],[-77.73015106,23.67780864],[-77.73524141,23.67872834],[-77.7356621,23.67841995],[-77.73540902,23.67507136],[-77.73528707,23.67470706],[-77.73444331,23.67374647],[-77.73320663,23.67317176],[-77.7328037,23.67307413],[-77.72931576,23.67427695],[-77.72312343,23.67246413],[-77.71940327,23.67513037],[-77.71836436,23.67847586],[-77.71573627,23.6784687],[-77.71396625,23.6818639],[-77.7106992,23.68419695],[-77.71029115,23.68848598],[-77.71294475,23.69196367],[-77.70995045,23.69836044],[-77.70749927,23.69747031],[-77.71128476,23.69321466],[-77.70947826,23.68818355],[-77.70952463,23.68013024],[-77.70842385,23.67947531],[-77.70750666,23.67963397],[-77.70582378,23.68081403],[-77.70365214,23.68064535],[-77.70305777,23.6812731],[-77.70099914,23.68515933],[-77.70087481,23.68627226],[-77.70111156,23.68714845],[-77.70546401,23.69164205],[-77.70305204,23.69490445],[-77.70483625,23.69846845],[-77.70495522,23.6990298],[-77.70459461,23.70383561],[-77.70466018,23.70418048],[-77.70565343,23.70676684],[-77.70587921,23.70698524],[-77.70995975,23.70805836],[-77.71007597,23.70854282],[-77.71889007,23.72115374],[-77.71948195,23.72198451],[-77.71981168,23.72219038],[-77.72170103,23.72133052],[-77.71938217,23.71965873],[-77.7210505,23.71851683],[-77.72088516,23.7150352],[-77.71911335,23.71545982],[-77.71698976,23.7134006],[-77.71539605,23.7142539],[-77.71511996,23.71414614],[-77.71486282,23.71361232],[-77.71584046,23.71126795],[-77.71482146,23.70968211],[-77.71639335,23.70631552],[-77.71688712,23.70620763],[-77.71825767,23.70655537],[-77.71974218,23.70853376],[-77.72270715,23.70806396],[-77.72275031,23.70549321],[-77.71860862,23.70405555],[-77.71818984,23.70212555]],[[-77.70234144,23.67645335],[-77.70474946,23.67761505],[-77.70475423,23.67780793],[-77.70178294,23.67773521],[-77.70184565,23.67818165],[-77.70242381,23.67860997],[-77.70460916,23.67876327],[-77.70492613,23.67885911],[-77.70571494,23.67743504],[-77.70652592,23.67576766],[-77.70641172,23.67551136],[-77.70335102,23.6747483],[-77.70229936,23.67542517],[-77.70213223,23.67621934],[-77.70234144,23.67645335]],[[-77.72369945,27.01274705],[-77.72000003,27.00805545],[-77.71694446,27.0063889],[-77.71222222,27.00416672],[-77.70749986,27.00250006],[-77.7052778,27.00207555],[-77.70361114,27.00305545],[-77.70361114,27.00333333],[-77.71388876,27.0063889],[-77.72369945,27.01274705]],[[-77.70962048,23.82399702],[-77.70795226,23.82348406],[-77.70371485,23.82610416],[-77.70650291,23.82541561],[-77.70962048,23.82399702]],[[-77.70653796,23.67493725],[-77.70726323,23.67530763],[-77.70691562,23.67430031],[-77.70988107,23.67254281],[-77.71035481,23.67048287],[-77.7086544,23.67125535],[-77.70663846,23.67055714],[-77.70581293,23.67220736],[-77.70602036,23.67449343],[-77.70653796,23.67493725]],[[-77.70957005,23.83971524],[-77.70844173,23.8397001],[-77.70720303,23.84069705],[-77.70743895,23.84091234],[-77.71009541,23.84154642],[-77.71061873,23.84103346],[-77.70957005,23.83971524]],[[-77.7141391,26.91475654],[-77.70756948,26.91367102],[-77.70748866,26.91385901],[-77.71238101,26.91510713],[-77.7141391,26.91475654]],[[-77.70885873,23.67792666],[-77.71129191,23.67954135],[-77.71187973,23.6797477],[-77.71208441,23.67790926],[-77.71189785,23.67772055],[-77.70968664,23.67739308],[-77.70900071,23.67768013],[-77.70885873,23.67792666]],[[-77.71440375,25.5506556],[-77.71481276,25.54203582],[-77.71345866,25.53960288],[-77.71570528,25.53970432],[-77.71557176,25.54293966],[-77.71841252,25.5418359],[-77.71900356,25.54083526],[-77.71907341,25.54034126],[-77.71604991,25.53703964],[-77.71487164,25.52907097],[-77.71429563,25.52898681],[-77.71332824,25.52956915],[-77.71215832,25.53934205],[-77.71093881,25.5543555],[-77.71117306,25.55452454],[-77.71440375,25.5506556]],[[-77.72127748,25.56711233],[-77.71982133,25.56348646],[-77.71932352,25.56377614],[-77.7184962,25.56525207],[-77.71818936,25.56529021],[-77.71670425,25.56393731],[-77.7138195,25.56430018],[-77.71312237,25.5645287],[-77.71221638,25.56608605],[-77.71546745,25.57046676],[-77.71926868,25.58534396],[-77.72302234,25.58941185],[-77.72257006,25.59119833],[-77.72516084,25.59116602],[-77.72702873,25.59303665],[-77.72801423,25.59128034],[-77.72795892,25.59086156],[-77.72654486,25.58999193],[-77.72589934,25.5852946],[-77.72303832,25.58302987],[-77.72443402,25.57995605],[-77.72267234,25.57887018],[-77.72149944,25.57541692],[-77.72372365,25.57894886],[-77.72428191,25.57308841],[-77.72601712,25.5704509],[-77.72127748,25.56711233]],[[-77.72410023,26.87336338],[-77.72557282,26.87133873],[-77.72429097,26.86853433],[-77.71316576,26.87221515],[-77.71270311,26.87517977],[-77.71286225,26.87569344],[-77.71472204,26.8782711],[-77.71510494,26.87808132],[-77.71826506,26.87776577],[-77.72410023,26.87336338]],[[-77.7136656,23.86229765],[-77.71334052,23.86311758],[-77.71467698,23.86320507],[-77.71772313,23.86187565],[-77.71802497,23.86137295],[-77.71789062,23.86102664],[-77.7148118,23.86111557],[-77.7136656,23.86229765]],[[-77.74074423,24.31634831],[-77.73954475,24.31689155],[-77.73703587,24.31647825],[-77.72518396,24.31842375],[-77.72456133,24.31867015],[-77.72264302,24.32118034],[-77.7227354,24.3249284],[-77.72057962,24.32682061],[-77.71800137,24.32659495],[-77.71528065,24.32774126],[-77.71444523,24.32843912],[-77.71381962,24.32996535],[-77.71562564,24.33078814],[-77.72855663,24.32735133],[-77.7361598,24.32893276],[-77.74119461,24.32628667],[-77.73926365,24.32397318],[-77.73505747,24.32425284],[-77.73506665,24.3224411],[-77.7407248,24.32167614],[-77.74782252,24.31855547],[-77.75206661,24.31844521],[-77.75657856,24.31482196],[-77.75042915,24.31226242],[-77.74074423,24.31634831]],[[-77.74002051,25.46982658],[-77.73985755,25.46942258],[-77.73899436,25.46842265],[-77.73755002,25.4679538],[-77.73481441,25.46868443],[-77.73480487,25.47137713],[-77.73151088,25.47757161],[-77.73127866,25.4778583],[-77.72815204,25.4804219],[-77.72438002,25.48175776],[-77.72112513,25.4867866],[-77.71905386,25.4869132],[-77.71907926,25.48828125],[-77.71912098,25.48828125],[-77.71912932,25.48891246],[-77.72156203,25.49970114],[-77.72008085,25.50960314],[-77.71844602,25.51447916],[-77.71824706,25.51492751],[-77.71399343,25.51894104],[-77.71411765,25.52364397],[-77.71448171,25.5236845],[-77.71716595,25.52176821],[-77.71713853,25.52074552],[-77.72232926,25.51978111],[-77.72344637,25.51926517],[-77.72445345,25.51811612],[-77.72568154,25.51465786],[-77.72640455,25.51153505],[-77.72431815,25.50993705],[-77.7241683,25.50925601],[-77.72492743,25.5046941],[-77.72354352,25.50228751],[-77.72414196,25.49131012],[-77.72437155,25.48990715],[-77.72561431,25.48828125],[-77.72586966,25.48828125],[-77.72662377,25.48561394],[-77.73019791,25.48235154],[-77.7348572,25.48159814],[-77.73910391,25.47944474],[-77.73940337,25.47898376],[-77.73910165,25.47587955],[-77.74225092,25.47301257],[-77.73924851,25.47199702],[-77.74002051,25.46982658]],[[-77.71469116,23.83753276],[-77.71559918,23.83777964],[-77.71686482,23.83696282],[-77.71714485,23.83583164],[-77.71653783,23.83530426],[-77.71478796,23.83537078],[-77.71426535,23.83697605],[-77.71469116,23.83753276]],[[-77.71494424,23.83077753],[-77.7151494,23.83102965],[-77.71748221,23.83082581],[-77.72116625,23.83076465],[-77.72166204,23.83055961],[-77.72204387,23.82884824],[-77.71617031,23.82911074],[-77.71492815,23.82999194],[-77.71494424,23.83077753]],[[-78.03928196,24.26876557],[-78.03524256,24.26975966],[-78.03359306,24.27044022],[-78.03326881,24.2707448],[-78.03375685,24.27311266],[-78.03244317,24.2742002],[-78.02509892,24.27420163],[-78.02137172,24.27289665],[-78.01929414,24.2759037],[-78.01647735,24.27761126],[-78.01525164,24.27769303],[-78.01385581,24.27660644],[-78.01530623,24.27021563],[-78.01519477,24.26994216],[-78.01207304,24.26912546],[-78.00944376,24.27737784],[-78.00479507,24.27987075],[-78.00406754,24.28169096],[-78.00826311,24.28045905],[-78.01500332,24.28597152],[-78.02800751,24.28907955],[-78.02905297,24.29357767],[-78.02771485,24.29785883],[-78.03397608,24.29838312],[-78.03769672,24.30227971],[-78.02958286,24.30543983],[-78.02284801,24.30605376],[-78.01976883,24.30888605],[-78.01450407,24.30929184],[-78.00462258,24.32167804],[-77.98896885,24.3233422],[-77.97853076,24.32955515],[-77.97511816,24.33827162],[-77.97621834,24.34347653],[-77.97372746,24.34374762],[-77.97170675,24.34623194],[-77.97057927,24.34555948],[-77.97003186,24.34242606],[-77.96717977,24.34130597],[-77.96401012,24.34159923],[-77.96256805,24.34050465],[-77.96385777,24.33690405],[-77.96264315,24.33415496],[-77.95634055,24.33316088],[-77.95738745,24.33233392],[-77.96276391,24.33247221],[-77.96365082,24.32998085],[-77.95839906,24.32745433],[-77.95456982,24.32745445],[-77.95192397,24.32076573],[-77.95139456,24.32064104],[-77.95058811,24.32093775],[-77.94913065,24.32321036],[-77.94817293,24.32222295],[-77.94577336,24.32279301],[-77.94332242,24.32156491],[-77.93409956,24.32700157],[-77.9313966,24.32698774],[-77.92979264,24.32865095],[-77.92951405,24.32878435],[-77.92414916,24.33047235],[-77.92053556,24.32965445],[-77.91874564,24.33231962],[-77.89928412,24.34266865],[-77.89912558,24.34281754],[-77.89854407,24.34412718],[-77.89931464,24.34791243],[-77.89603627,24.34977424],[-77.89584303,24.35542893],[-77.89405525,24.35643351],[-77.89327824,24.35907471],[-77.89147711,24.35892284],[-77.89055204,24.35525084],[-77.89330804,24.35353196],[-77.89450705,24.35386801],[-77.89446771,24.35255206],[-77.88426316,24.35688102],[-77.88469315,24.35782826],[-77.88683474,24.35786605],[-77.88936055,24.3611598],[-77.89015126,24.36429417],[-77.88946152,24.36558795],[-77.88909924,24.36604845],[-77.88367724,24.36986446],[-77.88333595,24.37005007],[-77.87533426,24.37342465],[-77.87491512,24.37371051],[-77.87109375,24.37994981],[-77.87103474,24.3800019],[-77.86367702,24.38335967],[-77.87048078,24.38599336],[-77.87056565,24.38631785],[-77.86917186,24.38768613],[-77.86457694,24.38920856],[-77.86450052,24.39239275],[-77.86461484,24.39272916],[-77.87167704,24.39499414],[-77.87103367,24.39799035],[-77.87311113,24.40184355],[-77.87362611,24.40193045],[-77.87927485,24.39729333],[-77.8811239,24.39409137],[-77.88398004,24.392928],[-77.88439333,24.39317441],[-77.88433313,24.39366984],[-77.88176262,24.39491832],[-77.88007796,24.39830744],[-77.87666297,24.40107095],[-77.87633133,24.40317893],[-77.87659264,24.40328467],[-77.87954223,24.40304482],[-77.88016021,24.40162051],[-77.88371241,24.40092564],[-77.88536477,24.40166032],[-77.88272035,24.40263844],[-77.88386488,24.40439057],[-77.89249837,24.40503347],[-77.89497697,24.40223837],[-77.89618671,24.40372336],[-77.90243256,24.40063131],[-77.90233386,24.4025563],[-77.9050132,24.40622842],[-77.90470636,24.40904605],[-77.89856887,24.41063344],[-77.89552796,24.40940106],[-77.89366186,24.4128865],[-77.89011884,24.41107523],[-77.88664865,24.41136444],[-77.8864423,24.41170144],[-77.88643444,24.41280556],[-77.88830018,24.41502356],[-77.88719165,24.41894436],[-77.89092076,24.42246354],[-77.89115965,24.42562151],[-77.88853884,24.42576992],[-77.88645744,24.42337906],[-77.88299334,24.42259955],[-77.88172245,24.41750276],[-77.8817873,24.41696608],[-77.88224745,24.41632235],[-77.88443816,24.41680515],[-77.88464618,24.41668677],[-77.88456666,24.41563463],[-77.88389492,24.4143877],[-77.8824017,24.41295433],[-77.88198447,24.41276348],[-77.87847066,24.4125092],[-77.87789154,24.41229534],[-77.87674296,24.41126585],[-77.87638855,24.41071165],[-77.87672484,24.40977645],[-77.880373,24.40852368],[-77.87932134,24.40627945],[-77.87868905,24.40604198],[-77.87708354,24.40629435],[-77.87265265,24.4082545],[-77.87449753,24.41227424],[-77.87109375,24.41116297],[-77.87074184,24.41144705],[-77.87003827,24.41261888],[-77.87025154,24.41771662],[-77.86907256,24.42032445],[-77.86700845,24.41971386],[-77.86850846,24.41255915],[-77.86641335,24.41224825],[-77.86587608,24.4140079],[-77.86423445,24.41446686],[-77.86059356,24.41991687],[-77.86113286,24.42614281],[-77.85540557,24.42789495],[-77.85556531,24.42590427],[-77.85414386,24.42467701],[-77.85528004,24.42200291],[-77.85439801,24.42100227],[-77.84821951,24.42511547],[-77.847211,24.42709601],[-77.84414911,24.4279654],[-77.84367084,24.42824364],[-77.83603406,24.43316925],[-77.83605993,24.43359375],[-77.83599865,24.43359375],[-77.83436525,24.43564415],[-77.82604015,24.43979645],[-77.82798636,24.44202876],[-77.82754564,24.44225514],[-77.82517266,24.44329417],[-77.82419085,24.44175446],[-77.82282305,24.44328344],[-77.81763017,24.44410956],[-77.81366825,24.44311166],[-77.81323385,24.44317055],[-77.811257,24.44440484],[-77.80920792,24.44394922],[-77.80838931,24.44498861],[-77.80655682,24.44366336],[-77.79109764,24.44478333],[-77.78904855,24.44623911],[-77.78632927,24.44622016],[-77.78745306,24.44743812],[-77.78428531,24.44835186],[-77.77725637,24.44817472],[-77.77332664,24.44915688],[-77.77033985,24.45301831],[-77.76858068,24.45343804],[-77.76799154,24.45251298],[-77.77008414,24.44996333],[-77.76948523,24.44940913],[-77.76499784,24.45274997],[-77.76388097,24.45599174],[-77.7610141,24.45360851],[-77.75868273,24.45763433],[-77.75594068,24.45964777],[-77.74907267,24.46397805],[-77.74544871,24.46498775],[-77.73979807,24.46381533],[-77.74228728,24.46172655],[-77.74081147,24.45981967],[-77.73867273,24.46087062],[-77.73743606,24.45959055],[-77.73337436,24.45917225],[-77.73300016,24.45937371],[-77.73054206,24.46659636],[-77.71882725,24.47808194],[-77.71837676,24.48021054],[-77.72010303,24.48553395],[-77.71993625,24.48591256],[-77.71877694,24.48696077],[-77.71828854,24.48714316],[-77.71540594,24.48703635],[-77.71504843,24.4873836],[-77.71498454,24.48793554],[-77.71782565,24.4963634],[-77.71776462,24.51487446],[-77.71788752,24.51549935],[-77.72079051,24.52074766],[-77.72328866,24.52123213],[-77.72373557,24.52575636],[-77.72540236,24.52721274],[-77.72660041,24.53080416],[-77.73122787,24.52830052],[-77.72960484,24.52682555],[-77.73034585,24.52520573],[-77.73363614,24.52402437],[-77.73512292,24.52502072],[-77.7394824,24.53837836],[-77.74808967,24.55029905],[-77.74823141,24.55082965],[-77.74887156,24.55457497],[-77.74812543,24.55895245],[-77.74548376,24.56318617],[-77.74608147,24.56510615],[-77.74425995,24.56376612],[-77.74200666,24.56581974],[-77.73826325,24.56341207],[-77.73764145,24.56440926],[-77.73796475,24.56618905],[-77.74091804,24.56687224],[-77.74670505,24.56587851],[-77.74882054,24.57477808],[-77.74387312,24.57129645],[-77.74266708,24.57248771],[-77.74453402,24.57619154],[-77.74909854,24.57714283],[-77.74904132,24.58109891],[-77.75039327,24.58325672],[-77.74996805,24.58680606],[-77.74763978,24.58595514],[-77.74500406,24.5891813],[-77.74254334,24.58967864],[-77.74151766,24.59250104],[-77.74452758,24.59391451],[-77.74559295,24.59157062],[-77.74699843,24.59132922],[-77.75528705,24.59374261],[-77.75622177,24.59429145],[-77.75760961,24.59636772],[-77.75809503,24.59779072],[-77.75899255,24.60235095],[-77.75942016,24.60913622],[-77.75920713,24.60935974],[-77.75155771,24.61178517],[-77.75138235,24.61400437],[-77.74772346,24.61570644],[-77.74922144,24.62072504],[-77.74732077,24.62551153],[-77.74720323,24.62933385],[-77.74264908,24.62875211],[-77.74143815,24.6309334],[-77.74166834,24.63313341],[-77.74385595,24.63318002],[-77.74397254,24.64297795],[-77.74135184,24.64712608],[-77.73879325,24.64800644],[-77.74316001,24.65098846],[-77.74674678,24.65647376],[-77.74950898,24.65719557],[-77.75147724,24.65914083],[-77.75145543,24.66326046],[-77.74749637,24.67090404],[-77.74861968,24.67418766],[-77.74862266,24.67455661],[-77.74753034,24.67678845],[-77.74780631,24.67769277],[-77.7491188,24.67958224],[-77.74948192,24.67975402],[-77.75204575,24.67908955],[-77.75204754,24.68084228],[-77.75023568,24.68285334],[-77.75088024,24.68372488],[-77.75273502,24.68358445],[-77.75537622,24.68083954],[-77.75538433,24.68046415],[-77.75356197,24.67632985],[-77.75127745,24.67496705],[-77.74985242,24.67199254],[-77.75216055,24.66994572],[-77.75614595,24.68091607],[-77.75719166,24.68085206],[-77.75843632,24.68290114],[-77.75737727,24.68581521],[-77.75397742,24.6873579],[-77.75566506,24.69275796],[-77.75586736,24.69317567],[-77.76443303,24.70755374],[-77.76732457,24.70891357],[-77.77023912,24.71276855],[-77.77026224,24.71642292],[-77.77350342,24.71687317],[-77.77680683,24.72123861],[-77.78309214,24.72564995],[-77.7835083,24.7255584],[-77.80106068,24.71726406],[-77.80493546,24.71451676],[-77.80572581,24.71375012],[-77.80591881,24.71304035],[-77.8037101,24.71124053],[-77.80382347,24.71020794],[-77.80400145,24.70976365],[-77.80898941,24.70446813],[-77.81292272,24.70157146],[-77.81633472,24.69980633],[-77.82555747,24.69679582],[-77.83019984,24.69283342],[-77.83167207,24.6920228],[-77.83450103,24.69086015],[-77.84358716,24.68996382],[-77.84810305,24.68472731],[-77.84843278,24.6846739],[-77.847965,24.68801534],[-77.84489954,24.68967855],[-77.85046625,24.69439113],[-77.85247767,24.69306827],[-77.85264754,24.69291794],[-77.85739374,24.68606007],[-77.85868013,24.68232977],[-77.85522366,24.68125915],[-77.85505712,24.67840755],[-77.85192692,24.67821491],[-77.85211885,24.67440605],[-77.85249984,24.67363214],[-77.85351133,24.67300606],[-77.85858583,24.6720854],[-77.86173666,24.67347646],[-77.86478305,24.67250383],[-77.86689222,24.67326248],[-77.86727917,24.67299664],[-77.86952746,24.66752148],[-77.86958373,24.66689765],[-77.87076545,24.66670644],[-77.87124908,24.66757536],[-77.87408435,24.67870784],[-77.87121022,24.68115246],[-77.86805785,24.68710947],[-77.86969697,24.68825984],[-77.87526405,24.68853354],[-77.88047135,24.68747056],[-77.89206338,24.67587006],[-77.89191604,24.67452264],[-77.88839281,24.67414248],[-77.88697934,24.67621374],[-77.88786387,24.67806387],[-77.88537467,24.67627513],[-77.88554394,24.67121303],[-77.88752973,24.66970205],[-77.88935113,24.67108631],[-77.88978303,24.66758072],[-77.89015818,24.66736794],[-77.89298415,24.66677177],[-77.89565575,24.66963923],[-77.89729106,24.66845644],[-77.89688635,24.67228067],[-77.89793408,24.67266572],[-77.89819515,24.67266393],[-77.89900684,24.67105365],[-77.90193176,24.67225516],[-77.90801156,24.66822314],[-77.90963626,24.66673791],[-77.9096595,24.66591728],[-77.9092586,24.66593206],[-77.90072227,24.66791141],[-77.89930022,24.66768074],[-77.89866781,24.66701901],[-77.89911163,24.66591644],[-77.90109718,24.66490757],[-77.89994144,24.66085827],[-77.90468681,24.65809286],[-77.90338874,24.65582204],[-77.90759397,24.65464306],[-77.90849352,24.65383744],[-77.90847647,24.65361714],[-77.90736866,24.65194786],[-77.90871,24.64957082],[-77.91418886,24.64681554],[-77.91454554,24.64682186],[-77.91584003,24.64769196],[-77.91600776,24.65030015],[-77.9213562,24.65287113],[-77.9219892,24.65526974],[-77.92027485,24.65687084],[-77.92195272,24.65767455],[-77.92253745,24.66059077],[-77.93079305,24.65834343],[-77.93587816,24.65531123],[-77.94063354,24.65481031],[-77.94588125,24.65175188],[-77.94358385,24.65479445],[-77.93833983,24.65581405],[-77.93109286,24.66257501],[-77.92407167,24.66577017],[-77.92290294,24.66894245],[-77.91835785,24.67199922],[-77.91904771,24.67486966],[-77.92903554,24.6765784],[-77.92183435,24.67825568],[-77.92435145,24.6787765],[-77.92866755,24.67782128],[-77.93064594,24.67963433],[-77.92749524,24.68371224],[-77.92431974,24.68551505],[-77.93237686,24.6891216],[-77.93478084,24.68818104],[-77.93999243,24.69188094],[-77.94931245,24.68736207],[-77.94982505,24.68600285],[-77.94817054,24.68435216],[-77.948439,24.68429518],[-77.95002675,24.68481195],[-77.9516052,24.68689394],[-77.95806217,24.6841861],[-77.95995247,24.68664801],[-77.96400511,24.68792474],[-77.96641576,24.68978286],[-77.96631503,24.68996322],[-77.96536672,24.69069505],[-77.9607383,24.69008434],[-77.94881618,24.69132376],[-77.94307327,24.69393528],[-77.94356716,24.69547272],[-77.94666076,24.69487524],[-77.94742334,24.69573343],[-77.94376135,24.70265651],[-77.93572533,24.70675755],[-77.93385172,24.71082342],[-77.93209684,24.71185827],[-77.92000234,24.71492565],[-77.92020524,24.71843922],[-77.91892958,24.71780646],[-77.91908014,24.71546161],[-77.91724074,24.71459067],[-77.91774464,24.71749794],[-77.91568875,24.71844101],[-77.91561544,24.71515274],[-77.91034615,24.71729195],[-77.89942682,24.71403515],[-77.89642191,24.71403623],[-77.86859036,24.72641826],[-77.86849534,24.72736788],[-77.87245286,24.72827494],[-77.87218738,24.72944975],[-77.85772753,24.73267126],[-77.8529129,24.73250341],[-77.83665645,24.73499966],[-77.83191371,24.7396543],[-77.82657242,24.7420454],[-77.82381034,24.74511182],[-77.82004333,24.74495888],[-77.82020903,24.74288261],[-77.81771255,24.74170804],[-77.81839848,24.74038827],[-77.81861663,24.74026263],[-77.82045805,24.74179184],[-77.82343745,24.74153626],[-77.82378066,24.74126637],[-77.82418513,24.74044144],[-77.82135367,24.73834312],[-77.82471907,24.73831356],[-77.82586765,24.73980784],[-77.82618308,24.73827851],[-77.82403147,24.73597193],[-77.82447565,24.73398125],[-77.82720375,24.73250377],[-77.83031094,24.72757602],[-77.83416164,24.72616875],[-77.83811915,24.72030437],[-77.8340646,24.71482146],[-77.83537746,24.71199882],[-77.83543384,24.71133816],[-77.83520365,24.7068876],[-77.83345926,24.70498681],[-77.83552861,24.70348787],[-77.83543324,24.70306027],[-77.83462572,24.70237267],[-77.82732415,24.6999408],[-77.82630014,24.69987905],[-77.82466233,24.6998378],[-77.82106102,24.70158684],[-77.81850362,24.70512784],[-77.81822002,24.70906246],[-77.81821132,24.70972037],[-77.81889915,24.71406138],[-77.82073104,24.71702075],[-77.82032406,24.71880853],[-77.81755662,24.71878552],[-77.81238937,24.71262646],[-77.80960965,24.71250641],[-77.80686104,24.71430135],[-77.80568945,24.71755004],[-77.78352821,24.72629774],[-77.78337896,24.72644055],[-77.79308796,24.73711526],[-77.79808474,24.73877406],[-77.80169654,24.738047],[-77.80200362,24.73816216],[-77.80627131,24.74015951],[-77.80785012,24.74145532],[-77.80944073,24.74354768],[-77.80957687,24.74392593],[-77.80896986,24.74719512],[-77.81138563,24.74841332],[-77.81228363,24.75172365],[-77.81723285,24.75284004],[-77.82018447,24.75600231],[-77.82135415,24.75967753],[-77.82586884,24.76096261],[-77.82842994,24.76556325],[-77.83047664,24.77313638],[-77.83539045,24.77843034],[-77.84108174,24.78328931],[-77.84409773,24.78515625],[-77.84466505,24.78515625],[-77.84523571,24.78561473],[-77.85062182,24.79314184],[-77.85783291,24.79955053],[-77.86129105,24.8073827],[-77.86703634,24.81311893],[-77.86897755,24.81715155],[-77.87198746,24.81997502],[-77.88079977,24.82486892],[-77.88353443,24.82823074],[-77.88745987,24.83613575],[-77.88846266,24.84500456],[-77.89143467,24.84442866],[-77.89537108,24.84751666],[-77.90188205,24.85755694],[-77.90636694,24.87627816],[-77.91303611,24.87776387],[-77.91376472,24.87701201],[-77.91243315,24.87346232],[-77.91084862,24.87378705],[-77.90927875,24.87096405],[-77.90985775,24.86894417],[-77.90634811,24.86745596],[-77.90734041,24.86269724],[-77.90515125,24.86144865],[-77.90473866,24.85876715],[-77.90247703,24.85688221],[-77.90193295,24.85139024],[-77.89709687,24.84862435],[-77.89912677,24.84343851],[-77.90328836,24.8426882],[-77.90308762,24.8458091],[-77.90520513,24.84779572],[-77.90435755,24.85687017],[-77.90593171,24.85721576],[-77.90805125,24.85534716],[-77.90965021,24.85558975],[-77.90970385,24.85866392],[-77.91542411,24.86593032],[-77.91682243,24.87088907],[-77.913782,24.87373996],[-77.91929615,24.88072014],[-77.92227066,24.89243817],[-77.92630768,24.89389575],[-77.92827344,24.89712155],[-77.93136203,24.89934134],[-77.93078637,24.90701866],[-77.92958117,24.90925086],[-77.93166673,24.91367376],[-77.93099105,24.92013133],[-77.93232715,24.91936886],[-77.93383956,24.92026222],[-77.93894875,24.93069613],[-77.94057822,24.93766534],[-77.94544971,24.94245493],[-77.94689667,24.95043325],[-77.94572926,24.95340276],[-77.9455353,24.95363045],[-77.942752,24.95013845],[-77.94128001,24.94660616],[-77.94123018,24.94632435],[-77.94175684,24.94448686],[-77.93753147,24.94358444],[-77.93259132,24.93860137],[-77.92595744,24.93784702],[-77.92282474,24.93990767],[-77.92559981,24.94238424],[-77.93091941,24.94170034],[-77.94235611,24.95235264],[-77.94277966,24.95418966],[-77.94309413,24.95446634],[-77.94629395,24.95510805],[-77.94647896,24.95546603],[-77.94672644,24.95696914],[-77.94426763,24.95968318],[-77.94423354,24.9609375],[-77.94436145,24.9609375],[-77.94347274,24.97514093],[-77.94094264,24.97900164],[-77.93774772,24.98002172],[-77.93760622,24.98156297],[-77.93978953,24.98317766],[-77.94253874,24.98166084],[-77.94736254,24.98632205],[-77.95004046,24.98511827],[-77.94884646,24.98373032],[-77.94726265,24.98383403],[-77.94740582,24.98246407],[-77.94969404,24.98307776],[-77.95208681,24.98870981],[-77.95629132,24.9900403],[-77.95704782,24.99050903],[-77.96180987,24.99521184],[-77.96253562,24.99512208],[-77.96308517,24.99425507],[-77.95987332,24.98851275],[-77.96555102,24.98894358],[-77.96613896,24.98766005],[-77.96495485,24.98479497],[-77.96763062,24.98348582],[-77.96786475,24.98090053],[-77.96006262,24.98232961],[-77.95705056,24.97557175],[-77.95845521,24.97453415],[-77.96264553,24.97666276],[-77.96411502,24.97650707],[-77.96459842,24.97604263],[-77.96488535,24.97306871],[-77.96655715,24.97196341],[-77.96485674,24.96964145],[-77.9675709,24.96763611],[-77.96073925,24.96133041],[-77.97014225,24.95948911],[-77.96772945,24.95803344],[-77.96896684,24.95684934],[-77.96938813,24.95679498],[-77.97410452,24.95863605],[-77.97514534,24.95935965],[-77.97726727,24.96361136],[-77.97630715,24.97075474],[-77.97378135,24.97119677],[-77.97253835,24.97090507],[-77.97241926,24.97059476],[-77.97463024,24.9695363],[-77.97461891,24.96911657],[-77.97262502,24.964064],[-77.97102737,24.96349096],[-77.96996474,24.96436834],[-77.96914995,24.96912491],[-77.96988511,24.97255445],[-77.96872938,24.97522914],[-77.96883535,24.97591448],[-77.97160983,24.97679663],[-77.97154081,24.98036885],[-77.97317183,24.98075998],[-77.97489011,24.98020422],[-77.97771215,24.97820532],[-77.97877145,24.97600591],[-77.98239863,24.97403896],[-77.98742747,24.97630155],[-77.98778415,24.97654116],[-77.98630381,24.97854924],[-77.98534834,24.97897017],[-77.98446465,24.97919071],[-77.98438275,24.97823095],[-77.98153758,24.97799397],[-77.97962225,24.98098063],[-77.9792968,24.98115313],[-77.97681415,24.98053944],[-77.97643316,24.98064733],[-77.97461462,24.98151326],[-77.97464263,24.98244655],[-77.97786617,24.98455465],[-77.98102975,24.98893797],[-77.99038184,24.98755026],[-77.99166715,24.98843515],[-77.99164605,24.98923147],[-77.99122775,24.98980296],[-77.98551381,24.99148858],[-77.98415327,24.99500656],[-77.98626864,24.99930728],[-77.98075962,25.00283182],[-77.97808933,25.00308323],[-77.97735405,25.00433075],[-77.97881258,25.00520456],[-77.98008311,25.00846791],[-77.98322284,25.00973141],[-77.98188531,25.01185882],[-77.98272145,25.01352978],[-77.98202956,25.01545572],[-77.98325646,25.01632631],[-77.98410654,25.01994026],[-77.98184144,25.02231085],[-77.97834361,25.0226171],[-77.97758865,25.02610385],[-77.97628927,25.02680957],[-77.97745275,25.03116536],[-77.97492313,25.03864336],[-77.97691262,25.04497063],[-77.9769119,25.04598904],[-77.97633386,25.04856312],[-77.97533154,25.05002284],[-77.97437215,25.05078697],[-77.97240472,25.04998076],[-77.97139192,25.05078256],[-77.97390175,25.05207992],[-77.97315776,25.05555224],[-77.97195876,25.057289],[-77.96733165,25.05879796],[-77.96554637,25.05859315],[-77.96506214,25.05843425],[-77.96424103,25.05644381],[-77.96153855,25.05512285],[-77.95762634,25.05783594],[-77.96426594,25.0721935],[-77.97125065,25.08339846],[-77.97361922,25.08559644],[-77.98274994,25.08540463],[-77.9833945,25.08665204],[-77.98240745,25.08857715],[-77.98373377,25.08884191],[-77.98441994,25.09167051],[-77.98615325,25.09209466],[-77.98704875,25.09450936],[-77.98891485,25.09473014],[-77.98849642,25.09315693],[-77.98992264,25.09051824],[-77.98728287,25.08866715],[-77.98772991,25.08768594],[-77.98596454,25.08601654],[-77.98498797,25.08228254],[-77.98266315,25.08051205],[-77.98560345,25.07909787],[-77.99260426,25.08166611],[-77.99713206,25.08486283],[-77.99760926,25.08658266],[-78.00208497,25.08854795],[-78.00826383,25.08849585],[-78.00523055,25.09309661],[-78.00109255,25.09079635],[-77.9999274,25.09127057],[-77.99489105,25.09844005],[-77.99569714,25.09928358],[-77.99664462,25.09827876],[-77.99773455,25.09879994],[-77.99669957,25.09990263],[-77.99992645,25.10204315],[-78.00113702,25.10022354],[-78.00156474,25.09999871],[-78.00261104,25.10043383],[-78.00362384,25.10133374],[-78.00572002,25.10679603],[-78.00584972,25.10763121],[-78.00528002,25.11143267],[-78.00420475,25.11287045],[-78.00367784,25.1131711],[-77.99439371,25.11672962],[-77.99088216,25.12091172],[-77.99074137,25.1212275],[-77.99065995,25.12466586],[-77.98939025,25.12595487],[-77.99387705,25.1324054],[-77.99546432,25.13671875],[-77.99603546,25.13671875],[-77.99883318,25.14290774],[-78.00144994,25.14236665],[-78.00309086,25.14360845],[-78.00446951,25.14823496],[-78.00976563,25.15465355],[-78.02347183,25.17947876],[-78.02558768,25.18055797],[-78.02675343,25.17999816],[-78.0248363,25.17400551],[-78.02546692,25.17327321],[-78.03193533,25.17358482],[-78.03654075,25.17768347],[-78.04036772,25.1743927],[-78.04383492,25.17457807],[-78.04390645,25.17197216],[-78.046875,25.17159593],[-78.046875,25.171875],[-78.04885805,25.17246854],[-78.04923296,25.17407584],[-78.05238676,25.17623675],[-78.05600095,25.18073583],[-78.05620182,25.18242216],[-78.05648077,25.18272376],[-78.05782831,25.18296576],[-78.06212294,25.18107235],[-78.06485045,25.17898834],[-78.0654819,25.17757261],[-78.06553841,25.17679656],[-78.06365132,25.17587042],[-78.06352186,25.17454803],[-78.06895697,25.16349268],[-78.06651092,25.16217124],[-78.06030345,25.16336393],[-78.05878675,25.16269696],[-78.0537039,25.16505325],[-78.05303383,25.16503966],[-78.05121088,25.16358554],[-78.05150497,25.16306543],[-78.05960286,25.15975153],[-78.06370115,25.15939784],[-78.06719553,25.15988481],[-78.06992221,25.16106284],[-78.0701282,25.16135633],[-78.06765926,25.16859257],[-78.06894612,25.16990685],[-78.06920254,25.17000341],[-78.07224262,25.16950285],[-78.07563305,25.1706897],[-78.07619965,25.17060184],[-78.08286703,25.1680268],[-78.08335066,25.1675843],[-78.08374333,25.16595244],[-78.07614768,25.16400862],[-78.07139373,25.15934455],[-78.06520796,25.15764511],[-78.05532646,25.15815151],[-78.05837643,25.15440953],[-78.05998397,25.1540364],[-78.0586133,25.15194452],[-78.05999494,25.15208375],[-78.06513166,25.14792085],[-78.07784057,25.15277886],[-78.07875597,25.15510857],[-78.08141911,25.1544944],[-78.08281076,25.15620172],[-78.08530354,25.15567768],[-78.09169602,25.15809965],[-78.09322882,25.15702736],[-78.09514976,25.1574378],[-78.09720111,25.15504193],[-78.09588742,25.15069735],[-78.10255194,25.15098167],[-78.10557628,25.15194893],[-78.10620058,25.15425432],[-78.10964823,25.15384102],[-78.10906064,25.15051734],[-78.10661662,25.14810514],[-78.10703957,25.14687824],[-78.11278927,25.15087795],[-78.11258364,25.15616763],[-78.11523557,25.15615344],[-78.11656094,25.15409231],[-78.11855495,25.15532696],[-78.11935043,25.15269601],[-78.11824942,25.1459645],[-78.12182534,25.15243351],[-78.12587976,25.1534934],[-78.12697601,25.15266991],[-78.13002086,25.15791273],[-78.12932825,25.16008842],[-78.12713587,25.15929043],[-78.12676084,25.16003645],[-78.12927234,25.16220844],[-78.12860656,25.16443086],[-78.12951052,25.16731954],[-78.13640416,25.16923201],[-78.13816834,25.16777062],[-78.13979864,25.16950572],[-78.13894773,25.17059052],[-78.13992083,25.17195594],[-78.14512157,25.17400992],[-78.14685035,25.17605686],[-78.14958465,25.17606354],[-78.15549886,25.17876995],[-78.15859246,25.17718255],[-78.16714573,25.17822003],[-78.17087054,25.17677665],[-78.17858672,25.17614841],[-78.18945682,25.17667282],[-78.19185412,25.17585301],[-78.19454992,25.17734146],[-78.19746637,25.17520905],[-78.20156145,25.17522526],[-78.20176887,25.17730296],[-78.19872487,25.17667711],[-78.19636858,25.17780244],[-78.19585001,25.18206668],[-78.19689321,25.18302095],[-78.20328152,25.18076634],[-78.20516574,25.17833424],[-78.21125305,25.17727816],[-78.21323383,25.17835975],[-78.21316516,25.17918408],[-78.21026743,25.17917526],[-78.20744276,25.18106973],[-78.20880616,25.18447435],[-78.21117783,25.18425953],[-78.21270347,25.18631876],[-78.20836318,25.18501055],[-78.20573092,25.18084908],[-78.20383012,25.18224835],[-78.20354903,25.18463933],[-78.19817054,25.18423855],[-78.19395375,25.18544936],[-78.19053054,25.18513155],[-78.18841863,25.18295145],[-78.18058884,25.18151188],[-78.16780925,25.18077362],[-78.16054094,25.18125546],[-78.15815031,25.18486714],[-78.15620911,25.18313587],[-78.15216196,25.18232298],[-78.14937615,25.18515074],[-78.14566755,25.18691111],[-78.14685917,25.18917406],[-78.15055776,25.18908453],[-78.15304851,25.19084072],[-78.15858781,25.19134414],[-78.15854013,25.18899441],[-78.16357398,25.18858326],[-78.16628075,25.19011188],[-78.16044676,25.18924904],[-78.16004884,25.19199491],[-78.16283596,25.19573092],[-78.18371844,25.20333695],[-78.19847286,25.20612264],[-78.2093966,25.20297217],[-78.21310461,25.20476961],[-78.21675313,25.20479286],[-78.22250223,25.20211124],[-78.21995485,25.19739962],[-78.22179246,25.19594264],[-78.22574782,25.1964066],[-78.22745514,25.19009495],[-78.22981524,25.18804765],[-78.22728121,25.18404031],[-78.22536945,25.17675066],[-78.2210592,25.16890538],[-78.21791804,25.16668093],[-78.21702135,25.16418612],[-78.21672833,25.16086841],[-78.218225,25.15636635],[-78.22010088,25.15616405],[-78.22123682,25.15425086],[-78.21777797,25.15436232],[-78.21579623,25.15326202],[-78.21582985,25.14734113],[-78.21502125,25.14707482],[-78.21268272,25.14999306],[-78.21024692,25.14358222],[-78.21129501,25.14120746],[-78.21106482,25.14059114],[-78.20832872,25.13671875],[-78.20787954,25.13671875],[-78.20539713,25.1318711],[-78.20082796,25.12833357],[-78.19940686,25.11726284],[-78.19913304,25.11681664],[-78.18666983,25.10335195],[-78.17957544,25.09164226],[-78.18362582,25.08166957],[-78.18350363,25.07883143],[-78.17562664,25.06987846],[-78.17018533,25.05883217],[-78.17066658,25.0566591],[-78.16871154,25.0511409],[-78.16561687,25.04894245],[-78.16493571,25.04591703],[-78.16604877,25.04072416],[-78.16874397,25.03945363],[-78.17022192,25.03669071],[-78.17301714,25.02577865],[-78.17151725,25.02261746],[-78.16728807,25.01953101],[-78.16396904,25.01918936],[-78.16452777,25.01657832],[-78.16748965,25.01257467],[-78.16610265,25.00743735],[-78.16976762,25.00666416],[-78.17614985,25.00171721],[-78.17194104,24.99535203],[-78.17396235,24.98482788],[-78.17087924,24.97671592],[-78.17097354,24.97640264],[-78.17239106,24.97269165],[-78.17892444,24.96661997],[-78.18239856,24.9609375],[-78.18627882,24.95677698],[-78.18721724,24.95605028],[-78.19387448,24.95423615],[-78.19675255,24.94690001],[-78.19692087,24.94250083],[-78.19022644,24.92728913],[-78.18974423,24.92633855],[-78.18815994,24.92395878],[-78.18291485,24.91953731],[-78.18272221,24.91911805],[-78.18382895,24.91820812],[-78.18397713,24.9135946],[-78.18211925,24.91314483],[-78.18412757,24.90984285],[-78.18551505,24.90361834],[-78.18823707,24.90048015],[-78.18867183,24.89753187],[-78.18938947,24.89632654],[-78.19181526,24.89464033],[-78.19272315,24.89134777],[-78.19525325,24.88939166],[-78.19838226,24.88523161],[-78.20020533,24.88090432],[-78.20968366,24.86966205],[-78.21058035,24.86689675],[-78.20983934,24.86508095],[-78.21059978,24.86285782],[-78.21139765,24.86140466],[-78.21448565,24.8589524],[-78.21515822,24.85611618],[-78.21802378,24.85195053],[-78.21901381,24.85061264],[-78.22103214,24.84951794],[-78.22542095,24.84368181],[-78.22838402,24.84266531],[-78.23967051,24.84341156],[-78.24179816,24.84228587],[-78.24571395,24.84842086],[-78.24755788,24.83886456],[-78.25459075,24.83332276],[-78.25310028,24.82353032],[-78.25390506,24.8206495],[-78.25948906,24.81570232],[-78.25963843,24.81115627],[-78.26469255,24.80761874],[-78.26579106,24.80450201],[-78.26829171,24.80424535],[-78.27082884,24.80167234],[-78.27358305,24.80148745],[-78.27401221,24.79808307],[-78.27732253,24.79185033],[-78.28666103,24.7913686],[-78.29005516,24.79322243],[-78.29055131,24.79320204],[-78.29199827,24.79256666],[-78.29420614,24.79011488],[-78.29118633,24.78515625],[-78.29075992,24.78515625],[-78.28806818,24.78002286],[-78.28764212,24.77752686],[-78.28561318,24.77578998],[-78.28444624,24.77512062],[-78.26834297,24.76807332],[-78.26584792,24.76768863],[-78.26041198,24.76978004],[-78.25409913,24.76667535],[-78.24670505,24.76500881],[-78.23703218,24.75934267],[-78.23862553,24.75799715],[-78.23502612,24.75659621],[-78.22832108,24.749089],[-78.22434962,24.75035644],[-78.22114992,24.74627757],[-78.22195435,24.74571395],[-78.22833657,24.74826801],[-78.23482871,24.75331163],[-78.24641216,24.75983477],[-78.25410068,24.76202714],[-78.25568771,24.76392126],[-78.26113021,24.76527905],[-78.26763225,24.76441956],[-78.27404833,24.76922774],[-78.27980018,24.77037966],[-78.283234,24.77375722],[-78.28617477,24.77303505],[-78.29376066,24.77583003],[-78.29750633,24.77490592],[-78.30401218,24.77535296],[-78.30455136,24.7752552],[-78.30747914,24.76941013],[-78.30858254,24.76642907],[-78.30877316,24.76619482],[-78.31467962,24.76168036],[-78.31219351,24.75413716],[-78.30644345,24.74678314],[-78.30521071,24.74342454],[-78.30611992,24.73902285],[-78.31060624,24.73618245],[-78.31090581,24.73559356],[-78.31096017,24.73482883],[-78.31068087,24.73396313],[-78.30767715,24.73224843],[-78.30747914,24.73193634],[-78.30293536,24.72834325],[-78.30068052,24.7276504],[-78.29772186,24.72416973],[-78.29479837,24.72365296],[-78.29133987,24.72078443],[-78.29242694,24.71579051],[-78.29174173,24.70983505],[-78.29204905,24.70958185],[-78.29333055,24.71021676],[-78.29525256,24.70905852],[-78.29581892,24.70996547],[-78.29590476,24.71053934],[-78.29621506,24.71393597],[-78.29608166,24.71443522],[-78.29394031,24.71634758],[-78.29364824,24.71706104],[-78.29307485,24.71918035],[-78.29373205,24.72124004],[-78.29915667,24.72380817],[-78.30039895,24.72569537],[-78.30747914,24.73050833],[-78.31321144,24.73422801],[-78.31695378,24.73838806],[-78.31743443,24.73851383],[-78.31916118,24.73667192],[-78.31910324,24.73632145],[-78.31707334,24.73377585],[-78.31537914,24.72820234],[-78.31719983,24.72507203],[-78.32190776,24.72390234],[-78.32721281,24.72729266],[-78.32892573,24.72539127],[-78.32953465,24.7211374],[-78.33090735,24.72025454],[-78.32868743,24.71713173],[-78.32588553,24.71704602],[-78.32009006,24.71425557],[-78.31488883,24.70635605],[-78.31422603,24.70712686],[-78.31566036,24.71247816],[-78.31799126,24.71626902],[-78.31723905,24.72061193],[-78.31500816,24.72052836],[-78.31648767,24.71748304],[-78.31427872,24.71372664],[-78.31248653,24.70325267],[-78.31233025,24.70290565],[-78.30747914,24.69996512],[-78.30410242,24.69997287],[-78.30172992,24.69863522],[-78.30030727,24.69356155],[-78.29910016,24.69203413],[-78.29861307,24.69189215],[-78.29544771,24.69412386],[-78.29523778,24.69453263],[-78.29521644,24.69500434],[-78.29705477,24.69587314],[-78.29662693,24.69704425],[-78.29614007,24.69739985],[-78.29458511,24.69508147],[-78.29400826,24.69500673],[-78.29331934,24.69571924],[-78.29214716,24.69833386],[-78.29206932,24.69890511],[-78.29398096,24.70277977],[-78.28782105,24.70166695],[-78.28500998,24.69414556],[-78.28577542,24.69097447],[-78.28408766,24.68355072],[-78.28479195,24.68014514],[-78.28269434,24.67569494],[-78.28362715,24.67323005],[-78.28193104,24.66966271],[-78.28411627,24.66063452],[-78.27971995,24.65687382],[-78.27779913,24.65331042],[-78.28016031,24.64908123],[-78.27982795,24.64734864],[-78.27654183,24.64872777],[-78.27595997,24.65008295],[-78.27237856,24.65094137],[-78.27383506,24.65224254],[-78.27313244,24.65421104],[-78.27044427,24.65192914],[-78.26869297,24.65263772],[-78.27071393,24.65780485],[-78.27293026,24.65999627],[-78.27211988,24.66225815],[-78.27224004,24.66291583],[-78.27507412,24.66823757],[-78.27533793,24.66922855],[-78.2747457,24.67037344],[-78.27437031,24.67066121],[-78.27141356,24.67136276],[-78.27183855,24.67352831],[-78.26950014,24.67243803],[-78.26603293,24.66848302],[-78.26245475,24.67066205],[-78.25889647,24.6696707],[-78.25454247,24.67502761],[-78.25214517,24.67618597],[-78.25273764,24.67928255],[-78.25514352,24.67995334],[-78.25313854,24.68116641],[-78.25091815,24.68440998],[-78.25093031,24.68478692],[-78.25121164,24.68559027],[-78.25185478,24.68577886],[-78.25508165,24.68394363],[-78.25511575,24.68627441],[-78.25868046,24.68955815],[-78.25882316,24.69013917],[-78.25868046,24.69156802],[-78.2561841,24.69406462],[-78.25717366,24.70433056],[-78.25766444,24.70517075],[-78.26132047,24.70962214],[-78.26153147,24.70981264],[-78.26425636,24.71072876],[-78.26743925,24.71744704],[-78.27297151,24.71834815],[-78.27291393,24.7222172],[-78.27616167,24.72304797],[-78.27624285,24.7232846],[-78.27316475,24.72424924],[-78.27055895,24.72376204],[-78.27034676,24.72889662],[-78.28021658,24.73908377],[-78.28349864,24.7408185],[-78.28494895,24.7433902],[-78.29007566,24.74319816],[-78.28969026,24.74652672],[-78.29219937,24.74897516],[-78.29225731,24.75001824],[-78.29162776,24.75030208],[-78.28999746,24.75010085],[-78.28698647,24.74801993],[-78.28513825,24.74481463],[-78.28441274,24.74440384],[-78.28022265,24.74355102],[-78.27570808,24.73761392],[-78.26896286,24.73297715],[-78.26679218,24.71910155],[-78.26545644,24.71717656],[-78.26220512,24.71586716],[-78.26077855,24.71804404],[-78.25474155,24.71979773],[-78.25477874,24.71633565],[-78.25230098,24.71215475],[-78.24976695,24.71019483],[-78.24721444,24.70368385],[-78.24557352,24.70546854],[-78.24300587,24.70556712],[-78.24151826,24.70251131],[-78.24055254,24.70448065],[-78.23873913,24.70521712],[-78.23254824,24.70263112],[-78.22786546,24.70390224],[-78.22143686,24.70323861],[-78.22127485,24.70298862],[-78.22275245,24.70134687],[-78.22704852,24.70197964],[-78.23106253,24.69750261],[-78.23108852,24.69356537],[-78.23352683,24.69205844],[-78.23192525,24.68894684],[-78.23415577,24.68425012],[-78.23510241,24.68734705],[-78.23823667,24.68692195],[-78.23898911,24.68569624],[-78.23481596,24.68043733],[-78.23403931,24.6755408],[-78.22862124,24.68015075],[-78.22522533,24.68119287],[-78.22948432,24.6759274],[-78.22950625,24.67466974],[-78.22814453,24.67418158],[-78.22577226,24.67539275],[-78.22322035,24.67925406],[-78.22257495,24.68432903],[-78.21711445,24.68691576],[-78.2167418,24.68577194],[-78.22020197,24.68010604],[-78.22023058,24.67698145],[-78.22294736,24.67553115],[-78.22590375,24.66843045],[-78.22933865,24.66753435],[-78.23061585,24.67040503],[-78.23354805,24.66548657],[-78.23971725,24.66370416],[-78.24087572,24.65756094],[-78.24018502,24.65609896],[-78.23759127,24.654953],[-78.23778903,24.65353405],[-78.24486184,24.65147126],[-78.2476052,24.64841247],[-78.24801362,24.65138304],[-78.24945617,24.65295732],[-78.25028205,24.65226507],[-78.25055671,24.64637005],[-78.24747515,24.64495444],[-78.24645352,24.64267123],[-78.2436589,24.64129245],[-78.24095845,24.63752306],[-78.23906314,24.64075494],[-78.23946333,24.64352226],[-78.24050331,24.64579308],[-78.24361527,24.64560497],[-78.24563277,24.64819634],[-78.23535407,24.64936996],[-78.23231077,24.65443873],[-78.23551202,24.65695584],[-78.23512554,24.65980721],[-78.23086464,24.65978646],[-78.22768295,24.65745676],[-78.22669482,24.65481997],[-78.23185945,24.65192521],[-78.23185122,24.64884937],[-78.23379934,24.6463834],[-78.23347783,24.64307785],[-78.23608863,24.64424574],[-78.23699701,24.63875866],[-78.23488641,24.63416326],[-78.23801255,24.63201046],[-78.23934794,24.63493538],[-78.24336374,24.63608682],[-78.24777436,24.63455665],[-78.25352478,24.63615274],[-78.25876987,24.63577056],[-78.25897944,24.64029324],[-78.25764835,24.64241982],[-78.25865412,24.64319813],[-78.26095712,24.64101887],[-78.26164746,24.63753343],[-78.26456487,24.6337049],[-78.26693416,24.63422847],[-78.26792657,24.64015043],[-78.27302492,24.63965034],[-78.27298391,24.6328963],[-78.27586746,24.63073492],[-78.27651525,24.61904073],[-78.27374983,24.61557615],[-78.26999974,24.61575472],[-78.27055883,24.61365855],[-78.26662886,24.61107814],[-78.26711071,24.60820675],[-78.26480114,24.60782373],[-78.26478004,24.60587251],[-78.26225615,24.60879755],[-78.25973046,24.60754263],[-78.26212001,24.60393262],[-78.26147771,24.60258794],[-78.26460946,24.60170674],[-78.26814151,24.60563433],[-78.26837742,24.60740566],[-78.27036262,24.60661995],[-78.27330267,24.60735965],[-78.27070665,24.60944283],[-78.27168024,24.61121905],[-78.27424455,24.60838127],[-78.27398205,24.60619783],[-78.27242553,24.60594392],[-78.27136946,24.60331047],[-78.26862586,24.60432744],[-78.26855636,24.60247874],[-78.26606166,24.60243428],[-78.26737857,24.60098982],[-78.26599467,24.59948945],[-78.26815712,24.59798193],[-78.26925445,24.59984887],[-78.27100635,24.59770703],[-78.27241838,24.59911287],[-78.27144611,24.60153556],[-78.27390945,24.60102451],[-78.27426994,24.60116851],[-78.27438104,24.60348928],[-78.27663624,24.60360956],[-78.27727675,24.60338533],[-78.27828026,24.60275996],[-78.27805078,24.60062921],[-78.27796698,24.60019314],[-78.27678132,24.59931302],[-78.27677071,24.59902644],[-78.27771032,24.59863174],[-78.27842987,24.59578276],[-78.27785552,24.59383154],[-78.27842367,24.59356475],[-78.28004444,24.59394527],[-78.28030705,24.59434903],[-78.28273118,24.60033202],[-78.28297198,24.60037518],[-78.28483951,24.59533405],[-78.28634906,24.59406817],[-78.28659308,24.59410143],[-78.28678322,24.59515834],[-78.28654683,24.59677422],[-78.28636682,24.59706378],[-78.28388524,24.59918833],[-78.28604531,24.60110927],[-78.28305125,24.60217881],[-78.28301168,24.60486126],[-78.28051543,24.60439646],[-78.28002155,24.60776496],[-78.27923572,24.60780132],[-78.27945936,24.60575724],[-78.27842724,24.60730481],[-78.28007162,24.61104083],[-78.28303361,24.61087644],[-78.28514183,24.60886097],[-78.28177547,24.60891116],[-78.28489578,24.60748231],[-78.28759897,24.61106396],[-78.2871294,24.62538636],[-78.28882158,24.63354993],[-78.29190624,24.63987172],[-78.29190302,24.64023793],[-78.291664,24.64189792],[-78.28806865,24.64586914],[-78.28766477,24.64919162],[-78.28496945,24.65127516],[-78.28936052,24.65968692],[-78.2892282,24.66141832],[-78.28744471,24.66273594],[-78.28913867,24.66702735],[-78.28750634,24.67103326],[-78.28983605,24.67271078],[-78.29065478,24.67800236],[-78.29350102,24.67921305],[-78.29369092,24.68828106],[-78.29649627,24.6892662],[-78.29730368,24.68855941],[-78.29833853,24.68625581],[-78.29758871,24.68388283],[-78.29983747,24.67754054],[-78.29967284,24.68487346],[-78.30463934,24.68853176],[-78.30747914,24.68860436],[-78.3082211,24.68843341],[-78.30747914,24.68780792],[-78.30533373,24.68684196],[-78.30522597,24.68511283],[-78.30538046,24.68501961],[-78.30747914,24.68638122],[-78.31232405,24.6874963],[-78.31611705,24.69203746],[-78.31778967,24.70012534],[-78.32610846,24.70080614],[-78.32986736,24.70444167],[-78.33349895,24.69958246],[-78.34033465,24.70275331],[-78.34367573,24.70677984],[-78.34484267,24.70757604],[-78.34560633,24.70743835],[-78.34651303,24.70474613],[-78.34595084,24.69975436],[-78.34018326,24.69435847],[-78.33919466,24.68741047],[-78.33714771,24.68555665],[-78.33493662,24.68517792],[-78.33361876,24.68204963],[-78.33166754,24.68109477],[-78.33303547,24.6795603],[-78.33278084,24.67853355],[-78.33223462,24.67796004],[-78.3292644,24.67965555],[-78.32166708,24.67939353],[-78.31976771,24.68079138],[-78.31446123,24.68088508],[-78.30950546,24.66691291],[-78.30991447,24.65987074],[-78.30767012,24.65285933],[-78.30917227,24.6485579],[-78.31298566,24.64825428],[-78.31703985,24.64993906],[-78.31966376,24.65455806],[-78.31777835,24.65847945],[-78.32886136,24.66012776],[-78.33444154,24.65871358],[-78.33520615,24.65799427],[-78.33505774,24.6576699],[-78.33320975,24.65683377],[-78.32966626,24.65858543],[-78.32713222,24.65800595],[-78.32682657,24.65788615],[-78.32422566,24.65442276],[-78.32423186,24.65389454],[-78.327057,24.65134907],[-78.32738686,24.65116036],[-78.33079827,24.65059388],[-78.33038032,24.64924693],[-78.33116055,24.64901495],[-78.33161855,24.64908075],[-78.33290184,24.65069616],[-78.33378804,24.65433598],[-78.33606374,24.65521514],[-78.33692503,24.65740943],[-78.33870101,24.65815854],[-78.34058762,24.65712202],[-78.34162474,24.65779185],[-78.34187055,24.65822685],[-78.34142363,24.65921915],[-78.33978617,24.65781474],[-78.33807027,24.65899146],[-78.33752441,24.66414404],[-78.33576727,24.66530395],[-78.3345865,24.66753924],[-78.33459067,24.66835117],[-78.33558214,24.67147863],[-78.34299564,24.67479563],[-78.34676135,24.68150067],[-78.34914637,24.68259215],[-78.34938335,24.68292141],[-78.34994185,24.68779302],[-78.34979165,24.68802178],[-78.34846437,24.68782604],[-78.34685898,24.68290925],[-78.34045315,24.67486787],[-78.33496773,24.67246354],[-78.33319283,24.66768932],[-78.33471024,24.66608715],[-78.33576655,24.66064847],[-78.33473647,24.65936744],[-78.32342911,24.66162491],[-78.32060957,24.66610455],[-78.32109737,24.66797173],[-78.31836045,24.66631353],[-78.31953776,24.66448605],[-78.31692183,24.66459835],[-78.3160032,24.6689105],[-78.31613171,24.67894864],[-78.31652904,24.67998457],[-78.31668997,24.68013871],[-78.31906974,24.6800704],[-78.32745707,24.67663431],[-78.32493663,24.67639387],[-78.31953394,24.6731503],[-78.31912291,24.67287087],[-78.32004857,24.67193282],[-78.32037437,24.67184055],[-78.32404625,24.67427635],[-78.32856774,24.67522085],[-78.33066452,24.67739844],[-78.33144736,24.67624545],[-78.33035088,24.67488635],[-78.33295465,24.67531693],[-78.33432293,24.6764853],[-78.33679152,24.68454838],[-78.34045732,24.68736053],[-78.34044445,24.69208026],[-78.34394801,24.69742501],[-78.35424066,24.69970644],[-78.35672808,24.69947004],[-78.35725355,24.69917023],[-78.35557282,24.69457245],[-78.35602331,24.69107866],[-78.35496521,24.68631327],[-78.35482264,24.68591344],[-78.35001814,24.6791712],[-78.35160565,24.67709851],[-78.35193861,24.67303968],[-78.34631801,24.6687299],[-78.34593034,24.66100562],[-78.34099162,24.65219843],[-78.34086311,24.65087736],[-78.34125435,24.65097105],[-78.34332776,24.65237617],[-78.34884202,24.66014934],[-78.34726751,24.66187215],[-78.34806252,24.66617727],[-78.3551501,24.67115581],[-78.35716057,24.67739212],[-78.36080956,24.67960763],[-78.36206663,24.68146825],[-78.36231375,24.68198454],[-78.3622719,24.68511844],[-78.36456585,24.68995905],[-78.36680865,24.69204021],[-78.36695087,24.69593155],[-78.37025201,24.70588887],[-78.36971223,24.71026611],[-78.37057757,24.71071792],[-78.37124824,24.71065557],[-78.37561405,24.70867574],[-78.37244296,24.70328414],[-78.37372565,24.69965684],[-78.37608266,24.69897926],[-78.37913466,24.70000911],[-78.38101435,24.69577098],[-78.38961494,24.6908282],[-78.39128554,24.68770194],[-78.39120233,24.68393636],[-78.38766754,24.67977714],[-78.38184357,24.67882085],[-78.37567663,24.67430031],[-78.36815596,24.67099106],[-78.36638296,24.66661835],[-78.36825395,24.66608095],[-78.376073,24.66818273],[-78.38096094,24.66551256],[-78.38699234,24.67017102],[-78.39089012,24.66705716],[-78.39334321,24.66678822],[-78.39370978,24.66557145],[-78.39559305,24.66583967],[-78.39654636,24.66389322],[-78.39621866,24.66028535],[-78.39611018,24.66001606],[-78.39173055,24.65530646],[-78.38906336,24.65124607],[-78.38808501,24.64825845],[-78.38848591,24.64736032],[-78.38921905,24.64708543],[-78.39528894,24.64601314],[-78.3984375,24.64369404],[-78.40206027,24.64063215],[-78.40378535,24.63787484],[-78.40774357,24.63753951],[-78.40790784,24.63741791],[-78.41011608,24.63384581],[-78.412907,24.63278306],[-78.4181956,24.62617338],[-78.42556834,24.62188888],[-78.43420506,24.61386824],[-78.44095337,24.61248934],[-78.44343877,24.61306763],[-78.45044482,24.61024451],[-78.45150936,24.609375],[-78.45176947,24.609375],[-78.45343876,24.60704327],[-78.45929611,24.60424948],[-78.46131873,24.60203803],[-78.4614011,24.60008204],[-78.46126366,24.59975076],[-78.45364106,24.59355855],[-78.44941974,24.58685493],[-78.43717074,24.58059788],[-78.40825403,24.55714607],[-78.40299535,24.55162787],[-78.3984375,24.54854906],[-78.39564872,24.54750276],[-78.39461327,24.54759705],[-78.39432454,24.54773724],[-78.39325893,24.54980397],[-78.39149535,24.56405163],[-78.39247811,24.57978106],[-78.39469814,24.59188044],[-78.3942306,24.59353066],[-78.39372587,24.59336257],[-78.39281726,24.59197235],[-78.38744676,24.56766415],[-78.38641131,24.55562806],[-78.38728344,24.55280674],[-78.38562834,24.53911674],[-78.38124382,24.53090143],[-78.37585437,24.52709055],[-78.37505555,24.52512383],[-78.36454082,24.52110374],[-78.35359144,24.51417875],[-78.35289395,24.51257968],[-78.32935882,24.49932897],[-78.32493746,24.49862576],[-78.30908644,24.48495913],[-78.28653443,24.47168314],[-78.28604853,24.47016883],[-78.28393817,24.47038066],[-78.27724135,24.46550155],[-78.27078617,24.462538],[-78.26121211,24.45616746],[-78.25031674,24.44701612],[-78.23842967,24.44380832],[-78.23582745,24.44153953],[-78.23329234,24.44180143],[-78.22056651,24.4386574],[-78.21857691,24.43905234],[-78.21795082,24.44201541],[-78.21367216,24.44732833],[-78.21790397,24.43760145],[-78.20809722,24.43359375],[-78.20687115,24.43359375],[-78.20691013,24.4337368],[-78.19595516,24.44206727],[-78.17555284,24.46354067],[-78.17151332,24.46305656],[-78.16913831,24.46771896],[-78.16291881,24.47017455],[-78.15829611,24.474002],[-78.14439177,24.47810638],[-78.13363647,24.48708487],[-78.12342846,24.50520158],[-78.12137151,24.51867795],[-78.12096262,24.51894891],[-78.12092686,24.51894534],[-78.12108183,24.50979555],[-78.12142181,24.50779295],[-78.12741613,24.48005104],[-78.12763977,24.47968614],[-78.13291287,24.47353137],[-78.14656115,24.46511054],[-78.15608013,24.45698953],[-78.17254841,24.43707991],[-78.17477155,24.43359375],[-78.17882657,24.42390704],[-78.18143535,24.41297734],[-78.17913616,24.40473604],[-78.17861915,24.40380824],[-78.17596757,24.40058124],[-78.16607797,24.39212477],[-78.15541387,24.3866986],[-78.14187944,24.37639511],[-78.13453341,24.37239134],[-78.13341141,24.37070155],[-78.13182795,24.37133038],[-78.12762582,24.36956334],[-78.12229908,24.36885417],[-78.11952305,24.36891735],[-78.11953366,24.37195706],[-78.11729372,24.37486112],[-78.11579776,24.38100958],[-78.11493433,24.39109838],[-78.11132705,24.39617872],[-78.11114645,24.39607692],[-78.11256421,24.39294183],[-78.11314535,24.38050544],[-78.11281896,24.37670982],[-78.1113528,24.37460268],[-78.11126924,24.36957097],[-78.10958421,24.36409783],[-78.1094321,24.36386073],[-78.10658395,24.36279392],[-78.10486364,24.36332583],[-78.10369456,24.36413467],[-78.09787524,24.37097085],[-78.09212351,24.37280405],[-78.08847845,24.37568676],[-78.08209872,24.37696135],[-78.08795822,24.37509322],[-78.09623086,24.36854255],[-78.10103893,24.36201417],[-78.10081422,24.35614455],[-78.10067451,24.35564864],[-78.09471011,24.34714735],[-78.09067726,24.34579802],[-78.08880365,24.34188175],[-78.08301103,24.33691216],[-78.07894111,24.33013642],[-78.07701838,24.32411373],[-78.06983626,24.32031405],[-78.06790912,24.31628406],[-78.06595027,24.30566394],[-78.06572306,24.30428267],[-78.06638098,24.29916954],[-78.06626785,24.29869032],[-78.06489801,24.29785752],[-78.06422245,24.29618812],[-78.06335211,24.29099393],[-78.06248391,24.28975368],[-78.05692577,24.28619897],[-78.0560534,24.27814364],[-78.05153978,24.27731323],[-78.04903185,24.27470756],[-78.04684591,24.26916802],[-78.04639494,24.26912272],[-78.03972554,24.26876736],[-78.03928196,24.26876557]],[[-77.72049975,23.82372653],[-77.71681285,23.82307124],[-77.71618283,23.82500196],[-77.71646285,23.82520032],[-77.71871901,23.82521832],[-77.72140706,23.82494712],[-77.72152495,23.82464194],[-77.72049975,23.82372653]],[[-77.72290242,24.12310874],[-77.71907711,24.12600255],[-77.71877933,24.13218546],[-77.71723998,24.13682652],[-77.71686506,24.13797188],[-77.7180109,24.14041126],[-77.71899128,24.14108455],[-77.71999681,24.14125574],[-77.7222352,24.13949275],[-77.72700155,24.13651133],[-77.73153114,24.13861954],[-77.73449063,24.13769877],[-77.73227763,24.13700175],[-77.73367918,24.13621843],[-77.74092495,24.13800216],[-77.74492455,24.13508165],[-77.74869275,24.13445234],[-77.74961782,24.13245225],[-77.74684095,24.13119745],[-77.74075854,24.13329065],[-77.73400807,24.13308227],[-77.73073494,24.13150406],[-77.72861493,24.13225961],[-77.73038995,24.13029027],[-77.72917986,24.13002825],[-77.72275722,24.13276517],[-77.72366703,24.13182974],[-77.72226715,24.13014758],[-77.73077798,24.12561774],[-77.73311937,24.12580335],[-77.73091805,24.13024807],[-77.73396218,24.13222313],[-77.73626661,24.13224256],[-77.73470032,24.13088477],[-77.74195278,24.13171065],[-77.74468505,24.12919366],[-77.74007475,24.12600756],[-77.7377249,24.12685895],[-77.73661864,24.12565207],[-77.73692286,24.12372005],[-77.72290242,24.12310874]],[[-77.72012055,24.56902695],[-77.71953607,24.56961083],[-77.71939766,24.57254612],[-77.71962714,24.57263875],[-77.72092831,24.57017064],[-77.72012055,24.56902695]],[[-77.72498727,23.83990145],[-77.72274804,23.83850825],[-77.72175145,23.83873677],[-77.72018325,23.83954406],[-77.7199887,23.83976436],[-77.72100616,23.84169972],[-77.72448277,23.84325325],[-77.7256217,23.84356081],[-77.72670686,23.84287214],[-77.72704184,23.84219515],[-77.72679961,23.84154534],[-77.72498727,23.83990145]],[[-77.72093594,23.84449124],[-77.72163618,23.84480822],[-77.72409403,23.84444165],[-77.72277045,23.84362721],[-77.72140896,23.84361315],[-77.72093594,23.84449124]],[[-77.72859073,25.60669684],[-77.72938561,25.60696042],[-77.72981834,25.6058017],[-77.73180068,25.60545671],[-77.73191965,25.60502517],[-77.73067415,25.59810734],[-77.72812045,25.59401357],[-77.72340214,25.59318244],[-77.72536373,25.60168445],[-77.72797012,25.60629594],[-77.72859073,25.60669684]],[[-77.73613214,23.8326416],[-77.72563911,23.83248854],[-77.72520626,23.83415103],[-77.72943163,23.83649731],[-77.72751343,23.83802772],[-77.72740531,23.83843946],[-77.72784257,23.84054303],[-77.72868705,23.84116924],[-77.72900021,23.84126234],[-77.73361385,23.83979654],[-77.73391974,23.83965254],[-77.73506224,23.83816981],[-77.74381745,23.83811164],[-77.74583304,23.83688545],[-77.74339807,23.83467555],[-77.73613214,23.8326416]],[[-77.73221505,25.57822311],[-77.72809935,25.57257605],[-77.72770345,25.5725764],[-77.72689855,25.57321644],[-77.72628367,25.57769728],[-77.72691667,25.57854295],[-77.73056376,25.58435011],[-77.73221505,25.57822311]],[[-77.73039865,24.62866652],[-77.72797704,24.63292122],[-77.72760725,24.63598776],[-77.72779775,24.64430964],[-77.72664642,24.64825976],[-77.72854924,24.65031862],[-77.72679532,24.65165424],[-77.72763491,24.65241325],[-77.72900665,24.65252173],[-77.73034775,24.65293324],[-77.73293781,24.64933443],[-77.72944605,24.64560068],[-77.73122025,24.64361846],[-77.73146605,24.63906622],[-77.73285663,24.63803256],[-77.73094797,24.63372946],[-77.73236227,24.63288701],[-77.73481345,24.63360894],[-77.73528743,24.63214397],[-77.73039865,24.62866652]],[[-77.72705984,24.54735124],[-77.72729135,24.54758763],[-77.72898161,24.54540062],[-77.72889996,24.54518867],[-77.72722757,24.54504323],[-77.72705984,24.54735124]],[[-77.73612833,23.78575218],[-77.73324597,23.78744423],[-77.73049545,23.78675377],[-77.72739661,23.79061043],[-77.7283051,23.79191566],[-77.72850203,23.79157746],[-77.72938323,23.79052198],[-77.73877776,23.79140222],[-77.73905385,23.79127896],[-77.73873925,23.79020834],[-77.73642242,23.78943133],[-77.74034226,23.78847504],[-77.74162388,23.78729141],[-77.74213076,23.78520131],[-77.74189043,23.78469753],[-77.74124515,23.78441393],[-77.73781693,23.78525114],[-77.73612833,23.78575218]],[[-77.73067403,23.69520807],[-77.73819125,23.69163716],[-77.74131835,23.68883371],[-77.74146283,23.68846345],[-77.73968267,23.68684554],[-77.73893654,23.68335044],[-77.73438954,23.68480134],[-77.73343766,23.68643332],[-77.73442698,23.68632257],[-77.73478496,23.68791366],[-77.73217785,23.68789566],[-77.73184836,23.68839204],[-77.73081064,23.69125795],[-77.72895992,23.69206154],[-77.72883725,23.69232273],[-77.73067403,23.69520807]],[[-77.72929907,23.67009056],[-77.72969461,23.67070603],[-77.73535252,23.67165434],[-77.736467,23.67226768],[-77.73928034,23.67500174],[-77.74113572,23.67227733],[-77.74572623,23.6728549],[-77.74700534,23.67193794],[-77.74702084,23.67158568],[-77.74030316,23.66937745],[-77.73925984,23.66918027],[-77.73415875,23.66862023],[-77.72976351,23.66864634],[-77.72927451,23.66918194],[-77.72929907,23.67009056]],[[-77.73111367,25.60978293],[-77.73032355,25.60969663],[-77.72974753,25.6108309],[-77.73016834,25.61282527],[-77.73219037,25.61557281],[-77.73296952,25.61484051],[-77.73111367,25.60978293]],[[-77.73214662,24.66348457],[-77.73062003,24.66955245],[-77.73149824,24.66995835],[-77.73848116,24.66144562],[-77.73807204,24.65939558],[-77.73587441,24.65823734],[-77.73342145,24.65941465],[-77.73385036,24.65778351],[-77.73787105,24.65512586],[-77.73499227,24.65124488],[-77.73323751,24.65284205],[-77.73382354,24.65454805],[-77.73032856,24.65819907],[-77.73021293,24.65853584],[-77.73149931,24.6595695],[-77.73104143,24.66198242],[-77.73215997,24.66299367],[-77.73214662,24.66348457]],[[-77.74039924,24.61785138],[-77.73807836,24.61743283],[-77.73686886,24.61790132],[-77.73437524,24.61963213],[-77.73300695,24.62148845],[-77.73167694,24.62407935],[-77.73165715,24.62458408],[-77.73344505,24.62590027],[-77.73450196,24.62487245],[-77.73428833,24.62245333],[-77.73826325,24.62006485],[-77.73978937,24.62038445],[-77.74063826,24.61818814],[-77.74039924,24.61785138]],[[-77.73546994,25.60921443],[-77.73446786,25.60726571],[-77.73278928,25.60603547],[-77.73169673,25.60628164],[-77.73172355,25.60685527],[-77.73400164,25.61059618],[-77.73489237,25.61081004],[-77.73517573,25.61065316],[-77.73546994,25.60921443]],[[-77.73506784,25.61556375],[-77.73486495,25.61668324],[-77.73306775,25.61610961],[-77.73274803,25.61634564],[-77.73274803,25.61686826],[-77.73309135,25.61801624],[-77.73760045,25.62958801],[-77.73800421,25.63057566],[-77.74030185,25.63366032],[-77.74317157,25.63504291],[-77.74516273,25.63770735],[-77.74658,25.64458585],[-77.74867606,25.65444934],[-77.74878275,25.65470564],[-77.75126934,25.65538895],[-77.75078535,25.63629365],[-77.74636471,25.63519454],[-77.74548185,25.63079524],[-77.74219584,25.6273452],[-77.74205661,25.62184608],[-77.74084544,25.62089825],[-77.74101925,25.61872697],[-77.73894584,25.61800337],[-77.73902381,25.61499774],[-77.73551905,25.61495948],[-77.73506784,25.61556375]],[[-77.74062753,26.91944063],[-77.73538136,26.91729724],[-77.73950601,26.91957092],[-77.74062753,26.91944063]],[[-77.73583102,25.60595715],[-77.73739123,25.60750794],[-77.7377485,25.60477078],[-77.73729491,25.60373127],[-77.73618257,25.60360336],[-77.73568428,25.60399485],[-77.73567176,25.60525811],[-77.73583102,25.60595715]],[[-77.73772836,23.71329713],[-77.73784816,23.71383154],[-77.73838031,23.71607387],[-77.74091125,23.71375763],[-77.74499452,23.71374631],[-77.74174047,23.71202517],[-77.73873305,23.71223402],[-77.73792791,23.71099365],[-77.73642957,23.7117058],[-77.73772836,23.71329713]],[[-77.73832333,24.64602017],[-77.73980164,24.64621866],[-77.74033976,24.64466298],[-77.74028754,24.64432311],[-77.73837745,24.64325655],[-77.73762894,24.64342594],[-77.73676515,24.645684],[-77.73714745,24.64601564],[-77.73832333,24.64602017]],[[-77.74249482,23.67373848],[-77.74472594,23.67626417],[-77.74834037,23.67616403],[-77.74872744,23.67636216],[-77.75069487,23.67532074],[-77.75071752,23.67514753],[-77.74924695,23.67417681],[-77.74818826,23.67305076],[-77.74249482,23.67373848]],[[-77.74271071,24.61526346],[-77.7425909,24.61837113],[-77.74500883,24.61839604],[-77.74623692,24.61844313],[-77.74628222,24.61565065],[-77.74299836,24.61509526],[-77.74271071,24.61526346]],[[-77.75120771,24.04065573],[-77.75370824,24.04161227],[-77.76184344,24.03648722],[-77.76463652,24.03662205],[-77.76546311,24.03568554],[-77.76537335,24.0352962],[-77.76015973,24.03352976],[-77.75748098,24.03523803],[-77.75676417,24.03537667],[-77.75410414,24.03481364],[-77.74875677,24.03616416],[-77.74650514,24.03545225],[-77.74468362,24.03694201],[-77.74346161,24.03749573],[-77.74328232,24.03836846],[-77.74455965,24.03974736],[-77.75120771,24.04065573]],[[-77.74397397,26.49692082],[-77.74536073,26.49733734],[-77.74820972,26.49693346],[-77.74814975,26.49656641],[-77.74520373,26.49573886],[-77.74388266,26.49674213],[-77.74397397,26.49692082]],[[-77.77570152,23.76473772],[-77.77469754,23.76274872],[-77.77036381,23.76433682],[-77.76189196,23.76215196],[-77.75886786,23.76274383],[-77.75743246,23.76478875],[-77.75404227,23.76153445],[-77.74921274,23.76066351],[-77.74701416,23.76132333],[-77.74658072,23.76156604],[-77.74633765,23.76293957],[-77.74737012,23.76716971],[-77.74446893,23.76938975],[-77.74460018,23.76952493],[-77.75225484,23.76905024],[-77.75644445,23.77029717],[-77.75857091,23.77200806],[-77.75508225,23.77220142],[-77.75530732,23.77518892],[-77.75834942,23.77707768],[-77.76063454,23.77627218],[-77.76178503,23.77703786],[-77.75841248,23.77867615],[-77.75539553,23.77776885],[-77.75386953,23.77963448],[-77.75473595,23.78232634],[-77.74866867,23.78294694],[-77.74882615,23.78436804],[-77.75428343,23.78299916],[-77.75612247,23.78332281],[-77.75691581,23.78357625],[-77.75932491,23.78681135],[-77.76008177,23.78704011],[-77.76725137,23.78736556],[-77.77013087,23.79161406],[-77.77136874,23.78893542],[-77.77177727,23.78888786],[-77.77782166,23.78980935],[-77.77866077,23.79001248],[-77.78154624,23.79168534],[-77.78357697,23.78970754],[-77.78628981,23.78934515],[-77.78818715,23.78580844],[-77.78377891,23.78388417],[-77.77788305,23.78389776],[-77.77819502,23.78189516],[-77.77521455,23.77879655],[-77.77515805,23.77658904],[-77.77995205,23.77605498],[-77.78243613,23.77437031],[-77.79013383,23.77401876],[-77.79031205,23.77284467],[-77.7899096,23.77242243],[-77.78864241,23.77208686],[-77.779953,23.77257097],[-77.7767421,23.77100408],[-77.77555811,23.76945174],[-77.77570152,23.76473772]],[[-77.75414813,23.79117072],[-77.75419354,23.79183805],[-77.75384808,23.79219615],[-77.75237942,23.79231453],[-77.75244307,23.79262137],[-77.75457621,23.79373968],[-77.7549901,23.79382992],[-77.75649571,23.79315531],[-77.75686145,23.79247332],[-77.75670505,23.79170525],[-77.7519052,23.78729296],[-77.74705637,23.78722775],[-77.74487162,23.78883815],[-77.74958265,23.79098272],[-77.75389493,23.79102898],[-77.75414813,23.79117072]],[[-77.74502111,23.82967341],[-77.74852025,23.831725],[-77.75329626,23.83201265],[-77.75548053,23.82993782],[-77.75946796,23.82741678],[-77.75957525,23.8270812],[-77.75857067,23.82090533],[-77.75816464,23.82046032],[-77.75708652,23.82046235],[-77.75389326,23.8221606],[-77.75230455,23.82450438],[-77.74709165,23.82880104],[-77.7450819,23.82919025],[-77.74502111,23.82967341]],[[-77.75250685,23.77954352],[-77.75043047,23.77756596],[-77.74721718,23.77798855],[-77.74805582,23.77994275],[-77.75107098,23.78005266],[-77.75244617,23.7804445],[-77.75270581,23.78015637],[-77.75250685,23.77954352]],[[-77.74979734,24.29747295],[-77.75426102,24.29486895],[-77.76884496,24.29262042],[-77.78056145,24.28690135],[-77.78772712,24.28975534],[-77.78850973,24.28982007],[-77.79043174,24.28948617],[-77.79634416,24.28710556],[-77.79743898,24.2865926],[-77.80100656,24.28339374],[-77.80435741,24.28345811],[-77.80542755,24.282848],[-77.80687153,24.2799834],[-77.80918217,24.27913117],[-77.80847025,24.27593553],[-77.80504215,24.27424955],[-77.80459881,24.27279246],[-77.81046987,24.27179456],[-77.81226313,24.27394843],[-77.82010877,24.27546346],[-77.82510233,24.27810931],[-77.83128846,24.27761984],[-77.83264482,24.27647412],[-77.83010364,24.27406287],[-77.82221127,24.27227426],[-77.80844235,24.26661634],[-77.80478013,24.26777875],[-77.79651582,24.26747704],[-77.79107475,24.27199674],[-77.78510046,24.27491903],[-77.78195274,24.27876115],[-77.77285552,24.28351724],[-77.76793218,24.28827035],[-77.7644068,24.28848946],[-77.75080955,24.29302216],[-77.7502017,24.29332244],[-77.74930108,24.29467285],[-77.74777114,24.29735208],[-77.74775302,24.29781723],[-77.74836278,24.29835916],[-77.74979734,24.29747295]],[[-77.7553066,23.69073582],[-77.75390553,23.68764746],[-77.75356913,23.68781686],[-77.75199115,23.69002032],[-77.74896002,23.69157433],[-77.75681305,23.69507182],[-77.75784075,23.69320345],[-77.7553066,23.69073582]],[[-77.75247645,23.79391766],[-77.75081456,23.79325855],[-77.75000787,23.7943927],[-77.75021946,23.79479694],[-77.75316572,23.79633105],[-77.75385535,23.79534042],[-77.75247645,23.79391766]],[[-77.75390565,23.67248607],[-77.75075483,23.67326295],[-77.75072813,23.6735599],[-77.75229812,23.6735754],[-77.75245285,23.6737231],[-77.75615394,23.67647684],[-77.75643301,23.67698026],[-77.75643396,23.68101645],[-77.75813103,23.68419123],[-77.76078033,23.68120515],[-77.76151454,23.67610824],[-77.75964844,23.67413807],[-77.75603485,23.67242467],[-77.75390565,23.67248607]],[[-77.75413871,23.68306661],[-77.75303721,23.68403387],[-77.75292015,23.68452144],[-77.75373185,23.68663073],[-77.75411785,23.68670142],[-77.75519955,23.68421626],[-77.75521398,23.68377864],[-77.75459087,23.68305325],[-77.75413871,23.68306661]],[[-77.792804,23.82123125],[-77.78938055,23.82219315],[-77.78419411,23.82142854],[-77.78282201,23.82268405],[-77.78204894,23.83008075],[-77.78016138,23.82955563],[-77.77421081,23.83237326],[-77.76772594,23.83308101],[-77.76510656,23.83039367],[-77.76454484,23.83017838],[-77.76227903,23.82997978],[-77.76012814,23.83066916],[-77.75971401,23.83083653],[-77.75328863,23.83608258],[-77.75578785,23.83740246],[-77.75939643,23.83751893],[-77.76067567,23.83762276],[-77.77715504,23.83267164],[-77.78172111,23.83384454],[-77.78485656,23.83288145],[-77.78728795,23.83448684],[-77.79210472,23.82918167],[-77.79810703,23.82957351],[-77.8013556,23.82499182],[-77.80314136,23.82323122],[-77.80150938,23.82254303],[-77.792804,23.82123125]],[[-77.75337064,23.59899294],[-77.75370181,23.60005283],[-77.75440037,23.60110617],[-77.75550938,23.60118306],[-77.75843704,23.60272551],[-77.75892067,23.60232401],[-77.75727236,23.59838045],[-77.75519538,23.59684312],[-77.75475585,23.5968343],[-77.75349104,23.59835422],[-77.75337064,23.59899294]],[[-77.75638854,24.41214812],[-77.75550711,24.41095662],[-77.75480688,24.41080296],[-77.75441897,24.41116464],[-77.75378752,24.41296816],[-77.75400925,24.41317046],[-77.75617886,24.41256475],[-77.75638854,24.41214812]],[[-77.76000082,25.67828822],[-77.76084995,25.67577088],[-77.75847375,25.67227864],[-77.75654244,25.66588366],[-77.75844514,25.6640625],[-77.75869882,25.6640625],[-77.75872958,25.66331041],[-77.75833464,25.66304183],[-77.75603867,25.66270757],[-77.75541627,25.66282785],[-77.75436997,25.6640625],[-77.75380313,25.6640625],[-77.75383568,25.66476333],[-77.75785887,25.67581952],[-77.76000082,25.67828822]],[[-77.75460291,25.45251405],[-77.75518227,25.45262206],[-77.75780415,25.45081782],[-77.76123321,25.45047343],[-77.76147497,25.45030296],[-77.76210773,25.44814634],[-77.76129162,25.4468894],[-77.75989354,25.44622445],[-77.75694156,25.44622374],[-77.75778425,25.4476608],[-77.75522971,25.45049465],[-77.75426364,25.45203567],[-77.75460291,25.45251405]],[[-77.75688195,26.87071824],[-77.75712514,26.87156582],[-77.75960481,26.87090218],[-77.76067865,26.87110317],[-77.76251686,26.87201226],[-77.76353896,26.87095082],[-77.75945127,26.86967063],[-77.7592926,26.86942375],[-77.75711787,26.87034738],[-77.75688195,26.87071824]],[[-77.7646631,25.43588734],[-77.76751065,25.43037641],[-77.7658987,25.42910755],[-77.76510346,25.42610395],[-77.76694906,25.41935575],[-77.78283823,25.41345215],[-77.78226387,25.41168976],[-77.78622031,25.40684986],[-77.79317355,25.40637755],[-77.79779935,25.40957153],[-77.79986894,25.40611362],[-77.79884195,25.4016602],[-77.80207706,25.39939463],[-77.79978263,25.39725602],[-77.80058491,25.39406371],[-77.79256332,25.39689946],[-77.78806841,25.40044582],[-77.78347862,25.40155804],[-77.78147066,25.40299094],[-77.77954388,25.40836835],[-77.77384841,25.41373706],[-77.76976144,25.41597736],[-77.76441276,25.41677511],[-77.75829005,25.41530955],[-77.76071525,25.42598295],[-77.76095605,25.43143845],[-77.76096034,25.43849826],[-77.75895286,25.4418298],[-77.75705457,25.44473243],[-77.76397836,25.4416517],[-77.76411402,25.44136202],[-77.76360643,25.4382019],[-77.76373768,25.43742752],[-77.7646631,25.43588734]],[[-77.75723136,23.79902136],[-77.76157844,23.80053163],[-77.76509106,23.79944432],[-77.76564825,23.79809344],[-77.76387596,23.79678655],[-77.76098704,23.79681563],[-77.76191664,23.79878437],[-77.75723136,23.79902136]],[[-77.75744975,24.41109252],[-77.75750124,24.41130006],[-77.76094365,24.41127217],[-77.76346552,24.40995908],[-77.76366365,24.40953326],[-77.76368344,24.40878642],[-77.76065385,24.40859354],[-77.76160026,24.40301716],[-77.75935018,24.40502203],[-77.75904584,24.40928686],[-77.75744975,24.41109252]],[[-77.79747224,23.80738902],[-77.78945184,23.80520701],[-77.77994907,23.8114866],[-77.77044058,23.81215763],[-77.76852465,23.81043053],[-77.77153265,23.80500162],[-77.77142513,23.80463195],[-77.76923406,23.80457556],[-77.76647043,23.80589914],[-77.76263154,23.80986667],[-77.76157105,23.81378126],[-77.76135147,23.81409645],[-77.7587229,23.81601334],[-77.75875926,23.81632197],[-77.7637341,23.82238138],[-77.76515806,23.82312465],[-77.76557064,23.82262433],[-77.76557052,23.82013464],[-77.76447272,23.81930125],[-77.76519215,23.81797791],[-77.77075136,23.81760955],[-77.76952887,23.82247174],[-77.77388811,23.82383215],[-77.77456641,23.8271625],[-77.77335358,23.82752681],[-77.77280641,23.82837915],[-77.77364612,23.82876182],[-77.77820075,23.82553196],[-77.77877975,23.82072568],[-77.78374016,23.81487572],[-77.79163492,23.8131268],[-77.80000532,23.81442678],[-77.80019474,23.81429148],[-77.80075514,23.81285965],[-77.80064607,23.81254232],[-77.79747224,23.80738902]],[[-77.75954962,26.44023836],[-77.76031733,26.44037902],[-77.76362801,26.43847716],[-77.76851964,26.43773007],[-77.76938975,26.43649316],[-77.76924968,26.43618286],[-77.76715994,26.43600357],[-77.76396906,26.43709004],[-77.76271296,26.43772173],[-77.75961006,26.43902755],[-77.75916374,26.43993688],[-77.75954962,26.44023836]],[[-77.76015937,23.82448435],[-77.76150525,23.82549834],[-77.76203155,23.82375455],[-77.76187885,23.82321215],[-77.76066804,23.82260704],[-77.76015937,23.82448435]],[[-77.76218677,26.89550757],[-77.76162052,26.89539075],[-77.76018035,26.89711273],[-77.76040494,26.89749026],[-77.76198435,26.89791346],[-77.76283705,26.89722824],[-77.76218677,26.89550757]],[[-77.76712823,23.76066446],[-77.77007961,23.76177025],[-77.77057481,23.75939774],[-77.77036691,23.75897777],[-77.76559412,23.75746393],[-77.76439691,23.75575507],[-77.76411045,23.75563765],[-77.76050031,23.75793695],[-77.76620185,23.76026225],[-77.76712823,23.76066446]],[[-77.76392794,24.39665091],[-77.76631951,24.39886713],[-77.76403284,24.39970076],[-77.76274872,24.40305221],[-77.76762581,24.40565634],[-77.76814282,24.40573692],[-77.77169001,24.40289605],[-77.77196073,24.39925301],[-77.77538013,24.39853215],[-77.77726162,24.39599693],[-77.77726185,24.39559031],[-77.77560174,24.39015663],[-77.77215302,24.39046645],[-77.77351975,24.38769495],[-77.77054203,24.38764822],[-77.77013385,24.38784361],[-77.76572478,24.39114892],[-77.76549435,24.39176476],[-77.76649261,24.3954246],[-77.76392794,24.39665091]],[[-77.76886904,24.37518108],[-77.76577842,24.37546682],[-77.76527441,24.37624776],[-77.76538014,24.37649655],[-77.76731324,24.37695992],[-77.76898456,24.37624753],[-77.76934743,24.37535286],[-77.76886904,24.37518108]],[[-77.76556623,23.82467031],[-77.77256262,23.82710457],[-77.77281117,23.82683468],[-77.77213097,23.82551193],[-77.77194822,23.82535291],[-77.76964176,23.82405496],[-77.76826656,23.82345426],[-77.76748526,23.82354271],[-77.76541245,23.82436407],[-77.76556623,23.82467031]],[[-77.77112186,24.29917967],[-77.77312064,24.29777551],[-77.77253592,24.29697394],[-77.77164483,24.29706454],[-77.76816964,24.29975676],[-77.77112186,24.29917967]],[[-77.77222216,27.04138875],[-77.7741667,27.03861105],[-77.77361095,27.03777766],[-77.77083325,27.04055548],[-77.76833332,27.04055548],[-77.77027774,27.04305553],[-77.77277768,27.04388893],[-77.77305555,27.04388893],[-77.77444434,27.04333317],[-77.77222216,27.04138875]],[[-77.77188003,25.43491137],[-77.77260888,25.43550396],[-77.77429521,25.43205881],[-77.77115464,25.42923856],[-77.77077663,25.42950344],[-77.77010417,25.43195856],[-77.77188003,25.43491137]],[[-77.77053547,24.73705804],[-77.77592516,24.73981285],[-77.77694094,24.73970735],[-77.77642143,24.73829424],[-77.77210557,24.73608732],[-77.77074981,24.73596966],[-77.77036607,24.73634207],[-77.77053547,24.73705804]],[[-77.77108645,25.67407012],[-77.77157044,25.6748811],[-77.77346325,25.67484248],[-77.77611995,25.67696905],[-77.77637315,25.67684042],[-77.77666676,25.67518735],[-77.77576554,25.67405081],[-77.77546716,25.67374766],[-77.77315402,25.67330134],[-77.77121425,25.67359173],[-77.77108645,25.67407012]],[[-77.77227187,26.93236887],[-77.77415514,26.93371725],[-77.7836467,26.93485451],[-77.78621054,26.93659997],[-77.79020655,26.93899655],[-77.79177713,26.93652594],[-77.79460704,26.93799758],[-77.79494655,26.93800175],[-77.79587865,26.93695927],[-77.79599714,26.93645465],[-77.7943964,26.93544972],[-77.78617024,26.93497133],[-77.78344762,26.93248665],[-77.78237581,26.93226922],[-77.77624226,26.93225813],[-77.77227187,26.93236887]],[[-77.77602494,24.29669082],[-77.77660382,24.29647064],[-77.78204358,24.29626441],[-77.78335285,24.29520321],[-77.77966225,24.29358983],[-77.77565014,24.29383492],[-77.77301455,24.29479158],[-77.77334714,24.29683793],[-77.77384365,24.29744172],[-77.77495444,24.29773331],[-77.77602494,24.29669082]],[[-77.79020405,23.90913355],[-77.78732586,23.90739834],[-77.78304207,23.90778816],[-77.78254724,23.90772176],[-77.77827382,23.90639305],[-77.77832031,23.90625],[-77.77805233,23.90600586],[-77.77679443,23.90625],[-77.77457452,23.90946627],[-77.77442586,23.90983892],[-77.77486634,23.91095304],[-77.77747977,23.90966511],[-77.78155732,23.91102445],[-77.78579688,23.91092181],[-77.78728437,23.91147971],[-77.79158723,23.91130912],[-77.79345417,23.91046047],[-77.79350984,23.90988195],[-77.79327703,23.90929794],[-77.79020405,23.90913355]],[[-77.77686656,23.80382073],[-77.77519941,23.80538511],[-77.77558684,23.80689371],[-77.77840066,23.80691957],[-77.78041196,23.80635405],[-77.78155005,23.80489552],[-77.78146815,23.80469894],[-77.77686656,23.80382073]],[[-77.77660787,26.42904055],[-77.77700794,26.42961776],[-77.77850115,26.42994213],[-77.77944052,26.42999554],[-77.78241837,26.42836106],[-77.78307974,26.42704356],[-77.78055155,26.42335546],[-77.77980971,26.42291951],[-77.77925384,26.42307556],[-77.77633035,26.42659903],[-77.77631354,26.42724836],[-77.77660787,26.42904055]],[[-77.77889144,23.68413985],[-77.77710164,23.68693101],[-77.77690506,23.69013464],[-77.77725232,23.69054973],[-77.77802992,23.69017816],[-77.77876925,23.69060862],[-77.77975714,23.68820012],[-77.78007662,23.68478215],[-77.77947438,23.68413377],[-77.77889144,23.68413985]],[[-77.77768052,23.69473922],[-77.7779268,23.69534194],[-77.78099632,23.69838154],[-77.78166842,23.69763994],[-77.7795701,23.69199526],[-77.77840877,23.69115257],[-77.77784157,23.69125962],[-77.77768052,23.69473922]],[[-77.77815306,24.74145365],[-77.77965474,24.74242175],[-77.78036976,24.74241495],[-77.77930462,24.74055564],[-77.77827132,24.74023068],[-77.77791476,24.74046016],[-77.77815306,24.74145365]],[[-77.7834053,23.79790068],[-77.77833164,23.80205464],[-77.77857947,23.80235398],[-77.78056061,23.80304122],[-77.78423846,23.80127144],[-77.78698695,23.80036402],[-77.78704643,23.80000484],[-77.78540826,23.79807663],[-77.78421795,23.79777575],[-77.7834053,23.79790068]],[[-77.77866745,23.899791],[-77.77932525,23.89993203],[-77.78158605,23.89964914],[-77.78161645,23.89947104],[-77.77857506,23.89858425],[-77.77866745,23.899791]],[[-77.78016233,23.61345983],[-77.78399885,23.61610794],[-77.78421438,23.61582935],[-77.78358006,23.61382318],[-77.78335416,23.61359823],[-77.78187132,23.61332774],[-77.78016233,23.61345983]],[[-77.78373218,25.67446566],[-77.78047252,25.6739881],[-77.78025723,25.67422736],[-77.78047347,25.67531371],[-77.78436494,25.67699265],[-77.78373218,25.67446566]],[[-77.78291714,26.57267535],[-77.78211415,26.57256067],[-77.78178811,26.57270372],[-77.78048313,26.57543135],[-77.78240764,26.57621825],[-77.78321421,26.57333291],[-77.78291714,26.57267535]],[[-77.78235316,25.47413838],[-77.78163683,25.47413278],[-77.78123164,25.47463524],[-77.78054881,25.47699511],[-77.78083062,25.47737265],[-77.78140664,25.47751927],[-77.78275394,25.47618628],[-77.78235316,25.47413838]],[[-77.78466833,24.74506974],[-77.78185177,24.74260366],[-77.78138506,24.74382257],[-77.78381717,24.74512064],[-77.78444302,24.74532485],[-77.78466833,24.74506974]],[[-77.82308447,24.43054426],[-77.82155061,24.42693818],[-77.8152914,24.43011785],[-77.81215477,24.43031514],[-77.81063652,24.43281925],[-77.80944026,24.43359375],[-77.80902624,24.43359375],[-77.80587733,24.43557465],[-77.80248702,24.43447244],[-77.79918981,24.43551993],[-77.79799187,24.43359375],[-77.79781318,24.43359375],[-77.79672074,24.43266094],[-77.79124141,24.43169343],[-77.78964615,24.43195236],[-77.78710425,24.43359375],[-77.78665125,24.43359375],[-77.78195226,24.44016624],[-77.78189826,24.44121301],[-77.78326261,24.44245124],[-77.78385735,24.44244325],[-77.79643655,24.43960607],[-77.81061184,24.43970525],[-77.82220602,24.43359375],[-77.82320905,24.43359375],[-77.82880986,24.42976916],[-77.82308447,24.43054426]],[[-77.78685725,24.74854183],[-77.78758597,24.74883282],[-77.78826475,24.74874425],[-77.78826475,24.74762833],[-77.78685331,24.74641538],[-77.78533185,24.7458477],[-77.78524208,24.7461555],[-77.78685725,24.74854183]],[[-77.79458106,25.45683122],[-77.79430211,25.45678115],[-77.7935729,25.45839155],[-77.7920078,25.45810902],[-77.79148555,25.45898604],[-77.78700876,25.46737194],[-77.78740263,25.46758032],[-77.78815162,25.46769142],[-77.79139328,25.46447062],[-77.80052781,25.46101618],[-77.80076611,25.46056664],[-77.80077767,25.46035922],[-77.79599381,25.45949864],[-77.79458106,25.45683122]],[[-77.80028653,25.50027895],[-77.79335082,25.49870205],[-77.78908157,25.49974132],[-77.79091156,25.50103974],[-77.79770446,25.50084484],[-77.79794288,25.50101232],[-77.79941738,25.50331771],[-77.7998749,25.50372064],[-77.80125225,25.50394225],[-77.80864644,25.50246572],[-77.81089091,25.50103581],[-77.81061554,25.50070143],[-77.80028653,25.50027895]],[[-77.79664946,23.78828311],[-77.79616654,23.78827858],[-77.79461992,23.78906965],[-77.79285443,23.79337585],[-77.78984904,23.79537272],[-77.78986561,23.79589284],[-77.79336536,23.79776371],[-77.79630792,23.80111897],[-77.80000842,23.80097091],[-77.80096745,23.80137181],[-77.80317152,23.80329931],[-77.80524194,23.80745721],[-77.80922413,23.80803824],[-77.81020916,23.80782366],[-77.81201506,23.80535603],[-77.81735885,23.8042804],[-77.82028055,23.79997218],[-77.82027066,23.79958487],[-77.81892025,23.79723406],[-77.81815243,23.7969923],[-77.81493068,23.79771245],[-77.81020343,23.79764962],[-77.80632281,23.79579163],[-77.80059063,23.79819918],[-77.79854775,23.79756641],[-77.79781425,23.7967242],[-77.79901421,23.79344165],[-77.79727733,23.7924391],[-77.79719341,23.79187012],[-77.79799914,23.78926826],[-77.79664946,23.78828311]],[[-77.79057372,24.30181372],[-77.79023588,24.30458975],[-77.79062176,24.30636811],[-77.79228306,24.30666184],[-77.79360604,24.3054291],[-77.79711425,24.30490732],[-77.80047607,24.30381596],[-77.80145204,24.30374455],[-77.80578637,24.30488396],[-77.80648053,24.30481255],[-77.81016564,24.30311966],[-77.81300724,24.30374396],[-77.82366967,24.30214596],[-77.82673681,24.29987085],[-77.82096756,24.29911613],[-77.80421042,24.30126715],[-77.79666686,24.29913664],[-77.79317272,24.29931176],[-77.79057372,24.30181372]],[[-77.79135215,23.89553356],[-77.79625535,23.89724886],[-77.79688168,23.89735055],[-77.79799795,23.89420211],[-77.7978487,23.89383626],[-77.79643321,23.89153075],[-77.79380822,23.89077377],[-77.79439354,23.89295065],[-77.79135215,23.89553356]],[[-77.80083334,27.02750003],[-77.79222214,27.02472222],[-77.79138875,27.02527773],[-77.7919445,27.02666664],[-77.79250002,27.02722216],[-77.79972208,27.02861094],[-77.80555546,27.03166664],[-77.80638885,27.03138876],[-77.80583334,27.03027773],[-77.80083334,27.02750003]],[[-77.80177367,24.41555834],[-77.7998656,24.41397476],[-77.79539561,24.41902673],[-77.79585087,24.42265022],[-77.79581976,24.42369604],[-77.79607284,24.42403173],[-77.79748035,24.4244498],[-77.80115163,24.42278004],[-77.80182946,24.4226377],[-77.8065989,24.42251861],[-77.81092513,24.42116821],[-77.81142795,24.42087102],[-77.81157017,24.4179697],[-77.80682063,24.41905975],[-77.80487895,24.41631973],[-77.80135763,24.4175446],[-77.80153346,24.41894746],[-77.80002916,24.41932654],[-77.79950941,24.41785407],[-77.80177367,24.41555834]],[[-77.79649985,26.85840225],[-77.7982434,26.85884285],[-77.79932022,26.85714996],[-77.79914224,26.85661554],[-77.79755104,26.85521817],[-77.79691756,26.85534668],[-77.79649985,26.85840225]],[[-77.79928708,23.73046875],[-77.79823256,23.73218203],[-77.79835415,23.73666775],[-77.80796635,23.74591672],[-77.80845845,23.74602854],[-77.81231272,23.74410856],[-77.81240475,23.74331987],[-77.81206441,23.74292731],[-77.80507994,23.73750114],[-77.80321586,23.73425233],[-77.80117476,23.73354685],[-77.80020177,23.73046875],[-77.79928708,23.73046875]],[[-77.80108404,23.82836914],[-77.80196285,23.83096564],[-77.79900944,23.83584785],[-77.79906392,23.83706355],[-77.79928172,23.83746207],[-77.80093348,23.83701932],[-77.80350733,23.83707047],[-77.80301225,23.83329511],[-77.80576146,23.82859576],[-77.80370843,23.82672977],[-77.80252814,23.82698441],[-77.80108404,23.82836914]],[[-77.81897688,24.35388005],[-77.81999505,24.34978986],[-77.81907463,24.34543061],[-77.81776106,24.34529304],[-77.80727661,24.35403383],[-77.80330873,24.35888493],[-77.79969573,24.36074865],[-77.79934323,24.36453676],[-77.79997551,24.36786628],[-77.80109727,24.36851752],[-77.80185652,24.36786997],[-77.80618441,24.36237764],[-77.80876482,24.36253655],[-77.81536806,24.35991514],[-77.81897688,24.35388005]],[[-77.93629074,24.15880763],[-77.93083966,24.16176236],[-77.92583108,24.16257524],[-77.91771245,24.16074383],[-77.90733027,24.16381204],[-77.89056575,24.17108536],[-77.87677276,24.17490792],[-77.86911428,24.17441785],[-77.86453915,24.17754912],[-77.86223698,24.17764235],[-77.85883307,24.18169665],[-77.85516465,24.19182324],[-77.86127925,24.19968915],[-77.86263883,24.20587742],[-77.85788918,24.20933425],[-77.85098875,24.21188867],[-77.85175216,24.21511245],[-77.84934616,24.22102225],[-77.84402287,24.22225857],[-77.84457874,24.22391176],[-77.8500936,24.22651124],[-77.85550415,24.22646987],[-77.85552871,24.23008025],[-77.86549532,24.23353076],[-77.87005794,24.23306036],[-77.87137008,24.23039663],[-77.87348056,24.23329854],[-77.87199235,24.23539507],[-77.87122905,24.24043334],[-77.87098515,24.24073267],[-77.86696064,24.24040234],[-77.85816026,24.243788],[-77.85256422,24.24237263],[-77.84911203,24.24623585],[-77.84471655,24.24798334],[-77.83833218,24.24416935],[-77.83541322,24.23803544],[-77.83026636,24.23585177],[-77.82629335,24.23578978],[-77.82527077,24.23333454],[-77.82397366,24.23300886],[-77.81954324,24.23455703],[-77.81393862,24.24096894],[-77.81268466,24.24424911],[-77.80982125,24.24576712],[-77.80640054,24.25138235],[-77.80368233,24.252617],[-77.80342317,24.25291121],[-77.80225325,24.25535881],[-77.80720103,24.2578125],[-77.80760443,24.2578125],[-77.82184541,24.26368594],[-77.82562685,24.26387417],[-77.82630765,24.2638787],[-77.8337872,24.26202714],[-77.83833015,24.26202345],[-77.84143436,24.26333415],[-77.84644794,24.25983167],[-77.85305846,24.26003027],[-77.85935855,24.26279795],[-77.86279881,24.26038146],[-77.8639034,24.2578125],[-77.86406255,24.2578125],[-77.86656034,24.25534606],[-77.86698711,24.25541174],[-77.86696315,24.2578125],[-77.86704755,24.25806224],[-77.86861146,24.25898087],[-77.86876976,24.25919414],[-77.86969781,24.26200175],[-77.86957562,24.26256704],[-77.86676347,24.26433277],[-77.86703396,24.26464331],[-77.87109375,24.26447988],[-77.8750658,24.26154232],[-77.87690961,24.26110315],[-77.87910771,24.26328182],[-77.8789674,24.26365125],[-77.87427366,24.26782978],[-77.87379825,24.26915324],[-77.87404287,24.26969945],[-77.8760128,24.27029574],[-77.87955308,24.26930845],[-77.87998843,24.26943302],[-77.88150716,24.27081692],[-77.88192916,24.27075243],[-77.88607955,24.26516521],[-77.88673067,24.26481736],[-77.88999176,24.26375842],[-77.89560032,24.26389384],[-77.89598024,24.26370788],[-77.89818406,24.26135445],[-77.89877295,24.26054692],[-77.8994385,24.25923324],[-77.89909017,24.2578125],[-77.89891303,24.2578125],[-77.89822733,24.25681186],[-77.89765883,24.25236225],[-77.89888597,24.25172245],[-77.89931345,24.25097883],[-77.90069032,24.24706638],[-77.90560746,24.24041414],[-77.90729105,24.23618591],[-77.90981054,24.23445916],[-77.91136253,24.22927642],[-77.91654003,24.22463727],[-77.91985786,24.22436428],[-77.92086828,24.22201681],[-77.92049205,24.22113645],[-77.91998434,24.22124708],[-77.91416371,24.22457445],[-77.90045023,24.23935854],[-77.89130175,24.24469328],[-77.88566434,24.24286544],[-77.87932575,24.24857903],[-77.87404025,24.25125682],[-77.87356567,24.25120282],[-77.8731271,24.25086117],[-77.87237668,24.24924004],[-77.87237597,24.24883366],[-77.87412035,24.24593055],[-77.87342417,24.24233675],[-77.87711072,24.23816276],[-77.88708723,24.23541951],[-77.89127028,24.23311925],[-77.88919973,24.22884595],[-77.89359236,24.22006667],[-77.89426672,24.21295083],[-77.89221966,24.2079879],[-77.89229083,24.20015943],[-77.89620936,24.20082486],[-77.90830267,24.19902587],[-77.91962612,24.20181131],[-77.92714655,24.19770205],[-77.92580712,24.18916631],[-77.92316234,24.18626773],[-77.92783511,24.18772674],[-77.93054605,24.18608058],[-77.93191624,24.18751454],[-77.93276608,24.19239724],[-77.93491852,24.19461358],[-77.93115687,24.19918454],[-77.92866075,24.19988811],[-77.92219162,24.20558333],[-77.92887342,24.20351148],[-77.93094373,24.20607841],[-77.93204415,24.20522952],[-77.93191314,24.2033447],[-77.9362452,24.20043898],[-77.93911254,24.20024276],[-77.94257295,24.20219553],[-77.94485712,24.2006551],[-77.94912791,24.20010161],[-77.94936407,24.19618082],[-77.9509536,24.19475198],[-77.95455766,24.19448781],[-77.95488966,24.18794835],[-77.95683205,24.18208826],[-77.96018767,24.18114603],[-77.96664965,24.18151486],[-77.97047877,24.18305385],[-77.97076094,24.18479645],[-77.97210646,24.18605328],[-77.97365665,24.1868844],[-77.98191226,24.19056904],[-77.98557901,24.19054043],[-77.98891771,24.18812335],[-77.99124265,24.18150902],[-77.99467456,24.17410696],[-77.98741996,24.17250311],[-77.9806807,24.16788316],[-77.97782075,24.16418445],[-77.97435641,24.15605712],[-77.96791947,24.15343821],[-77.96499741,24.15086985],[-77.96241021,24.14584112],[-77.956182,24.14676392],[-77.94488776,24.14736426],[-77.94123006,24.14874482],[-77.93807566,24.15136707],[-77.93549895,24.15586305],[-77.93555915,24.15731144],[-77.93679285,24.15782738],[-77.93629074,24.15880763]],[[-77.80941367,23.78056276],[-77.80613661,23.78448737],[-77.80355334,23.785519],[-77.8035593,23.78595304],[-77.80533755,23.78616583],[-77.80891562,23.78804004],[-77.81193972,23.79167676],[-77.81240964,23.79180491],[-77.816208,23.78961456],[-77.81990623,23.78802025],[-77.82043505,23.78756595],[-77.81988835,23.77777398],[-77.81591642,23.77849555],[-77.81442666,23.78010201],[-77.81362355,23.78035724],[-77.80941367,23.78056276]],[[-77.80694711,26.53019011],[-77.80517411,26.53216445],[-77.80495906,26.53290558],[-77.80520046,26.53567374],[-77.80560708,26.53579414],[-77.80796945,26.53108001],[-77.80720115,26.53018415],[-77.80694711,26.53019011]],[[-77.80848587,25.4148674],[-77.81121385,25.41489947],[-77.81241775,25.41441202],[-77.81383014,25.41251063],[-77.81374156,25.4122895],[-77.80996943,25.41134191],[-77.80898118,25.41140461],[-77.80601025,25.41241395],[-77.80585766,25.41387856],[-77.80848587,25.4148674]],[[-77.80720687,26.85449994],[-77.8083868,26.85467875],[-77.80879176,26.85436976],[-77.80854118,26.85297215],[-77.80827951,26.85247755],[-77.80725658,26.85218334],[-77.80693317,26.85267365],[-77.80700552,26.85415935],[-77.80720687,26.85449994]],[[-77.82726407,25.39390385],[-77.81868267,25.39735293],[-77.81353521,25.39728165],[-77.81281543,25.39781904],[-77.80750716,25.40018606],[-77.80738211,25.40045941],[-77.80840325,25.404549],[-77.81075501,25.40549135],[-77.81095672,25.40822041],[-77.81324768,25.41136384],[-77.81440937,25.41160131],[-77.81473076,25.41141284],[-77.81564176,25.40949237],[-77.81782675,25.39946461],[-77.82688832,25.39690065],[-77.83284092,25.39332271],[-77.83479571,25.39021754],[-77.82726407,25.39390385]],[[-77.80980647,23.72060442],[-77.80769956,23.72501993],[-77.80786896,23.72532237],[-77.80971014,23.72716045],[-77.81526852,23.72983158],[-77.81442904,23.72615921],[-77.81124187,23.72000301],[-77.81066871,23.71989775],[-77.80980647,23.72060442]],[[-77.81527782,27.03416657],[-77.80944443,27.03222215],[-77.80861115,27.03305554],[-77.80861115,27.0333333],[-77.80999994,27.03472221],[-77.81194437,27.03472221],[-77.81333327,27.03611112],[-77.81583333,27.03583336],[-77.81694436,27.03611112],[-77.82222223,27.03888893],[-77.82361114,27.03861105],[-77.82361114,27.03833318],[-77.81972206,27.03583336],[-77.81527782,27.03416657]],[[-77.88858235,25.76371717],[-77.8873955,25.76349056],[-77.88780785,25.76425374],[-77.88566351,25.76658726],[-77.88322675,25.76677907],[-77.88328075,25.76795506],[-77.88000655,25.77068484],[-77.87538791,25.76803565],[-77.87357116,25.76379764],[-77.87114811,25.76252007],[-77.87845814,25.77729917],[-77.87886047,25.78413081],[-77.88100517,25.78585553],[-77.87963843,25.78836226],[-77.88127661,25.78959751],[-77.88062954,25.79085922],[-77.87932265,25.79084361],[-77.87766314,25.78359056],[-77.87843943,25.78072357],[-77.87735474,25.78062773],[-77.87591135,25.78316653],[-77.87360215,25.78138936],[-77.87180448,25.77522492],[-77.86651111,25.76800227],[-77.86209905,25.75791073],[-77.86231625,25.75535786],[-77.86380815,25.75676095],[-77.86520875,25.75480664],[-77.86539698,25.7563982],[-77.86828017,25.75686884],[-77.86680365,25.75874567],[-77.86790705,25.75892305],[-77.86706746,25.7612946],[-77.86827981,25.76228154],[-77.86680722,25.76319575],[-77.87015855,25.76490414],[-77.86851788,25.76770806],[-77.87110317,25.77327716],[-77.8741492,25.77649975],[-77.87142694,25.76892066],[-77.87154603,25.76481688],[-77.86856794,25.76031077],[-77.87172472,25.7555902],[-77.87312436,25.75784326],[-77.87523901,25.75851381],[-77.87250924,25.75639474],[-77.87270594,25.75277376],[-77.87163377,25.75218368],[-77.87130642,25.74931383],[-77.86791158,25.74794591],[-77.8679713,25.75078905],[-77.86594641,25.75183511],[-77.86770332,25.75202274],[-77.86734593,25.75400758],[-77.86359394,25.75497317],[-77.8624624,25.75301516],[-77.86094356,25.7528007],[-77.86115205,25.75422216],[-77.85945475,25.75044036],[-77.86002064,25.74907243],[-77.86100316,25.75242507],[-77.86192644,25.75226414],[-77.86088407,25.74810684],[-77.85960364,25.74883103],[-77.8569833,25.74630976],[-77.85981214,25.74789214],[-77.85969305,25.74647057],[-77.86418951,25.74730206],[-77.86448717,25.74816036],[-77.86305785,25.74885786],[-77.86430848,25.75046706],[-77.86701834,25.74966252],[-77.86770332,25.74569285],[-77.86019933,25.74319828],[-77.85689402,25.7396847],[-77.85537517,25.73947012],[-77.85480917,25.73753893],[-77.8516829,25.73820937],[-77.85245705,25.73474944],[-77.85409474,25.73606372],[-77.85588121,25.73558092],[-77.85561323,25.73646605],[-77.85680425,25.73558092],[-77.85576212,25.73421288],[-77.86073446,25.73434711],[-77.86088336,25.73086023],[-77.85921586,25.72925091],[-77.85736978,25.72949231],[-77.85576212,25.72831213],[-77.85552394,25.72404742],[-77.85174274,25.72211623],[-77.85105801,25.71972895],[-77.84927166,25.71833432],[-77.84614551,25.71967542],[-77.84400177,25.7260859],[-77.84456754,25.72300124],[-77.84203684,25.72506654],[-77.84423995,25.72262585],[-77.84522247,25.71782458],[-77.84257281,25.71562517],[-77.83920836,25.71640313],[-77.83427536,25.71542192],[-77.83635294,25.71156788],[-77.835168,25.70747292],[-77.82521784,25.70349145],[-77.82120013,25.69894195],[-77.82080781,25.69882214],[-77.81849623,25.69920635],[-77.82004976,25.70140874],[-77.81648207,25.70058322],[-77.81350684,25.69448221],[-77.81009305,25.69230247],[-77.8162533,25.71291316],[-77.81852353,25.73980653],[-77.82175946,25.7397207],[-77.82178783,25.73609841],[-77.82610714,25.73233175],[-77.82704556,25.73017085],[-77.82782543,25.73149443],[-77.82992315,25.73146558],[-77.82985938,25.73170698],[-77.82390523,25.73642242],[-77.82396221,25.73817611],[-77.83277965,25.73759866],[-77.84312892,25.74338985],[-77.848737,25.75341165],[-77.84970725,25.75778377],[-77.84902334,25.76377785],[-77.85181677,25.76625562],[-77.85867572,25.76828325],[-77.85942733,25.76872325],[-77.86624396,25.77374315],[-77.86679268,25.77432156],[-77.86640406,25.77549088],[-77.8696084,25.77832055],[-77.87049055,25.78133917],[-77.87616098,25.79107165],[-77.87749135,25.79210603],[-77.87889111,25.79756975],[-77.88025522,25.79839206],[-77.88046014,25.79891574],[-77.88138533,25.80798316],[-77.88242006,25.80906904],[-77.88178122,25.8113023],[-77.89000177,25.81620204],[-77.88510191,25.80776036],[-77.88710141,25.79347086],[-77.88606536,25.78706014],[-77.88709927,25.78581274],[-77.88848412,25.79088736],[-77.88950145,25.78720736],[-77.89156795,25.78946722],[-77.89729965,25.80684376],[-77.89886582,25.80375397],[-77.89623392,25.78971171],[-77.89379644,25.7855221],[-77.89178205,25.78474808],[-77.89215541,25.78091943],[-77.89033735,25.78006995],[-77.88825464,25.77645767],[-77.88938653,25.77404368],[-77.88703346,25.76709676],[-77.88858235,25.76371717]],[[-77.81009912,24.42397118],[-77.81137013,24.42469025],[-77.81533265,24.42432988],[-77.81572461,24.42422736],[-77.8161509,24.42334175],[-77.81297767,24.42194843],[-77.8102504,24.42368376],[-77.81009912,24.42397118]],[[-77.81085777,26.5930624],[-77.81082034,26.59453404],[-77.81199265,26.5948199],[-77.81406784,26.59437275],[-77.812994,26.59265101],[-77.81115556,26.59272206],[-77.81085777,26.5930624]],[[-77.83193564,26.90703177],[-77.81847882,26.89968741],[-77.81082416,26.89854825],[-77.81153166,26.89964128],[-77.81991792,26.90209556],[-77.82082665,26.90263033],[-77.82945335,26.90816045],[-77.83322108,26.90793562],[-77.83193564,26.90703177]],[[-77.81120408,26.58001232],[-77.81135106,26.58002794],[-77.81283808,26.57562053],[-77.81214166,26.57315493],[-77.81421936,26.57099998],[-77.81481671,26.56838882],[-77.81582987,26.56814563],[-77.81929255,26.57239497],[-77.81937754,26.57287943],[-77.81818044,26.57498455],[-77.81426322,26.57486641],[-77.81766737,26.57910228],[-77.81405878,26.57852256],[-77.81377327,26.57980776],[-77.81129074,26.58071828],[-77.81103134,26.58123922],[-77.81127357,26.58247995],[-77.81433797,26.58407593],[-77.81491685,26.58342552],[-77.81303215,26.58099103],[-77.81329143,26.58074272],[-77.81573033,26.58224678],[-77.81686187,26.58197367],[-77.81716824,26.58169127],[-77.82080221,26.57412183],[-77.82095587,26.57326353],[-77.82068825,26.57036626],[-77.81901801,26.56729186],[-77.82152665,26.5679363],[-77.82122707,26.56338131],[-77.825984,26.56120193],[-77.82753003,26.55787456],[-77.82734537,26.55747557],[-77.82652354,26.55729032],[-77.82527876,26.55807126],[-77.82512808,26.55837166],[-77.82565224,26.55963755],[-77.82428336,26.55933964],[-77.82020772,26.56204915],[-77.81988943,26.56232941],[-77.81849825,26.56567955],[-77.81832921,26.56582618],[-77.81394565,26.56804907],[-77.81156683,26.57324028],[-77.81145895,26.57370865],[-77.81120408,26.58001232]],[[-77.82124984,26.89453125],[-77.81782114,26.89010215],[-77.81627536,26.89287055],[-77.81164372,26.89314365],[-77.81624985,26.89453125],[-77.81667042,26.89453125],[-77.82281745,26.89670563],[-77.82771051,26.89938354],[-77.82812345,26.89968336],[-77.8339076,26.90498972],[-77.83668625,26.90543401],[-77.83785725,26.90690291],[-77.83903456,26.90687633],[-77.83916855,26.90656185],[-77.83945417,26.90517521],[-77.83772993,26.90468204],[-77.83960187,26.90209997],[-77.83084464,26.89852583],[-77.82745397,26.89597726],[-77.82261312,26.89453125],[-77.82124984,26.89453125]],[[-77.81552386,25.49729908],[-77.81348038,25.49678802],[-77.81238055,25.4970752],[-77.81270611,25.50025106],[-77.81383991,25.50053012],[-77.81431496,25.50038063],[-77.81552386,25.49729908]],[[-77.82149076,23.76192045],[-77.83001816,23.76570976],[-77.83171976,23.76395166],[-77.83508992,23.76361907],[-77.83522725,23.76333141],[-77.83437514,23.76080287],[-77.83300066,23.75959277],[-77.83100176,23.75658894],[-77.82897711,23.75524425],[-77.82805753,23.75506794],[-77.82305813,23.75572026],[-77.81984353,23.75424945],[-77.81616104,23.75585222],[-77.81309962,23.75585377],[-77.81246734,23.75720286],[-77.81246793,23.75761688],[-77.81455684,23.76013255],[-77.81775248,23.76180947],[-77.82149076,23.76192045]],[[-77.83624494,24.2895931],[-77.83541346,24.28755915],[-77.83133244,24.28516877],[-77.82731283,24.28496337],[-77.82586193,24.28545284],[-77.82585394,24.28591096],[-77.82824516,24.28755641],[-77.82766914,24.28977168],[-77.82280815,24.29178917],[-77.81829131,24.29151726],[-77.81741595,24.29187727],[-77.8154124,24.29325426],[-77.81503606,24.29377067],[-77.81477797,24.29532695],[-77.81579375,24.29616356],[-77.8163774,24.29634106],[-77.82129467,24.29624915],[-77.82271743,24.29662621],[-77.83002782,24.29113364],[-77.83036125,24.29094982],[-77.83338845,24.29033434],[-77.83440816,24.29021621],[-77.83534217,24.29032266],[-77.83652306,24.29233837],[-77.83695424,24.29260325],[-77.83839345,24.29306293],[-77.84177244,24.29265761],[-77.84346461,24.29594243],[-77.84378755,24.29606795],[-77.84475207,24.29540885],[-77.84482563,24.29313874],[-77.84473658,24.29298103],[-77.83923244,24.29154444],[-77.83624494,24.2895931]],[[-77.81810737,26.59476805],[-77.81584334,26.59710884],[-77.81774533,26.59776425],[-77.82059777,26.59612715],[-77.82105684,26.59560144],[-77.82103574,26.59405053],[-77.82008755,26.59297013],[-77.81961763,26.59304893],[-77.81810737,26.59476805]],[[-77.81730115,25.49233985],[-77.81624877,25.49425375],[-77.81826651,25.49376166],[-77.81858635,25.49349523],[-77.81892824,25.49220765],[-77.81786394,25.49198854],[-77.81730115,25.49233985]],[[-77.82836676,24.39798367],[-77.82646585,24.40002668],[-77.82457972,24.39963734],[-77.82098734,24.4008671],[-77.82037675,24.40140665],[-77.82027435,24.4020735],[-77.82121432,24.40453577],[-77.81675983,24.40670145],[-77.81630647,24.40778208],[-77.81631315,24.40862846],[-77.81666207,24.40914178],[-77.81810415,24.40885532],[-77.81938183,24.41157544],[-77.8218106,24.41078424],[-77.82482481,24.41086161],[-77.82596195,24.41143966],[-77.82683265,24.41253662],[-77.82682765,24.41281915],[-77.82503653,24.41441607],[-77.82537997,24.41511381],[-77.8259536,24.41525972],[-77.82901144,24.41277826],[-77.82938886,24.41227412],[-77.82995605,24.40921593],[-77.83593702,24.40870452],[-77.83875334,24.40333331],[-77.83901036,24.40013277],[-77.84489775,24.39919662],[-77.8460536,24.39627445],[-77.84247208,24.39714813],[-77.84214997,24.39463735],[-77.84027135,24.39325356],[-77.83219552,24.39298117],[-77.83160686,24.39302635],[-77.83005571,24.39380443],[-77.82776308,24.39639533],[-77.82836676,24.39798367]],[[-77.81866121,25.74063551],[-77.81833506,25.74051034],[-77.81634903,25.74596524],[-77.81889594,25.74613166],[-77.81883764,25.74975562],[-77.82160735,25.74844694],[-77.82042217,25.74678457],[-77.82089365,25.74404681],[-77.81956077,25.74351776],[-77.81930613,25.74314535],[-77.81866121,25.74063551]],[[-77.81935513,26.53661692],[-77.81808186,26.54058671],[-77.81816936,26.54177153],[-77.81915176,26.54342234],[-77.81730461,26.54454875],[-77.81640995,26.54671824],[-77.81650817,26.54766667],[-77.81823802,26.54788613],[-77.81919146,26.55006385],[-77.82080126,26.55068922],[-77.8219074,26.55206025],[-77.82214355,26.55370736],[-77.82238364,26.55460227],[-77.82410347,26.55517328],[-77.83030248,26.5524044],[-77.83268428,26.54359806],[-77.83256853,26.54296875],[-77.83263671,26.54296875],[-77.83269358,26.54257154],[-77.82754636,26.54014313],[-77.82472527,26.53433776],[-77.82100177,26.53514254],[-77.81969011,26.53617787],[-77.81935513,26.53661692]],[[-77.81679165,26.58760273],[-77.81646693,26.58854675],[-77.81710768,26.59008527],[-77.81743896,26.59014726],[-77.81958544,26.58713615],[-77.81972814,26.58665466],[-77.81913102,26.58551288],[-77.81833911,26.58554482],[-77.81679165,26.58760273]],[[-77.82613075,26.62744772],[-77.82516158,26.62437046],[-77.82685745,26.6220752],[-77.82509208,26.61861944],[-77.82475936,26.61857498],[-77.82085562,26.62301254],[-77.81755447,26.62396812],[-77.81699085,26.62571824],[-77.82029402,26.62445295],[-77.82334673,26.62776423],[-77.82395136,26.62810898],[-77.82540631,26.62840366],[-77.82599914,26.62789786],[-77.82613075,26.62744772]],[[-77.82366395,25.69520247],[-77.82191765,25.69509935],[-77.81825805,25.69605982],[-77.81817615,25.69631267],[-77.81849384,25.69699955],[-77.82223225,25.69869792],[-77.82737052,25.70393753],[-77.83285224,25.70418572],[-77.82439482,25.69767964],[-77.82284617,25.69652176],[-77.8242377,25.69576156],[-77.82417548,25.69533062],[-77.82366395,25.69520247]],[[-77.82694435,27.04361105],[-77.82305551,27.0397222],[-77.82083333,27.03944445],[-77.82027781,27.03999984],[-77.82055545,27.04055548],[-77.82666671,27.04472208],[-77.82722223,27.04472208],[-77.82749987,27.04388893],[-77.82694435,27.04361105]],[[-77.82469785,24.31547403],[-77.82517421,24.31458437],[-77.82482326,24.31281435],[-77.82447386,24.31298387],[-77.82278442,24.31460834],[-77.82266748,24.31502593],[-77.82318163,24.31638944],[-77.82469785,24.31547403]],[[-77.84454703,26.53384626],[-77.84106004,26.53745663],[-77.84178877,26.54295802],[-77.84183931,26.54302585],[-77.84075713,26.54706442],[-77.83746958,26.54774272],[-77.83597755,26.54938614],[-77.83118212,26.56087446],[-77.82645535,26.56606805],[-77.82482088,26.56974864],[-77.82460582,26.57168317],[-77.82699335,26.57633674],[-77.82688606,26.58239555],[-77.82418072,26.58836901],[-77.82472956,26.59062684],[-77.82567596,26.59204304],[-77.82400668,26.59416437],[-77.82537556,26.59454262],[-77.82812107,26.59046686],[-77.82638967,26.59019184],[-77.82605803,26.58838177],[-77.82809687,26.58751285],[-77.82676005,26.58631146],[-77.82923424,26.58197296],[-77.82892847,26.57377934],[-77.82666016,26.57321322],[-77.82578015,26.57088876],[-77.82747614,26.56698573],[-77.83200598,26.56477427],[-77.83085704,26.57246125],[-77.83265698,26.57887757],[-77.83469892,26.57777536],[-77.83392692,26.57546282],[-77.83179832,26.57389724],[-77.83249664,26.57118177],[-77.83571446,26.57441425],[-77.83875668,26.57377207],[-77.83576047,26.57971716],[-77.83230984,26.58244252],[-77.83342028,26.58372021],[-77.83396435,26.58193386],[-77.83630145,26.58277535],[-77.83244824,26.59022987],[-77.83080816,26.59141302],[-77.83233178,26.59307861],[-77.83927941,26.58158767],[-77.84286273,26.56989396],[-77.84293103,26.56649625],[-77.83896911,26.56770003],[-77.84045613,26.56198442],[-77.83755481,26.55998218],[-77.83987236,26.55911708],[-77.84326124,26.55448616],[-77.84506202,26.55498171],[-77.84388792,26.55734885],[-77.84526145,26.56164741],[-77.8441925,26.56691754],[-77.84489071,26.57274127],[-77.84817374,26.57007873],[-77.85289431,26.56272697],[-77.85370004,26.55559886],[-77.85568106,26.55774021],[-77.86157894,26.55926704],[-77.86170328,26.55902994],[-77.85722172,26.55583394],[-77.85658872,26.55378056],[-77.85769677,26.55256522],[-77.86162424,26.55225205],[-77.86230135,26.54994285],[-77.86202323,26.54947186],[-77.85683346,26.54603541],[-77.85471666,26.54296875],[-77.85443425,26.54296875],[-77.84454703,26.53384626]],[[-77.83038771,26.59488392],[-77.82860804,26.59711278],[-77.82799423,26.59494555],[-77.82653105,26.59490287],[-77.82610643,26.59517395],[-77.82614446,26.59723961],[-77.8242352,26.59889054],[-77.82525432,26.60172534],[-77.82577074,26.60190344],[-77.82824671,26.60044205],[-77.82902348,26.59771192],[-77.83181465,26.59513783],[-77.83158553,26.59469974],[-77.83038771,26.59488392]],[[-77.82461834,25.65011954],[-77.82900131,25.65560377],[-77.82703376,25.65432596],[-77.82643986,25.65497661],[-77.82885504,25.65722644],[-77.83035946,25.65998876],[-77.83167052,25.6640625],[-77.83210003,25.6640625],[-77.83405197,25.67102623],[-77.83455944,25.67480385],[-77.83604336,25.67609453],[-77.83793795,25.67080176],[-77.84028256,25.67123365],[-77.84103036,25.67004335],[-77.84384274,25.67028415],[-77.84461057,25.66972697],[-77.84464335,25.66818643],[-77.84293163,25.6640625],[-77.84169376,25.6640625],[-77.83576047,25.66420734],[-77.83581364,25.6640625],[-77.83569014,25.6640625],[-77.8371855,25.66290987],[-77.83349335,25.65888572],[-77.83463645,25.65672863],[-77.82565331,25.64662385],[-77.82443035,25.64767587],[-77.82461834,25.65011954]],[[-77.86557364,25.40473378],[-77.85233164,25.40844321],[-77.85076022,25.4081341],[-77.85044336,25.40780473],[-77.84945178,25.40491176],[-77.84875882,25.40500367],[-77.84828484,25.40522838],[-77.84687924,25.41164684],[-77.84341431,25.41612244],[-77.83908796,25.41892874],[-77.83779275,25.42321515],[-77.83590281,25.42333901],[-77.83363426,25.42765677],[-77.83330524,25.43139255],[-77.83108234,25.43168223],[-77.82821536,25.43417108],[-77.82598567,25.43964565],[-77.82466066,25.44044197],[-77.82488787,25.44133055],[-77.82530475,25.44150996],[-77.82870603,25.43958604],[-77.83402658,25.43995523],[-77.83646393,25.43830883],[-77.83789396,25.43607116],[-77.83856404,25.42759538],[-77.84078646,25.42407441],[-77.84267032,25.42340612],[-77.84445596,25.41899085],[-77.84753883,25.41651905],[-77.85164726,25.41504538],[-77.85825324,25.41733813],[-77.86543155,25.41636336],[-77.89361072,25.42152715],[-77.90936673,25.41344166],[-77.90729487,25.40942657],[-77.91069221,25.40659082],[-77.91070867,25.40621436],[-77.90960395,25.40607905],[-77.89510691,25.41091025],[-77.88633215,25.41185951],[-77.88050008,25.40966964],[-77.87905872,25.40553546],[-77.87637234,25.40702808],[-77.86769855,25.40736604],[-77.86599636,25.40459454],[-77.86557364,25.40473378]],[[-77.86383176,26.55749238],[-77.86171091,26.55980432],[-77.85532033,26.55990422],[-77.85701513,26.56267703],[-77.84664154,26.57728243],[-77.84381056,26.58423245],[-77.84668815,26.58573854],[-77.84955716,26.58559835],[-77.84947264,26.58443606],[-77.85687494,26.58149135],[-77.85878575,26.58212698],[-77.85426581,26.58632147],[-77.85304046,26.58530748],[-77.84984088,26.58606601],[-77.84723723,26.58858144],[-77.84587455,26.58645225],[-77.84088433,26.58734775],[-77.83801985,26.59419465],[-77.83480632,26.59873283],[-77.83309591,26.60227036],[-77.83354652,26.60305917],[-77.82696462,26.61119056],[-77.82609975,26.61397648],[-77.82667434,26.61732304],[-77.82692611,26.61747265],[-77.82834184,26.61765206],[-77.82864392,26.61733174],[-77.82845867,26.61521542],[-77.82905364,26.6146059],[-77.83220744,26.61363566],[-77.83210874,26.61142993],[-77.83051455,26.60958397],[-77.83255374,26.61069107],[-77.83384764,26.61341274],[-77.83563387,26.61292624],[-77.83640742,26.61403537],[-77.83906198,26.61408186],[-77.83999026,26.61282766],[-77.83779383,26.61203432],[-77.84000576,26.61097455],[-77.83893323,26.60948217],[-77.84011447,26.60863483],[-77.84055173,26.61205244],[-77.84232306,26.61265087],[-77.84915924,26.60066915],[-77.8527472,26.59805691],[-77.85264134,26.59833264],[-77.84975851,26.60167766],[-77.84607744,26.61069834],[-77.83750904,26.61680865],[-77.83502746,26.61417496],[-77.83549523,26.61734772],[-77.83494794,26.61873114],[-77.83348215,26.62110901],[-77.83330715,26.62133133],[-77.83001816,26.62199211],[-77.82948875,26.62239635],[-77.82735145,26.62486207],[-77.82744825,26.62496614],[-77.82835484,26.62530518],[-77.82963276,26.62372792],[-77.83369565,26.62255383],[-77.83442175,26.62073171],[-77.83498395,26.62021196],[-77.83769011,26.61909652],[-77.83951652,26.61680591],[-77.84348786,26.61578667],[-77.84927416,26.61056554],[-77.85374951,26.60940814],[-77.86471176,26.60749364],[-77.88140476,26.60582495],[-77.88548815,26.60634506],[-77.8890686,26.60832465],[-77.89578235,26.60753202],[-77.88720155,26.59602571],[-77.88567054,26.59229577],[-77.88689804,26.58945894],[-77.8792448,26.57825315],[-77.87687886,26.57897604],[-77.86987114,26.57211947],[-77.87159896,26.56910777],[-77.86383176,26.55749238]],[[-77.88115823,24.32711136],[-77.8769834,24.31734383],[-77.87109375,24.31648695],[-77.86647284,24.31543303],[-77.86334062,24.31772876],[-77.85608244,24.32023573],[-77.85575736,24.32041383],[-77.85184288,24.32391024],[-77.84630704,24.3256433],[-77.84172976,24.32896936],[-77.83958697,24.32876742],[-77.83929217,24.32915854],[-77.83911216,24.33255315],[-77.83688605,24.33311725],[-77.8355211,24.33547282],[-77.83467555,24.34752846],[-77.83388341,24.34861004],[-77.83035576,24.34698474],[-77.82677591,24.35341692],[-77.83039105,24.35165155],[-77.83173692,24.35289741],[-77.83522785,24.35260844],[-77.83568454,24.35250103],[-77.83971786,24.35025024],[-77.84019005,24.35035038],[-77.84564924,24.35443282],[-77.8533684,24.34957075],[-77.85452294,24.3490746],[-77.85815704,24.34808183],[-77.85890126,24.34801674],[-77.86152053,24.34872305],[-77.86626208,24.34662986],[-77.87109375,24.34768236],[-77.87455595,24.34824407],[-77.88007045,24.34358716],[-77.88472664,24.34265792],[-77.8801707,24.34872794],[-77.88243365,24.34963536],[-77.88830626,24.34197021],[-77.88605213,24.3365736],[-77.88698328,24.32933855],[-77.88684034,24.32912123],[-77.88457108,24.32905471],[-77.88115823,24.32711136]],[[-77.83032143,26.56873167],[-77.82956302,26.56761956],[-77.82868171,26.56769371],[-77.82704246,26.56933093],[-77.82793391,26.57039726],[-77.82904792,26.57052672],[-77.83005405,26.57024074],[-77.83032143,26.56873167]],[[-77.82720351,25.69479454],[-77.82768345,25.69530904],[-77.82883823,25.69613135],[-77.83351552,25.6974349],[-77.8350563,25.69815206],[-77.83518195,25.6983875],[-77.83383095,25.69974077],[-77.83773458,25.69914472],[-77.83760905,25.69742572],[-77.83586097,25.69679451],[-77.83797395,25.69551468],[-77.83636463,25.69302344],[-77.83606815,25.69280946],[-77.83293653,25.69442165],[-77.8317759,25.69240677],[-77.82937098,25.69194007],[-77.82749212,25.69349635],[-77.8271687,25.69403756],[-77.82720351,25.69479454]],[[-77.83508384,24.30622685],[-77.83490551,24.29898465],[-77.83552706,24.29687405],[-77.83676708,24.29428017],[-77.83625507,24.29343355],[-77.83591747,24.29337394],[-77.82874203,24.29602647],[-77.83366787,24.29886937],[-77.83196175,24.30090535],[-77.83178067,24.30329096],[-77.83389545,24.30374467],[-77.83449411,24.30465198],[-77.83438504,24.30508602],[-77.82845545,24.30929506],[-77.82849717,24.31063163],[-77.83337724,24.30833065],[-77.83508384,24.30622685]],[[-77.8383764,24.42327821],[-77.82974744,24.42494571],[-77.82885563,24.42531276],[-77.82870102,24.42635894],[-77.83032095,24.42820525],[-77.83116782,24.42840517],[-77.83288383,24.42634416],[-77.83848465,24.42347515],[-77.8383764,24.42327821]],[[-77.83470726,26.62654424],[-77.83437741,26.62641585],[-77.83011115,26.62741935],[-77.82949233,26.62770951],[-77.82889247,26.6286844],[-77.82922232,26.62896383],[-77.83366477,26.63038445],[-77.83530188,26.62879205],[-77.83470726,26.62654424]],[[-77.94777834,26.8946743],[-77.94457304,26.89587224],[-77.9425776,26.89524233],[-77.93947053,26.89668095],[-77.90115845,26.9015938],[-77.85992098,26.91238117],[-77.84783983,26.91370833],[-77.84239805,26.91331017],[-77.83590615,26.91487026],[-77.83190715,26.91349041],[-77.83240807,26.91186714],[-77.82912231,26.91196632],[-77.83052313,26.91361058],[-77.82965386,26.91475117],[-77.85237157,26.91538775],[-77.85523367,26.91542733],[-77.85999882,26.91447246],[-77.887784,26.90699065],[-77.89154768,26.90726984],[-77.90040493,26.90563095],[-77.91241372,26.90186024],[-77.94419885,26.89711344],[-77.94561422,26.89784622],[-77.94613695,26.89783573],[-77.95178723,26.89698172],[-77.95233095,26.89687002],[-77.95440805,26.89617598],[-77.95483041,26.89494514],[-77.95460534,26.89453125],[-77.95437503,26.89453125],[-77.95442092,26.89383173],[-77.95156646,26.89319897],[-77.94777834,26.8946743]],[[-77.82925916,26.61762404],[-77.83057106,26.61829436],[-77.83135104,26.61717284],[-77.83257103,26.61661851],[-77.83242786,26.61637926],[-77.82922852,26.61730731],[-77.82925916,26.61762404]],[[-77.830832,25.47355914],[-77.82995462,25.47626293],[-77.83095825,25.47746444],[-77.83456767,25.47445655],[-77.83975124,25.47243798],[-77.83628166,25.47102416],[-77.83491576,25.47102571],[-77.83344567,25.47222185],[-77.830832,25.47355914]],[[-77.83472371,25.76796246],[-77.83309114,25.76764083],[-77.83228183,25.76867986],[-77.83268714,25.76714778],[-77.83027995,25.76624107],[-77.82997358,25.76655304],[-77.83168793,25.77049673],[-77.83264172,25.77398682],[-77.83507895,25.77429748],[-77.83771503,25.77292931],[-77.83723104,25.77205491],[-77.83650911,25.77062786],[-77.83458054,25.77020192],[-77.83508265,25.76824296],[-77.83472371,25.76796246]],[[-77.83604407,25.67687106],[-77.83392406,25.68345416],[-77.83058655,25.68772244],[-77.83092916,25.6894989],[-77.83188498,25.68981016],[-77.83305025,25.69024312],[-77.83928895,25.69004905],[-77.84303153,25.68799412],[-77.84369934,25.68226194],[-77.83694255,25.68049383],[-77.83604407,25.67687106]],[[-77.83376956,27.04660261],[-77.83231318,27.0458039],[-77.83189976,27.04590476],[-77.83220923,27.04682875],[-77.83586764,27.04961336],[-77.84277272,27.05098867],[-77.84330106,27.0507822],[-77.84306645,27.04998684],[-77.83905876,27.04718316],[-77.83599722,27.04591131],[-77.83560824,27.04583776],[-77.83376956,27.04660261]],[[-77.83513224,26.54450774],[-77.83609104,26.5454576],[-77.83793044,26.54296875],[-77.83795404,26.54159427],[-77.83730125,26.54140103],[-77.83665502,26.54140973],[-77.83575058,26.54296875],[-77.83568788,26.54296875],[-77.83513224,26.54450774]],[[-77.84557414,24.37265158],[-77.84166575,24.37691116],[-77.84113181,24.37719905],[-77.83675218,24.37729645],[-77.83573365,24.37818253],[-77.83587134,24.37866342],[-77.83905375,24.37909555],[-77.83957386,24.37919426],[-77.84451294,24.37682974],[-77.84706366,24.37465358],[-77.84699094,24.37260664],[-77.84665871,24.37236202],[-77.84557414,24.37265158]],[[-77.88231516,26.60749304],[-77.88201165,26.60739243],[-77.87976646,26.60765183],[-77.87309182,26.61014402],[-77.86426544,26.61040115],[-77.85299492,26.61248136],[-77.83822322,26.62153935],[-77.83634734,26.62536275],[-77.83651721,26.62594283],[-77.84077275,26.62842536],[-77.84132206,26.63061535],[-77.84333122,26.63166702],[-77.84956956,26.63169634],[-77.85296965,26.63140953],[-77.86545646,26.62664294],[-77.86892211,26.62403095],[-77.87209356,26.62529516],[-77.87292695,26.62203181],[-77.87331498,26.6217643],[-77.88092065,26.61835778],[-77.88292575,26.61788261],[-77.89165854,26.61670411],[-77.89216626,26.61675847],[-77.89975905,26.62045407],[-77.90385008,26.6206032],[-77.90454566,26.61717427],[-77.90376365,26.61453974],[-77.90347445,26.61412108],[-77.89886117,26.61002815],[-77.89831924,26.6097486],[-77.89456427,26.60861051],[-77.8891654,26.60962403],[-77.88231516,26.60749304]],[[-77.83898365,24.31659043],[-77.83835804,24.31647003],[-77.83639872,24.318313],[-77.83850682,24.32014167],[-77.84027648,24.31850195],[-77.84027112,24.3182199],[-77.83898365,24.31659043]],[[-77.83818817,24.2777487],[-77.84391582,24.28016925],[-77.84908915,24.27677393],[-77.85224354,24.27655137],[-77.85252774,24.27504683],[-77.85246205,24.27471805],[-77.84883201,24.27453005],[-77.84562051,24.27650821],[-77.84381437,24.2740252],[-77.84052205,24.27288735],[-77.83820176,24.27452946],[-77.83779097,24.2753247],[-77.83775568,24.27718711],[-77.83818817,24.2777487]],[[-77.84206712,26.63675344],[-77.84307253,26.63858652],[-77.84556615,26.63472021],[-77.84854305,26.63527882],[-77.84964407,26.63707411],[-77.84831953,26.63854682],[-77.8465054,26.63566875],[-77.84680057,26.63933957],[-77.84338355,26.63960063],[-77.84334886,26.64108622],[-77.84128547,26.64198041],[-77.84032965,26.63889682],[-77.83792234,26.63885713],[-77.8398267,26.64217937],[-77.84149385,26.6473062],[-77.84555852,26.64722764],[-77.84586072,26.64696896],[-77.84779894,26.64271724],[-77.84734404,26.64139044],[-77.84773326,26.64092576],[-77.84893227,26.64017355],[-77.84930587,26.64190745],[-77.85368144,26.63910794],[-77.85785937,26.63511133],[-77.85823894,26.63460946],[-77.85893345,26.63258076],[-77.85769975,26.63275421],[-77.85211813,26.63413942],[-77.84057724,26.63290334],[-77.83950937,26.63612688],[-77.84206712,26.63675344]],[[-77.90377653,24.70442235],[-77.90303397,24.70415545],[-77.89990234,24.70422268],[-77.89414096,24.70092428],[-77.88688934,24.69825792],[-77.88556123,24.69791615],[-77.87463152,24.69777894],[-77.87347686,24.69515336],[-77.87308824,24.69494665],[-77.86927676,24.69463134],[-77.86802018,24.69512331],[-77.86658382,24.69657743],[-77.87177134,24.69710982],[-77.87207115,24.69805074],[-77.87138414,24.69865024],[-77.86139691,24.70039475],[-77.85071707,24.70846891],[-77.85073125,24.70940471],[-77.85989523,24.70504642],[-77.86968315,24.70647454],[-77.87526453,24.70879471],[-77.87189651,24.70918524],[-77.87313044,24.70968676],[-77.87199354,24.71058285],[-77.86665237,24.70847344],[-77.86636186,24.7093935],[-77.85836875,24.70924425],[-77.85300374,24.71358216],[-77.85278404,24.71560836],[-77.84462702,24.72016072],[-77.83828187,24.72861087],[-77.84360886,24.72665274],[-77.84281826,24.72570503],[-77.84476566,24.72213447],[-77.84695578,24.7224735],[-77.84922636,24.72487247],[-77.84982133,24.72404325],[-77.85234153,24.72445571],[-77.85298383,24.72326255],[-77.85296392,24.72423244],[-77.85509741,24.72453165],[-77.85395002,24.72536254],[-77.85479832,24.72712755],[-77.85334003,24.72907841],[-77.85518551,24.72940016],[-77.85533226,24.72952175],[-77.85495865,24.73012435],[-77.85538936,24.73081291],[-77.85816336,24.72997963],[-77.86045623,24.72838593],[-77.86060774,24.72795415],[-77.86029112,24.72769284],[-77.85581684,24.72973001],[-77.85728824,24.72838604],[-77.85764003,24.72533047],[-77.86301374,24.72480607],[-77.88197434,24.71692276],[-77.88422418,24.71367407],[-77.8732779,24.71166205],[-77.8739959,24.71025312],[-77.88239753,24.71130633],[-77.89592421,24.70864677],[-77.90042365,24.70575023],[-77.90781581,24.70723283],[-77.90781116,24.70698953],[-77.90377653,24.70442235]],[[-77.84207606,24.70515597],[-77.84397948,24.70540094],[-77.84923852,24.70211661],[-77.85028636,24.69925475],[-77.85068464,24.69620514],[-77.85004902,24.69514477],[-77.84919035,24.69439816],[-77.84615445,24.69367504],[-77.84134853,24.69635832],[-77.83965623,24.69896567],[-77.83969116,24.6997714],[-77.84119678,24.70441723],[-77.84207606,24.70515597]],[[-77.84885085,26.90052021],[-77.84849775,26.9001193],[-77.84558892,26.90144324],[-77.84535515,26.90145516],[-77.84288931,26.90046835],[-77.8432163,26.89586365],[-77.84110415,26.89654565],[-77.84080768,26.89692485],[-77.84018552,26.90064204],[-77.84063196,26.90150464],[-77.84107554,26.90188777],[-77.84519684,26.90351152],[-77.84844971,26.90160382],[-77.84885085,26.90052021]],[[-77.84400725,25.46607482],[-77.84057236,25.46920288],[-77.84211361,25.46965182],[-77.84534073,25.46816182],[-77.84558725,25.46800256],[-77.84681356,25.46604621],[-77.84681666,25.46533203],[-77.84580541,25.46501243],[-77.84400725,25.46607482]],[[-77.84756804,24.71160436],[-77.84611905,24.71099126],[-77.84566605,24.71109033],[-77.84320474,24.71422195],[-77.84756804,24.71160436]],[[-77.84564734,26.88986385],[-77.84715438,26.89172375],[-77.85104764,26.89289558],[-77.8517065,26.89251864],[-77.85120475,26.89009964],[-77.8498193,26.88889241],[-77.84564734,26.88986385]],[[-77.84565115,25.45021308],[-77.84701824,25.45145094],[-77.85037386,25.45085788],[-77.85094655,25.45065248],[-77.85503995,25.44891345],[-77.85648727,25.44760871],[-77.85640705,25.44724476],[-77.85507321,25.44664156],[-77.84612286,25.44871807],[-77.84574175,25.44884658],[-77.84565115,25.45021308]],[[-77.85528004,24.36087024],[-77.85177982,24.36338663],[-77.84815776,24.36761951],[-77.85327506,24.36391103],[-77.86228216,24.36313272],[-77.86503375,24.36213982],[-77.86602211,24.36039496],[-77.85960186,24.35916853],[-77.85528004,24.36087024]],[[-77.90694165,26.61901546],[-77.90576613,26.62156117],[-77.90350795,26.62271821],[-77.89731836,26.62233555],[-77.88978672,26.62669611],[-77.88299704,26.62914252],[-77.87947762,26.62930918],[-77.87732995,26.63114655],[-77.87210453,26.62990618],[-77.86151671,26.63403964],[-77.86119533,26.63420534],[-77.84926951,26.64507055],[-77.84852135,26.64697444],[-77.84863067,26.64775491],[-77.84927607,26.64817083],[-77.85295868,26.64663291],[-77.85411406,26.64882386],[-77.85597503,26.64870572],[-77.86029625,26.64590788],[-77.86765838,26.63418198],[-77.86982203,26.63479674],[-77.86996293,26.63494384],[-77.86475515,26.64183474],[-77.86206496,26.64752364],[-77.8571465,26.64987814],[-77.85829723,26.65074003],[-77.85996461,26.64931226],[-77.86176336,26.65120125],[-77.86395586,26.65134203],[-77.86641371,26.65355706],[-77.86607742,26.65578473],[-77.86026645,26.65209734],[-77.85733354,26.65472543],[-77.85518062,26.65409601],[-77.85271525,26.6519773],[-77.85409677,26.65056992],[-77.85343242,26.64970267],[-77.85032213,26.65030444],[-77.84905064,26.65165901],[-77.85371721,26.65482652],[-77.85983574,26.65681815],[-77.86004055,26.65701008],[-77.86575496,26.67009902],[-77.86611652,26.67036963],[-77.87150455,26.67134941],[-77.87197423,26.67174172],[-77.87385786,26.67221916],[-77.87634385,26.67155111],[-77.88045323,26.66915906],[-77.88519001,26.6666013],[-77.88584936,26.66614687],[-77.89010107,26.66055214],[-77.89541411,26.65616786],[-77.90729165,26.65229285],[-77.91817474,26.64567971],[-77.92851102,26.64477646],[-77.92939198,26.64409566],[-77.92952394,26.64375734],[-77.92688775,26.63984656],[-77.91891098,26.63526773],[-77.90042806,26.63428533],[-77.88976705,26.64046216],[-77.87283528,26.65866625],[-77.87008667,26.66491532],[-77.86892605,26.66485333],[-77.86933696,26.66067696],[-77.86672866,26.66217077],[-77.8667078,26.66506398],[-77.86565077,26.66501951],[-77.86325371,26.65962982],[-77.87040734,26.65816712],[-77.87134325,26.65733004],[-77.881199,26.64768875],[-77.88745666,26.63674414],[-77.89251435,26.63323724],[-77.89332044,26.63287044],[-77.90004182,26.63149178],[-77.90816283,26.63224804],[-77.91040862,26.63095784],[-77.91170323,26.6323632],[-77.91506815,26.63274014],[-77.91583204,26.63236475],[-77.91480875,26.63049722],[-77.9124577,26.62963164],[-77.91663766,26.62946415],[-77.92376411,26.63539565],[-77.92678273,26.63559616],[-77.93064535,26.63905847],[-77.93094945,26.63921487],[-77.93297875,26.63962138],[-77.93471146,26.63890886],[-77.93472266,26.63851035],[-77.93419302,26.63816345],[-77.93247652,26.63871205],[-77.92995131,26.63585734],[-77.92170143,26.63085234],[-77.919209,26.62765646],[-77.90694165,26.61901546]],[[-77.84886897,26.89714885],[-77.84940255,26.89729154],[-77.8520025,26.89616394],[-77.85194373,26.89578807],[-77.85083222,26.89558065],[-77.84917355,26.89627886],[-77.84886897,26.89714885]],[[-77.85291314,23.73896277],[-77.85392511,23.74180615],[-77.85598993,23.74025583],[-77.85317564,23.73675251],[-77.85316777,23.73519003],[-77.85163367,23.73441267],[-77.85091293,23.73452735],[-77.849738,23.73590064],[-77.85291314,23.73896277]],[[-77.85812724,25.45250916],[-77.85328865,25.45965195],[-77.85008192,25.46243751],[-77.85045505,25.46365166],[-77.85513294,25.46077514],[-77.85982335,25.45426905],[-77.86023641,25.45361185],[-77.86041045,25.45257711],[-77.85869241,25.45248222],[-77.85812724,25.45250916]],[[-77.85069191,26.88286006],[-77.85048211,26.88321507],[-77.85194457,26.88663733],[-77.8523041,26.88695681],[-77.85379064,26.88730323],[-77.85891163,26.88640297],[-77.86103594,26.88314044],[-77.85802412,26.87966812],[-77.85510254,26.87970865],[-77.85394597,26.88155174],[-77.85069191,26.88286006]],[[-77.86457562,24.27997458],[-77.86495113,24.28529227],[-77.86053884,24.28742325],[-77.86136341,24.28806758],[-77.86469984,24.28716958],[-77.86497986,24.2872864],[-77.86711597,24.2890625],[-77.87109375,24.28553236],[-77.87374723,24.28275084],[-77.87457371,24.28239822],[-77.8766849,24.28383362],[-77.87622714,24.27918971],[-77.87495041,24.27794945],[-77.87762034,24.27537942],[-77.8774327,24.27515042],[-77.87109375,24.27784634],[-77.86919773,24.27897],[-77.86457562,24.27997458]],[[-77.86801767,24.35588765],[-77.86884272,24.35639095],[-77.87109375,24.35543525],[-77.87126756,24.35519016],[-77.87109375,24.35475755],[-77.86919761,24.35455465],[-77.86801767,24.35588765]],[[-77.88006926,26.86771941],[-77.87905025,26.86696792],[-77.87765765,26.86699295],[-77.87369704,26.86931181],[-77.86957335,26.87057042],[-77.86880004,26.87135637],[-77.86941314,26.87283206],[-77.87321818,26.87485111],[-77.87642515,26.87489581],[-77.87905586,26.87676024],[-77.87991536,26.87511003],[-77.8788048,26.87083256],[-77.88006926,26.86771941]],[[-77.87491822,25.76129794],[-77.8784852,25.76361001],[-77.87434554,25.76012313],[-77.87324345,25.76068628],[-77.87340152,25.76099765],[-77.87491822,25.76129794]],[[-77.8732568,24.40358055],[-77.87352216,24.40538073],[-77.87557137,24.40471423],[-77.87544191,24.40443444],[-77.8732568,24.40358055]],[[-77.87674475,24.69442308],[-77.87952113,24.69553542],[-77.88281345,24.69398916],[-77.88901877,24.69484258],[-77.8894093,24.69470465],[-77.89007497,24.69431031],[-77.89042676,24.69023383],[-77.89385724,24.68963695],[-77.89442182,24.68974996],[-77.89621723,24.69220483],[-77.89412975,24.69529927],[-77.89481688,24.69659674],[-77.90065467,24.69916224],[-77.90531981,24.69908798],[-77.90713882,24.69951355],[-77.9141736,24.69694364],[-77.91432416,24.69680011],[-77.91226566,24.69437802],[-77.91542947,24.69629407],[-77.92213023,24.69490755],[-77.92378986,24.68646061],[-77.92332625,24.68565953],[-77.92018807,24.68630648],[-77.91883695,24.68798327],[-77.91977012,24.69020653],[-77.91693115,24.6920917],[-77.90934467,24.68932664],[-77.90907455,24.68903696],[-77.91001165,24.68854916],[-77.91314852,24.68938565],[-77.91481912,24.68906617],[-77.91517484,24.68879044],[-77.91262805,24.68737078],[-77.9177047,24.68305361],[-77.92048693,24.68284631],[-77.92034256,24.68258333],[-77.91701508,24.68166268],[-77.91325891,24.68597186],[-77.90874362,24.68724906],[-77.90749967,24.68659842],[-77.90426707,24.68827081],[-77.9037708,24.68814743],[-77.90259016,24.68742955],[-77.90196025,24.6851474],[-77.89894235,24.68366671],[-77.89990854,24.68255174],[-77.89920998,24.68169558],[-77.90294385,24.67909336],[-77.89840054,24.67722344],[-77.88871574,24.68383086],[-77.88295734,24.68556285],[-77.88005435,24.68858635],[-77.87399936,24.68965507],[-77.87390661,24.69198597],[-77.87404478,24.69220591],[-77.87674475,24.69442308]],[[-78.70301151,26.48775375],[-78.69968355,26.4920336],[-78.69005561,26.49037063],[-78.66568947,26.49740076],[-78.66030121,26.49503064],[-78.66001415,26.49511003],[-78.65885913,26.49717975],[-78.64964092,26.50205195],[-78.64153492,26.50867546],[-78.63617694,26.51032126],[-78.63171184,26.51432073],[-78.63064313,26.51489961],[-78.62560022,26.51475835],[-78.61983776,26.51988065],[-78.61939275,26.52013552],[-78.61280453,26.5230515],[-78.61203611,26.52330351],[-78.60861194,26.52289367],[-78.60749161,26.52481806],[-78.59686661,26.53186905],[-78.59441972,26.53343344],[-78.58177185,26.54027533],[-78.58139718,26.54041886],[-78.57856405,26.54094756],[-78.56814694,26.54218805],[-78.56627822,26.54296875],[-78.56595206,26.54296875],[-78.56598234,26.54311001],[-78.55977297,26.54606235],[-78.55786693,26.54558885],[-78.55693293,26.54296553],[-78.55675066,26.54076362],[-78.55643094,26.54032433],[-78.55499208,26.53990054],[-78.55454183,26.54003894],[-78.55569077,26.54296875],[-78.55565786,26.54296875],[-78.55596995,26.54422426],[-78.55592573,26.54676044],[-78.55513465,26.54768515],[-78.54987085,26.55084932],[-78.54524374,26.55174744],[-78.54377174,26.55441928],[-78.54350173,26.55465925],[-78.54086554,26.55588198],[-78.52804256,26.56035316],[-78.52143645,26.56077003],[-78.51035762,26.56538653],[-78.50987601,26.56548583],[-78.50674915,26.56469107],[-78.5015769,26.56775177],[-78.49875164,26.56590474],[-78.49653923,26.56637025],[-78.49298084,26.56981516],[-78.48218882,26.57442903],[-78.46728063,26.58310902],[-78.45100677,26.58754826],[-78.43725777,26.59437501],[-78.43679631,26.59451902],[-78.42621183,26.59565294],[-78.41786206,26.59631908],[-78.3984375,26.60184145],[-78.39732027,26.60219192],[-78.39270997,26.60342336],[-78.39013481,26.60367465],[-78.38787377,26.60333514],[-78.38282144,26.60092652],[-78.37396145,26.60220754],[-78.37334764,26.60231435],[-78.37091935,26.60403228],[-78.3521136,26.60853791],[-78.34569454,26.60856736],[-78.31656444,26.61460948],[-78.29654408,26.61684477],[-78.28332794,26.62106454],[-78.26428771,26.62134325],[-78.25788736,26.62030375],[-78.25259995,26.61739111],[-78.24728405,26.61642694],[-78.23043287,26.6210643],[-78.22189712,26.62082672],[-78.21772265,26.61887324],[-78.21718741,26.6189996],[-78.21673894,26.61940765],[-78.21651077,26.61990893],[-78.21638823,26.62016833],[-78.21506941,26.61915731],[-78.2156167,26.62525702],[-78.19761085,26.62939715],[-78.19092596,26.63191175],[-78.15926528,26.63836324],[-78.14561164,26.64081693],[-78.13707435,26.64153016],[-78.12822986,26.64432061],[-78.12521791,26.64479518],[-78.12166703,26.64477932],[-78.11655474,26.64378107],[-78.11452258,26.64221883],[-78.10976613,26.64232755],[-78.0976336,26.64599764],[-78.09568143,26.64645433],[-78.0751456,26.65058267],[-78.064188,26.65178573],[-78.05982065,26.65178573],[-78.046875,26.65039062],[-78.04309475,26.65022886],[-78.03977632,26.65286696],[-78.03517055,26.65435195],[-78.02422285,26.65630567],[-78.02118421,26.65672851],[-77.99853027,26.65789938],[-77.99622226,26.65661406],[-77.98923123,26.65576756],[-77.9805243,26.65650487],[-77.97868276,26.65433693],[-77.97490406,26.65306056],[-77.97288585,26.65004611],[-77.96117008,26.64858484],[-77.95419705,26.64606285],[-77.95930374,26.65002048],[-77.95829713,26.65003967],[-77.94781947,26.64794648],[-77.93745565,26.64272797],[-77.93393016,26.64298606],[-77.93279636,26.64581871],[-77.93108523,26.64683604],[-77.92435646,26.64725578],[-77.89571631,26.65881598],[-77.89500415,26.65918684],[-77.89184368,26.66149795],[-77.88644338,26.66783822],[-77.88164878,26.67098367],[-77.88093042,26.67159414],[-77.87445176,26.67256772],[-77.87515545,26.67322063],[-77.88004148,26.67297685],[-77.88615811,26.67647445],[-77.8886193,26.6761893],[-77.89161587,26.68019772],[-77.89505601,26.68170047],[-77.89693236,26.68910694],[-77.89953423,26.69108975],[-77.90159714,26.68953967],[-77.90362716,26.69534016],[-77.90297353,26.69697773],[-77.90096355,26.69549668],[-77.90033877,26.70065081],[-77.90058684,26.70162117],[-77.90226996,26.70175445],[-77.90212405,26.70527554],[-77.90329766,26.7024641],[-77.90225971,26.69940674],[-77.90314436,26.69781172],[-77.90841877,26.69825912],[-77.90528858,26.69879532],[-77.90517461,26.70069194],[-77.90709281,26.70322955],[-77.90474164,26.70353365],[-77.90345204,26.70553684],[-77.90565956,26.71153295],[-77.90578175,26.71245313],[-77.90556371,26.71875],[-77.90562487,26.71875],[-77.90320563,26.73116314],[-77.90430105,26.73479402],[-77.90416503,26.73556352],[-77.90005875,26.7396363],[-77.90118587,26.74160433],[-77.90529788,26.74320924],[-77.90521276,26.74707913],[-77.90513563,26.74743283],[-77.90432167,26.74873197],[-77.90384436,26.74885237],[-77.9000951,26.74836171],[-77.89967442,26.74849617],[-77.89851463,26.74996126],[-77.89979994,26.75239468],[-77.90372431,26.75429475],[-77.90593314,26.75298476],[-77.90627766,26.74847341],[-77.90755105,26.74723256],[-77.90916812,26.75221968],[-77.91108835,26.75181794],[-77.91234755,26.74794197],[-77.91474688,26.74728346],[-77.9183954,26.74881685],[-77.9126935,26.74869275],[-77.91121542,26.75316918],[-77.90852726,26.75308955],[-77.91087163,26.75812244],[-77.91326833,26.75905442],[-77.91256666,26.76317716],[-77.91668797,26.77133465],[-77.91352963,26.77176297],[-77.91172671,26.77032995],[-77.90642524,26.77244067],[-77.90983021,26.77595055],[-77.91437614,26.77626205],[-77.91685915,26.77760887],[-77.91802645,26.77439225],[-77.9200927,26.77305913],[-77.91964841,26.77122152],[-77.92183244,26.76933885],[-77.91974366,26.76740372],[-77.91615105,26.76675212],[-77.91506362,26.76490021],[-77.92197096,26.75770783],[-77.92121375,26.75548542],[-77.91857004,26.75426805],[-77.92271125,26.74888694],[-77.92207193,26.74648047],[-77.92453492,26.74433017],[-77.92552447,26.74769163],[-77.92883885,26.74910295],[-77.92926824,26.74836755],[-77.92581046,26.74471617],[-77.933079,26.74634755],[-77.93205476,26.74362767],[-77.93679667,26.74087024],[-77.93649995,26.73453164],[-77.94135547,26.73751128],[-77.94164836,26.74067128],[-77.9382292,26.74346793],[-77.94293666,26.74364364],[-77.9402914,26.74777961],[-77.94356358,26.74803424],[-77.94932675,26.74423444],[-77.95266438,26.74040985],[-77.94995987,26.73984027],[-77.94906032,26.74153495],[-77.94644165,26.74182904],[-77.94682264,26.73731232],[-77.94473803,26.73773146],[-77.94412637,26.73661447],[-77.94587564,26.73357654],[-77.94439125,26.72926497],[-77.94767678,26.72840774],[-77.94865823,26.72689974],[-77.95143414,26.72674537],[-77.95694685,26.73551464],[-77.95950878,26.73671722],[-77.95911586,26.73901474],[-77.96228814,26.73787093],[-77.96103871,26.7340101],[-77.96193576,26.73021376],[-77.96835005,26.73098326],[-77.96755731,26.72835124],[-77.97161782,26.72491646],[-77.97346056,26.72602534],[-77.97294211,26.72453046],[-77.96769321,26.72155046],[-77.96900928,26.72045112],[-77.97520316,26.7228682],[-77.98034656,26.72301984],[-77.98311067,26.72194695],[-77.98445833,26.72253835],[-77.98433721,26.72530985],[-77.98522902,26.72565675],[-77.98978758,26.72333336],[-77.99566221,26.72491777],[-77.99735415,26.72348487],[-77.9995594,26.72360003],[-78.01028848,26.73289204],[-78.01201975,26.73258567],[-78.01381111,26.72855735],[-78.01577318,26.72799373],[-78.01675272,26.72929895],[-78.02218962,26.72798097],[-78.02492583,26.72927654],[-78.03173196,26.72853923],[-78.03397715,26.73110104],[-78.03444433,26.73125136],[-78.046875,26.73353791],[-78.05109358,26.73381686],[-78.0570302,26.72882545],[-78.06364918,26.72914362],[-78.06321692,26.72614467],[-78.06667471,26.72647655],[-78.06834745,26.72274315],[-78.08252335,26.72063577],[-78.09111226,26.72578645],[-78.09234345,26.72583473],[-78.09385633,26.72513723],[-78.09402931,26.72498441],[-78.09585094,26.72170722],[-78.09437501,26.71875],[-78.0946027,26.71875],[-78.09464133,26.71747553],[-78.09494102,26.7169795],[-78.09696794,26.71570945],[-78.09801388,26.71131074],[-78.09795022,26.71105075],[-78.09451485,26.71134186],[-78.09245014,26.7102679],[-78.09253335,26.7101562],[-78.09532464,26.71009326],[-78.10444665,26.70682764],[-78.10604811,26.70564866],[-78.10639226,26.70361137],[-78.10752392,26.70465088],[-78.11243713,26.70399821],[-78.11397624,26.69848132],[-78.11553574,26.69720137],[-78.11779058,26.69878221],[-78.11815584,26.69874275],[-78.11999965,26.69729364],[-78.11933732,26.69936872],[-78.12022793,26.70104122],[-78.12527168,26.70204616],[-78.12945402,26.7095468],[-78.13282406,26.70968688],[-78.1341722,26.71297872],[-78.13910568,26.71481395],[-78.14126623,26.71222556],[-78.14555335,26.71641576],[-78.14721107,26.71403074],[-78.14997745,26.71595871],[-78.15339506,26.71572483],[-78.15355265,26.71583545],[-78.15250754,26.71778965],[-78.1545521,26.71770191],[-78.15437496,26.71875],[-78.15439153,26.71974921],[-78.15665746,26.72273982],[-78.15770614,26.72976005],[-78.15927303,26.73142254],[-78.15988088,26.73155534],[-78.16328704,26.73015511],[-78.16336525,26.72985804],[-78.16242826,26.72915602],[-78.16130686,26.72976387],[-78.16259611,26.7247684],[-78.16137135,26.72103965],[-78.15784252,26.71998155],[-78.15766835,26.71974814],[-78.15781236,26.71875],[-78.15792763,26.71875],[-78.15977991,26.71602654],[-78.15678644,26.71492255],[-78.15756714,26.71412826],[-78.15927315,26.7132833],[-78.16383624,26.71298766],[-78.16556001,26.71348095],[-78.16586447,26.71523774],[-78.16833937,26.71425116],[-78.18080807,26.70698226],[-78.18110597,26.70242643],[-78.18229651,26.70226193],[-78.18298864,26.70515823],[-78.18026745,26.71188021],[-78.18291676,26.714661],[-78.18674636,26.71564591],[-78.18727517,26.71213114],[-78.18846464,26.71133626],[-78.18708158,26.70963776],[-78.18545938,26.71075106],[-78.18675101,26.70717084],[-78.18824005,26.70662582],[-78.18680108,26.70551348],[-78.18895912,26.70295751],[-78.19057381,26.70357895],[-78.19236708,26.70184743],[-78.1951555,26.70206106],[-78.19782603,26.70715785],[-78.19455624,26.70741892],[-78.19397032,26.70974207],[-78.19896233,26.71030617],[-78.20108187,26.70728373],[-78.20031643,26.70689666],[-78.20246673,26.70103073],[-78.21027374,26.70130444],[-78.21245885,26.70226026],[-78.2138766,26.70103657],[-78.22181368,26.70009565],[-78.22502124,26.70494747],[-78.22647131,26.70452845],[-78.22663021,26.70228755],[-78.23222041,26.70885754],[-78.23454165,26.70783985],[-78.23665798,26.70846546],[-78.24036813,26.71407366],[-78.24266195,26.71428347],[-78.24475813,26.71301484],[-78.24459195,26.71054924],[-78.24223852,26.70726275],[-78.24261653,26.70587242],[-78.24415004,26.70538056],[-78.24323511,26.70745444],[-78.24390447,26.70925593],[-78.24860036,26.71009231],[-78.25074637,26.71175551],[-78.25207567,26.71108878],[-78.25222814,26.71133065],[-78.25334895,26.71385097],[-78.251652,26.71474564],[-78.25244701,26.71875],[-78.25250006,26.71875],[-78.25196195,26.72446883],[-78.25387454,26.72834027],[-78.25574982,26.72931695],[-78.25897038,26.72569501],[-78.25812495,26.71875],[-78.25785363,26.71833765],[-78.25803876,26.71629095],[-78.25987923,26.71704495],[-78.26093864,26.71487772],[-78.26144385,26.71490288],[-78.26805675,26.71679544],[-78.26828873,26.71664536],[-78.27322864,26.71181953],[-78.27185237,26.70874667],[-78.27315211,26.70902526],[-78.27596736,26.70724773],[-78.27863586,26.70178747],[-78.27977526,26.70095944],[-78.28349841,26.70139468],[-78.28411186,26.69852364],[-78.28073895,26.69489646],[-78.28224575,26.69035256],[-78.28232265,26.69326735],[-78.28517246,26.69249046],[-78.28517163,26.68874884],[-78.28674233,26.68727243],[-78.28246367,26.68686688],[-78.28806424,26.68405604],[-78.28978705,26.68365705],[-78.29070532,26.68395376],[-78.29169726,26.68583465],[-78.29190695,26.6867938],[-78.29140568,26.68874598],[-78.29404736,26.68840647],[-78.29380512,26.69098318],[-78.29610634,26.69141316],[-78.29399455,26.69294333],[-78.29462087,26.69850981],[-78.29501367,26.69862795],[-78.29620147,26.69856441],[-78.29812825,26.69592822],[-78.30295742,26.69608784],[-78.30404735,26.6889621],[-78.30757725,26.68978417],[-78.30991411,26.68861616],[-78.30863082,26.69070864],[-78.30914772,26.6938138],[-78.31327927,26.69064486],[-78.31378865,26.6881448],[-78.3154484,26.68731511],[-78.31758463,26.68995321],[-78.32164955,26.68783391],[-78.32247448,26.68846536],[-78.32246065,26.68946803],[-78.31857324,26.69157076],[-78.3183192,26.69432294],[-78.32050312,26.69751096],[-78.32312083,26.69685876],[-78.32141864,26.69464028],[-78.32260716,26.69502795],[-78.32463491,26.69327581],[-78.32821774,26.69433761],[-78.33000338,26.69144845],[-78.33319485,26.6926043],[-78.33537734,26.69738185],[-78.33434021,26.69745564],[-78.33256483,26.69486845],[-78.32894838,26.6970942],[-78.33506286,26.70169091],[-78.33544946,26.70169127],[-78.33916283,26.69598615],[-78.3384974,26.69326413],[-78.33570182,26.69226837],[-78.34006941,26.68977427],[-78.34126186,26.69241512],[-78.34373856,26.68990171],[-78.34802723,26.69052505],[-78.35216796,26.68745804],[-78.35237098,26.68949497],[-78.35453403,26.68775392],[-78.35649538,26.68808424],[-78.35568082,26.69026005],[-78.35898447,26.69175434],[-78.36573505,26.68997276],[-78.37357056,26.69069946],[-78.37639654,26.69420946],[-78.37790716,26.69393826],[-78.37984395,26.69536114],[-78.37978578,26.6968379],[-78.38348842,26.69875908],[-78.38667965,26.70549858],[-78.38701105,26.70968592],[-78.39082181,26.71189487],[-78.39250791,26.71106136],[-78.38931715,26.70386672],[-78.38915527,26.70320404],[-78.38915002,26.69877386],[-78.39048254,26.69706702],[-78.39175916,26.69676673],[-78.39270091,26.69703495],[-78.39549386,26.69941747],[-78.3984375,26.70033467],[-78.39967024,26.7000823],[-78.40641296,26.70390821],[-78.40885043,26.70337164],[-78.40933335,26.70428085],[-78.40719092,26.70640898],[-78.40995765,26.70650184],[-78.41373098,26.71302283],[-78.41399455,26.71676147],[-78.41528261,26.71875],[-78.41531253,26.71875],[-78.41751492,26.72402358],[-78.41933763,26.72210264],[-78.42177773,26.72152102],[-78.42203665,26.72106552],[-78.42218745,26.71875],[-78.42212164,26.7185719],[-78.42027354,26.71875],[-78.41986406,26.71817315],[-78.42050815,26.71654916],[-78.41944885,26.71443415],[-78.41949677,26.71280181],[-78.42084205,26.71027887],[-78.42323911,26.7071439],[-78.42714632,26.70431328],[-78.42837608,26.70448506],[-78.42986453,26.70248032],[-78.43137062,26.70330906],[-78.43232286,26.70206761],[-78.43496394,26.70388436],[-78.43375683,26.70676911],[-78.43464911,26.70819974],[-78.43577254,26.7029531],[-78.43877876,26.70180023],[-78.43752003,26.70346463],[-78.43750584,26.70829594],[-78.43999171,26.70982671],[-78.43992674,26.71103823],[-78.44100678,26.71195376],[-78.44147205,26.71220005],[-78.44690776,26.71274543],[-78.44753826,26.71298885],[-78.45250475,26.71663356],[-78.45529115,26.71629894],[-78.45621705,26.71655893],[-78.45791423,26.71835613],[-78.45957983,26.71850693],[-78.46125495,26.71760738],[-78.46018696,26.71251643],[-78.46040142,26.71231914],[-78.46705604,26.71048343],[-78.46815574,26.71257544],[-78.46278667,26.71526134],[-78.46255624,26.71699226],[-78.46382534,26.71784067],[-78.46637917,26.71736574],[-78.46792078,26.71508551],[-78.46870875,26.71739948],[-78.47010112,26.71782863],[-78.46906245,26.71875],[-78.46674335,26.72103345],[-78.46634901,26.72301495],[-78.46903002,26.72670496],[-78.46875823,26.7280066],[-78.47055161,26.72955453],[-78.47099197,26.7294445],[-78.47277117,26.72801757],[-78.47134745,26.72514606],[-78.47365606,26.72375822],[-78.47546995,26.72479582],[-78.47541845,26.72651541],[-78.47606873,26.72653425],[-78.48101282,26.72531664],[-78.48368776,26.72245073],[-78.48406255,26.71875],[-78.48359847,26.71875],[-78.4837327,26.71712887],[-78.48346663,26.71710122],[-78.48079097,26.71875],[-78.47968745,26.71875],[-78.47956252,26.71983814],[-78.47899985,26.71978235],[-78.47862506,26.71955907],[-78.47843754,26.71875],[-78.47923136,26.71875],[-78.47879684,26.71799445],[-78.47995114,26.71644056],[-78.48050678,26.71612465],[-78.4849776,26.71648896],[-78.48596573,26.71612978],[-78.48811305,26.71517468],[-78.48961937,26.71565771],[-78.49005628,26.71616948],[-78.48968744,26.71875],[-78.48968303,26.72005057],[-78.4898926,26.72011626],[-78.49156237,26.71875],[-78.49295688,26.71875],[-78.49537265,26.71770966],[-78.49732423,26.71875],[-78.49781251,26.71875],[-78.49899888,26.72032344],[-78.49873996,26.72064614],[-78.49093664,26.72348416],[-78.48908603,26.72231925],[-78.48675966,26.72393787],[-78.48419714,26.72280502],[-78.48394096,26.72293115],[-78.48323083,26.72542918],[-78.47731125,26.72728658],[-78.47300661,26.73135614],[-78.47360313,26.73293233],[-78.47775722,26.73174655],[-78.47756422,26.73569036],[-78.47958732,26.73671556],[-78.47861576,26.73868895],[-78.47952724,26.74003744],[-78.47986853,26.74010432],[-78.48085356,26.73967695],[-78.48089802,26.73691845],[-78.48314416,26.73798144],[-78.49390411,26.73376787],[-78.49352217,26.73142993],[-78.49506843,26.73021066],[-78.49694097,26.73392713],[-78.49888802,26.7338078],[-78.49959695,26.73210168],[-78.50081754,26.73458946],[-78.50388753,26.73484576],[-78.50737596,26.72836733],[-78.51261878,26.72525775],[-78.51305163,26.72351503],[-78.51323843,26.72339416],[-78.51697683,26.72210693],[-78.51749516,26.72216284],[-78.51778615,26.72285223],[-78.5173949,26.72315145],[-78.51440465,26.72380996],[-78.51411355,26.72404051],[-78.51441145,26.72501588],[-78.52308047,26.72447336],[-78.52407718,26.72228372],[-78.52667201,26.72057712],[-78.52656245,26.71875],[-78.52664697,26.71875],[-78.52719116,26.71722043],[-78.52877855,26.715505],[-78.52911437,26.71555364],[-78.52938914,26.71629834],[-78.52732492,26.71748078],[-78.52734125,26.71776712],[-78.52789485,26.71875],[-78.5289973,26.71921015],[-78.53153515,26.72195566],[-78.53328848,26.72107255],[-78.53561366,26.72141886],[-78.53578901,26.72165895],[-78.53413665,26.72323191],[-78.53412855,26.72371745],[-78.53474307,26.72399402],[-78.53772998,26.72359395],[-78.53806162,26.72337604],[-78.53852677,26.72097993],[-78.53869402,26.72112465],[-78.54130626,26.72960806],[-78.54452264,26.72537005],[-78.54407752,26.72151661],[-78.5442487,26.72130096],[-78.54688263,26.72037351],[-78.55045605,26.72270095],[-78.55061507,26.72304118],[-78.54965007,26.72400892],[-78.54649055,26.72168887],[-78.5451318,26.72211635],[-78.54723215,26.72550905],[-78.5467242,26.72843206],[-78.54902685,26.72976995],[-78.54843736,26.73367751],[-78.54656255,26.73535144],[-78.54572964,26.74068928],[-78.54315805,26.74180985],[-78.53824794,26.74875927],[-78.53818667,26.7495625],[-78.53852594,26.75069976],[-78.53885972,26.75081778],[-78.54240274,26.74951005],[-78.54341376,26.75132823],[-78.54389501,26.75127935],[-78.54479826,26.75083506],[-78.54500055,26.75064743],[-78.54434335,26.74845016],[-78.54721141,26.74370718],[-78.5488193,26.74367595],[-78.54997194,26.74486911],[-78.55014992,26.74539447],[-78.54726565,26.7498306],[-78.54936445,26.75280476],[-78.54448676,26.75747347],[-78.54163051,26.76630533],[-78.54449642,26.76277435],[-78.54460335,26.76097906],[-78.54859626,26.75729442],[-78.54927218,26.75715888],[-78.54975605,26.75763714],[-78.55113661,26.76159763],[-78.55489635,26.7599529],[-78.55572093,26.76051712],[-78.55159664,26.76412415],[-78.55060434,26.76688945],[-78.55350244,26.7675389],[-78.55381346,26.77260017],[-78.55639565,26.77181757],[-78.55721617,26.77535152],[-78.55949295,26.77490425],[-78.56242621,26.77589333],[-78.5528084,26.78392947],[-78.55003417,26.79336536],[-78.55581236,26.78547025],[-78.56299961,26.78549755],[-78.56368327,26.78613365],[-78.56157875,26.78797126],[-78.56146252,26.79079366],[-78.56237757,26.79460371],[-78.56378305,26.79328561],[-78.56597388,26.79528928],[-78.56551015,26.79876566],[-78.56580162,26.79877985],[-78.56863117,26.79599714],[-78.5701642,26.79789531],[-78.57588005,26.79866242],[-78.57322085,26.79624867],[-78.57444394,26.79195786],[-78.57594574,26.79205728],[-78.58023763,26.78751945],[-78.5841794,26.78902185],[-78.5842092,26.78490961],[-78.58718145,26.78387475],[-78.58634734,26.78223026],[-78.58784294,26.77954924],[-78.58963656,26.78025961],[-78.58879542,26.77785253],[-78.5935719,26.77787936],[-78.59130645,26.77345026],[-78.59645355,26.77392936],[-78.59625757,26.77223146],[-78.59132421,26.76816821],[-78.59539604,26.76490796],[-78.59228134,26.76212966],[-78.59589314,26.75739336],[-78.59402704,26.75554848],[-78.59451747,26.75052786],[-78.59612405,26.7493211],[-78.59503937,26.74747586],[-78.59865201,26.74561012],[-78.60233521,26.74759746],[-78.60340512,26.74715686],[-78.60065484,26.74504805],[-78.59248364,26.74308634],[-78.59008646,26.74353898],[-78.59001005,26.74097741],[-78.59215641,26.74003255],[-78.58957171,26.73554265],[-78.58664382,26.73621047],[-78.58458483,26.73877192],[-78.58207512,26.73893416],[-78.5813657,26.73850477],[-78.58271396,26.73661435],[-78.58526385,26.73615277],[-78.58271694,26.73395896],[-78.57592773,26.73847187],[-78.57427275,26.73821175],[-78.57456231,26.73642015],[-78.58091986,26.73192954],[-78.57507825,26.73219275],[-78.57587981,26.73059022],[-78.57384765,26.72972834],[-78.57358325,26.7255553],[-78.57591856,26.72469485],[-78.57721674,26.72198272],[-78.57738304,26.72184122],[-78.58062768,26.71990216],[-78.58111656,26.71995735],[-78.58219445,26.72046792],[-78.58275938,26.7230767],[-78.58752227,26.72323906],[-78.58895946,26.72428274],[-78.58890903,26.72564745],[-78.58721864,26.72670543],[-78.58875,26.72753775],[-78.58941817,26.73013532],[-78.58527696,26.72839355],[-78.58455467,26.72829401],[-78.58312392,26.72906125],[-78.5832653,26.72930431],[-78.58642685,26.73000836],[-78.58784235,26.73307955],[-78.58826268,26.73321891],[-78.59395731,26.73269248],[-78.59184432,26.73423302],[-78.59394884,26.73608518],[-78.59804511,26.73250413],[-78.59965873,26.73220813],[-78.60075915,26.73228204],[-78.60211313,26.7327944],[-78.60583675,26.73625922],[-78.60631871,26.73625672],[-78.61049652,26.73380268],[-78.61619914,26.73373771],[-78.6184113,26.73544538],[-78.61881614,26.73542786],[-78.62048697,26.73489547],[-78.62051475,26.7347939],[-78.61733413,26.73303604],[-78.61676204,26.73289216],[-78.61046755,26.73298967],[-78.60273194,26.73068702],[-78.60273731,26.73027194],[-78.60522544,26.72809362],[-78.61377084,26.72611225],[-78.61649775,26.71979654],[-78.61998522,26.72189343],[-78.62095225,26.72187746],[-78.62255847,26.72108901],[-78.62424505,26.71904504],[-78.62452245,26.71905768],[-78.63026524,26.72245955],[-78.63076305,26.72253323],[-78.63290846,26.72144854],[-78.63303804,26.72095191],[-78.6328125,26.71875],[-78.63270855,26.71875],[-78.63210917,26.71794784],[-78.62646961,26.71875],[-78.62471247,26.71774781],[-78.62465894,26.71731174],[-78.62714553,26.71073294],[-78.62368631,26.71260655],[-78.62190068,26.71539736],[-78.62071812,26.71482587],[-78.62062836,26.71209872],[-78.62027895,26.71224761],[-78.61772156,26.71365285],[-78.61732173,26.71602821],[-78.61664188,26.71537328],[-78.61538875,26.71590114],[-78.61412311,26.71656954],[-78.61212015,26.71875],[-78.6121875,26.71875],[-78.60827947,26.72247732],[-78.60726905,26.72289455],[-78.60689163,26.72291458],[-78.60454047,26.72058415],[-78.60260475,26.72101963],[-78.59908223,26.72695994],[-78.59484696,26.72847617],[-78.59388912,26.73144674],[-78.59327602,26.72746098],[-78.59676766,26.7260797],[-78.59661567,26.72131681],[-78.59812486,26.71875],[-78.59808254,26.71875],[-78.59621096,26.71716356],[-78.59599125,26.71533108],[-78.59906542,26.71367943],[-78.59883463,26.71110237],[-78.6017915,26.70729041],[-78.59971225,26.70360565],[-78.60210586,26.70054936],[-78.60252345,26.69820845],[-78.60201442,26.69765234],[-78.60078835,26.69851315],[-78.59700108,26.70521557],[-78.59682333,26.70772076],[-78.59080207,26.71293032],[-78.58688915,26.71389723],[-78.58414865,26.71756947],[-78.58175361,26.71751571],[-78.58124113,26.71522725],[-78.57902432,26.71415055],[-78.58072746,26.71341968],[-78.58116877,26.71148324],[-78.57760572,26.70934796],[-78.58043683,26.7087537],[-78.58162665,26.70622325],[-78.57828248,26.70525265],[-78.57490551,26.70704555],[-78.57304883,26.70962596],[-78.56779635,26.71087205],[-78.56724536,26.70943487],[-78.57259846,26.70558202],[-78.57215381,26.70366561],[-78.5745033,26.70468724],[-78.57760108,26.70422184],[-78.57783115,26.70130873],[-78.58052623,26.69968832],[-78.58252656,26.70147121],[-78.58181453,26.69883966],[-78.576617,26.69630802],[-78.57899785,26.69478595],[-78.57975841,26.69285321],[-78.58400655,26.69152975],[-78.58427405,26.69047833],[-78.58200622,26.68840373],[-78.58514452,26.68879581],[-78.58647585,26.69059956],[-78.59083808,26.68897152],[-78.58824086,26.68455124],[-78.57692385,26.68860924],[-78.57387161,26.68629885],[-78.57365704,26.68428016],[-78.57674253,26.68310738],[-78.5813446,26.68435895],[-78.58338106,26.68303835],[-78.58763993,26.68411708],[-78.58807921,26.68237591],[-78.58567894,26.68119466],[-78.5898509,26.67692494],[-78.59646964,26.67486286],[-78.5948503,26.67304432],[-78.59044063,26.67212534],[-78.58982074,26.67094564],[-78.59126174,26.66996038],[-78.58875871,26.67066085],[-78.58688605,26.66972446],[-78.58661735,26.66693747],[-78.58960438,26.66650057],[-78.59128428,26.66506553],[-78.58844972,26.66286206],[-78.59006417,26.66186428],[-78.59251952,26.66426694],[-78.59672046,26.66426694],[-78.59905362,26.66188061],[-78.60356474,26.66026831],[-78.60745823,26.65218842],[-78.61196733,26.64783037],[-78.61379945,26.64251935],[-78.61845016,26.63826394],[-78.61858392,26.63614845],[-78.62085605,26.63513386],[-78.62195766,26.62780488],[-78.62721801,26.62555742],[-78.62808382,26.62221944],[-78.6307888,26.62143695],[-78.62917948,26.61959732],[-78.62962341,26.61826825],[-78.63517284,26.61779475],[-78.63675034,26.61652112],[-78.63134634,26.60902631],[-78.6325289,26.60768521],[-78.63706803,26.60654807],[-78.63870478,26.60536885],[-78.63776815,26.60398924],[-78.64048791,26.60297155],[-78.63770378,26.59863424],[-78.64059734,26.59843612],[-78.64338136,26.59542656],[-78.6488986,26.59623682],[-78.64904916,26.59450805],[-78.65164721,26.59764326],[-78.65713668,26.59848952],[-78.65819526,26.60365653],[-78.65990162,26.60460925],[-78.66137373,26.60290802],[-78.66060984,26.59972942],[-78.6628164,26.60023761],[-78.66412723,26.59915924],[-78.66987515,26.59894395],[-78.67245388,26.59673762],[-78.67293191,26.59463811],[-78.67570317,26.59527445],[-78.67686033,26.58844435],[-78.67916155,26.58613658],[-78.67782104,26.58195984],[-78.67561817,26.58134127],[-78.6752969,26.57630825],[-78.68128848,26.56960046],[-78.68167496,26.56947446],[-78.68737567,26.57011473],[-78.6920855,26.57194912],[-78.69124556,26.5690068],[-78.69339895,26.56821942],[-78.69396007,26.56591237],[-78.69582534,26.56596971],[-78.69606864,26.5680747],[-78.69986701,26.56819773],[-78.70492864,26.57443845],[-78.71087646,26.57722175],[-78.71026981,26.5746243],[-78.70691621,26.57214522],[-78.70703053,26.56589186],[-78.70858586,26.56462276],[-78.70878518,26.56462395],[-78.71224344,26.56660712],[-78.71420658,26.56991351],[-78.71836197,26.57191527],[-78.71899152,26.57421243],[-78.71927166,26.57432497],[-78.72111511,26.57362926],[-78.72128391,26.57349145],[-78.72251093,26.56931055],[-78.72252286,26.56881106],[-78.72090483,26.56578291],[-78.72083366,26.56543815],[-78.72182715,26.56396902],[-78.72079372,26.56047904],[-78.72196674,26.56195545],[-78.7262727,26.5615226],[-78.72778487,26.56351197],[-78.73352396,26.56174386],[-78.73400974,26.56475604],[-78.74050605,26.56317663],[-78.74169195,26.5607599],[-78.74355388,26.56125295],[-78.74497604,26.55978405],[-78.7462002,26.55777538],[-78.74415624,26.55380392],[-78.74470615,26.54296875],[-78.74528921,26.5403825],[-78.74424827,26.5385673],[-78.74159241,26.54296875],[-78.74157751,26.54296875],[-78.74154651,26.54338551],[-78.73856592,26.54905832],[-78.73514426,26.55288064],[-78.73587346,26.55446863],[-78.73427367,26.55521452],[-78.73475492,26.55789113],[-78.73446345,26.55812085],[-78.73322594,26.55577898],[-78.73436093,26.55307233],[-78.73376381,26.55237377],[-78.73361325,26.55228853],[-78.73115444,26.55227733],[-78.73003614,26.55495274],[-78.72920883,26.55341816],[-78.72642553,26.55480015],[-78.72479427,26.5514456],[-78.72490025,26.55110741],[-78.72623265,26.55106902],[-78.72707164,26.55327284],[-78.73520148,26.5497421],[-78.73552728,26.54953897],[-78.73965907,26.54397547],[-78.73972201,26.54296434],[-78.74443936,26.53425956],[-78.74635935,26.53345954],[-78.75177574,26.53984404],[-78.75564516,26.54254365],[-78.7556051,26.54296875],[-78.75686276,26.54296875],[-78.76229775,26.54456985],[-78.76372564,26.54296875],[-78.76370132,26.54296875],[-78.76390135,26.54251528],[-78.76599216,26.54251528],[-78.76559722,26.54296875],[-78.76452887,26.54515708],[-78.77205384,26.54957116],[-78.78362417,26.54777622],[-78.78539467,26.54868794],[-78.78481531,26.54698026],[-78.78658426,26.54592311],[-78.79284561,26.54670465],[-78.79335344,26.54696071],[-78.79345822,26.54789793],[-78.78907537,26.54774964],[-78.78861368,26.54788065],[-78.78579557,26.55052435],[-78.78500521,26.55078912],[-78.78132546,26.55019152],[-78.78110611,26.55099583],[-78.78279114,26.55254614],[-78.78634405,26.55293202],[-78.78698516,26.55410934],[-78.78543592,26.55463052],[-78.79252541,26.56006706],[-78.79366052,26.55922103],[-78.79193628,26.55486774],[-78.79724395,26.55362856],[-78.80260265,26.55618334],[-78.80550277,26.55879664],[-78.80252242,26.56065798],[-78.80219746,26.56348205],[-78.80604303,26.56233275],[-78.80495846,26.56341267],[-78.80522108,26.56780553],[-78.80725586,26.56475282],[-78.80788684,26.56772125],[-78.81247425,26.56904125],[-78.81191206,26.56474531],[-78.81398642,26.56336606],[-78.81684887,26.56501341],[-78.81937337,26.56961036],[-78.82104385,26.56946301],[-78.82236564,26.566558],[-78.81801665,26.56478465],[-78.82107103,26.56338382],[-78.82169747,26.56551528],[-78.82473516,26.56497705],[-78.82566154,26.56546164],[-78.82913828,26.56971443],[-78.83252478,26.57096577],[-78.83324981,26.5716902],[-78.83374035,26.57310176],[-78.83352733,26.57617736],[-78.83333743,26.57665312],[-78.83045363,26.57724535],[-78.82997787,26.57610953],[-78.83151162,26.57400644],[-78.82977915,26.57200372],[-78.82529104,26.57303572],[-78.82205248,26.57012641],[-78.8211565,26.57491636],[-78.82318008,26.57774353],[-78.81916797,26.57791924],[-78.81745875,26.57906651],[-78.82452858,26.57887471],[-78.82490265,26.58189344],[-78.82374692,26.58294141],[-78.82247961,26.58118343],[-78.82035994,26.58081865],[-78.81818831,26.58189595],[-78.81928635,26.58355725],[-78.81859624,26.5846405],[-78.8172121,26.5852468],[-78.81420136,26.58441472],[-78.81245303,26.5858736],[-78.81660151,26.59001696],[-78.81892705,26.58944344],[-78.81770456,26.59291208],[-78.82314146,26.59158051],[-78.82411766,26.59235716],[-78.82320154,26.59386492],[-78.82114112,26.59362376],[-78.82242966,26.59838724],[-78.81704998,26.6000154],[-78.81552935,26.60170782],[-78.82066166,26.60167062],[-78.81968868,26.60669434],[-78.82257736,26.60429835],[-78.82026553,26.60839582],[-78.82249701,26.60905492],[-78.82856095,26.60801888],[-78.82893336,26.60974526],[-78.83148766,26.61097753],[-78.83516383,26.60945487],[-78.83438492,26.60711694],[-78.83106601,26.60698187],[-78.83003783,26.60587657],[-78.83096874,26.60156727],[-78.83273625,26.60023594],[-78.83147788,26.59699774],[-78.83280134,26.59516108],[-78.8343451,26.5985918],[-78.83874154,26.59631264],[-78.84260798,26.59940362],[-78.84228003,26.60166383],[-78.8394258,26.60292697],[-78.84271121,26.60349822],[-78.84529746,26.60532045],[-78.84478366,26.60952842],[-78.84936297,26.60934126],[-78.8479954,26.61109936],[-78.84951651,26.61371374],[-78.85088944,26.61316133],[-78.85065424,26.61033094],[-78.85387647,26.61195195],[-78.85569751,26.61057067],[-78.85723424,26.61205804],[-78.85912645,26.61146677],[-78.86201191,26.61727166],[-78.86821091,26.62457895],[-78.86763835,26.62846875],[-78.87052166,26.62968016],[-78.87075102,26.63222742],[-78.87319815,26.63411617],[-78.87306225,26.63490987],[-78.87107241,26.63448167],[-78.87148881,26.63884342],[-78.86857116,26.64153397],[-78.86983061,26.64437151],[-78.87365234,26.64318407],[-78.87669361,26.64403462],[-78.87910247,26.64275801],[-78.87413585,26.63650405],[-78.88182104,26.64024973],[-78.88201904,26.64153826],[-78.88361061,26.64074385],[-78.88756585,26.64555025],[-78.89311576,26.64041138],[-78.89269996,26.64514804],[-78.89610481,26.65245795],[-78.90123677,26.65580523],[-78.90441215,26.66072536],[-78.90299821,26.66393936],[-78.90610957,26.66578758],[-78.90628552,26.66943026],[-78.91371286,26.66800833],[-78.91575181,26.66996825],[-78.91625166,26.67395401],[-78.91367865,26.67727375],[-78.91352153,26.68152881],[-78.91888225,26.68174982],[-78.92364776,26.68831396],[-78.92513335,26.68901932],[-78.92563593,26.68910122],[-78.92865658,26.68727767],[-78.93724394,26.68590832],[-78.92598248,26.6847738],[-78.91996646,26.68095148],[-78.92083371,26.67637432],[-78.91926408,26.67360187],[-78.91917574,26.67030478],[-78.91588163,26.66416085],[-78.90969896,26.6651417],[-78.90729988,26.65607917],[-78.91318345,26.6588577],[-78.91382086,26.66083884],[-78.91721952,26.65742385],[-78.9226861,26.65898335],[-78.92652225,26.66197336],[-78.95107555,26.67294931],[-78.95153582,26.67321515],[-78.95957625,26.68014181],[-78.96560228,26.68967271],[-78.97029388,26.69403446],[-78.97283196,26.69607174],[-78.97732985,26.69851947],[-78.98063147,26.69960844],[-78.98376143,26.69866288],[-78.98599756,26.69941795],[-78.98641336,26.69962776],[-78.99200463,26.70300186],[-78.99062014,26.70500696],[-78.99450016,26.70470405],[-78.99506152,26.7044363],[-78.99491084,26.69658995],[-78.99986506,26.69089675],[-78.99500275,26.69116795],[-78.98935246,26.68837011],[-78.97029126,26.67448533],[-78.95917857,26.66388893],[-78.95288444,26.66090894],[-78.95188391,26.65891886],[-78.95264494,26.65750015],[-78.95054042,26.65557313],[-78.94293332,26.65174901],[-78.94322991,26.65081406],[-78.94097245,26.64957345],[-78.9405663,26.64806187],[-78.93155408,26.64330685],[-78.91647756,26.63223553],[-78.89862025,26.61624885],[-78.89143252,26.60817325],[-78.88736093,26.59966564],[-78.88105798,26.59605324],[-78.86826193,26.58576453],[-78.86476398,26.57915711],[-78.85964453,26.57587731],[-78.85668635,26.56997407],[-78.83656001,26.55543363],[-78.82932723,26.54865766],[-78.81948447,26.54306686],[-78.81740725,26.54191124],[-78.79309475,26.5309118],[-78.79017925,26.52873707],[-78.78968823,26.52626145],[-78.77820206,26.51950455],[-78.77805817,26.51816821],[-78.77244437,26.53146744],[-78.77111936,26.53125823],[-78.77353573,26.52567923],[-78.76989722,26.52386892],[-78.76996136,26.52357805],[-78.76961613,26.52350235],[-78.76925838,26.52340245],[-78.76905024,26.52317965],[-78.76904273,26.52279925],[-78.76910841,26.52256715],[-78.76916242,26.52237654],[-78.76952875,26.5218724],[-78.77471423,26.52208042],[-78.77615523,26.51723456],[-78.76994514,26.51213717],[-78.77020204,26.51020372],[-78.77006555,26.51007867],[-78.76754081,26.51022792],[-78.76317835,26.505288],[-78.75863552,26.50527012],[-78.75370383,26.50319636],[-78.75,26.50362706],[-78.74787211,26.50336683],[-78.73120451,26.49484324],[-78.7306025,26.49464464],[-78.72537124,26.49410927],[-78.71331978,26.49254394],[-78.70533824,26.49327373],[-78.70223784,26.49172282],[-78.70301151,26.48775375]],[[-77.87985802,25.39623976],[-77.87847304,25.39598465],[-77.87628865,25.39610004],[-77.87594056,25.39633286],[-77.87560737,25.39723957],[-77.87647605,25.39769101],[-77.87979174,25.39661217],[-77.87985802,25.39623976]],[[-77.87953986,25.76647444],[-77.87967694,25.76656044],[-77.88024282,25.76693594],[-77.88083851,25.76739192],[-77.88209343,25.7660048],[-77.87953986,25.76647444]],[[-77.87953986,25.76647444],[-77.87832081,25.76570964],[-77.87945664,25.76648974],[-77.87953986,25.76647444]],[[-77.92395425,24.29353845],[-77.9169811,24.29807568],[-77.9100821,24.29797745],[-77.88962281,24.30139327],[-77.8801434,24.30601025],[-77.88014531,24.30617762],[-77.88731146,24.30527496],[-77.88761353,24.30545294],[-77.89101481,24.30682766],[-77.89161944,24.30746245],[-77.89156985,24.30841815],[-77.88988543,24.31073368],[-77.89018345,24.31116474],[-77.89280355,24.31204677],[-77.89495015,24.31145525],[-77.8993299,24.30985677],[-77.90606928,24.30656636],[-77.91100454,24.3008095],[-77.92372012,24.29907274],[-77.93526375,24.29213226],[-77.92395425,24.29353845]],[[-77.88639951,26.85114396],[-77.88480866,26.84889197],[-77.88253617,26.85307443],[-77.88258326,26.85625935],[-77.88279164,26.85663116],[-77.88475275,26.85893834],[-77.88827503,26.85930812],[-77.89000535,26.86025715],[-77.89469814,26.86378145],[-77.89767206,26.8674345],[-77.89750195,26.86832655],[-77.89574945,26.86769116],[-77.89496946,26.86847413],[-77.89627993,26.87135601],[-77.89666176,26.87180877],[-77.90560198,26.87555075],[-77.91394222,26.87040424],[-77.91297781,26.86933112],[-77.91137993,26.8708266],[-77.90521383,26.86984837],[-77.90828931,26.86654413],[-77.91075838,26.86823225],[-77.91112971,26.86700165],[-77.91154838,26.86694825],[-77.91318881,26.86797786],[-77.91339207,26.86777377],[-77.91256452,26.86492741],[-77.91218853,26.86455584],[-77.90965462,26.86550665],[-77.90939343,26.86538506],[-77.90939236,26.86284578],[-77.90880322,26.86246371],[-77.90635335,26.86219764],[-77.90613437,26.86422086],[-77.90581977,26.86434746],[-77.90078211,26.86610091],[-77.89894307,26.86569226],[-77.89827752,26.86543167],[-77.89801276,26.86367941],[-77.89716065,26.86295462],[-77.89066625,26.85876286],[-77.88484585,26.85708463],[-77.88639951,26.85114396]],[[-77.88515306,24.4052695],[-77.88473845,24.40864873],[-77.89047241,24.40979326],[-77.89066935,24.41015363],[-77.89253104,24.40938365],[-77.89184988,24.40680277],[-77.88720286,24.40652514],[-77.88515306,24.4052695]],[[-77.88708425,23.75860655],[-77.88745928,23.75868475],[-77.88747275,23.75766647],[-77.88555264,23.75558674],[-77.88533235,23.75578666],[-77.88541997,23.75743234],[-77.88708425,23.75860655]],[[-77.88975358,26.62370372],[-77.88878608,26.62325215],[-77.88823795,26.62343526],[-77.88595414,26.62517536],[-77.88637686,26.6264441],[-77.88948464,26.62498426],[-77.88970375,26.62470865],[-77.88975358,26.62370372]],[[-77.88850081,26.68123674],[-77.88737452,26.68057406],[-77.88721073,26.68068707],[-77.88657236,26.68283463],[-77.88685536,26.68376422],[-77.88826942,26.68525445],[-77.88936055,26.68567288],[-77.89002395,26.68506706],[-77.88850081,26.68123674]],[[-77.89397645,24.67290807],[-77.89191997,24.67163432],[-77.89104617,24.67241394],[-77.89258921,24.67262244],[-77.89423263,24.67380726],[-77.89447367,24.67371464],[-77.89397645,24.67290807]],[[-77.90478015,24.32912755],[-77.91195357,24.32159448],[-77.91143095,24.32085001],[-77.91051114,24.32044518],[-77.90790355,24.32221353],[-77.90069425,24.31811428],[-77.89767933,24.31826568],[-77.89736843,24.31846917],[-77.89196265,24.32687736],[-77.89189875,24.32716191],[-77.89397824,24.33223772],[-77.89557886,24.33222055],[-77.89839423,24.33216786],[-77.90133095,24.33126438],[-77.90435851,24.32940495],[-77.90478015,24.32912755]],[[-77.92515707,25.82100785],[-77.92449045,25.82063055],[-77.91986775,25.82107723],[-77.91404867,25.82007003],[-77.91476691,25.82202995],[-77.91080475,25.82343066],[-77.90743828,25.82333708],[-77.90030837,25.82112014],[-77.89876366,25.81838262],[-77.89746761,25.81810725],[-77.89768636,25.81930196],[-77.89502788,25.81936455],[-77.89623415,25.82045913],[-77.89475667,25.82077265],[-77.89508355,25.82249522],[-77.89313161,25.82243383],[-77.89306212,25.82267416],[-77.90864027,25.82737756],[-77.91119933,25.82815433],[-77.91193926,25.82725656],[-77.91453302,25.82771206],[-77.91520608,25.8274672],[-77.91525984,25.82713985],[-77.91371477,25.82684076],[-77.91347444,25.82657397],[-77.91330361,25.82553303],[-77.91408396,25.8244009],[-77.91458535,25.8241446],[-77.91668367,25.82378197],[-77.91911745,25.82468235],[-77.91954517,25.82460713],[-77.92505646,25.82305264],[-77.92551422,25.82290876],[-77.92629003,25.82211721],[-77.92620814,25.82176006],[-77.92515707,25.82100785]],[[-77.89848864,25.42125416],[-77.89765978,25.42201674],[-77.89825165,25.42259038],[-77.90426421,25.42254496],[-77.90468955,25.42282093],[-77.90406418,25.42419124],[-77.90461791,25.42437577],[-77.90585566,25.42444527],[-77.9074862,25.42265761],[-77.90915275,25.42348707],[-77.91218305,25.42287684],[-77.91032481,25.42154765],[-77.90846694,25.41506147],[-77.90815127,25.414958],[-77.89999545,25.41926241],[-77.8998723,25.42075705],[-77.89848864,25.42125416]],[[-77.89962137,27.03726792],[-77.90158963,27.03989947],[-77.90256703,27.0392369],[-77.89983344,27.03713334],[-77.89962137,27.03726792]],[[-77.90238035,24.67782557],[-77.90259278,24.67788732],[-77.90435684,24.67616844],[-77.90450525,24.67573702],[-77.90420341,24.67499161],[-77.90323663,24.67512512],[-77.89999533,24.67606366],[-77.89988542,24.67634964],[-77.90238035,24.67782557]],[[-77.90349162,25.81237197],[-77.90397954,25.81255865],[-77.90449905,25.81212795],[-77.90449524,25.80997491],[-77.90132713,25.80807865],[-77.90113795,25.80817294],[-77.90056515,25.81097555],[-77.90349162,25.81237197]],[[-77.90466583,24.66614783],[-77.90558136,24.66572583],[-77.90571582,24.66558373],[-77.90543008,24.66421354],[-77.90516925,24.66384065],[-77.90259194,24.66137254],[-77.90096045,24.66089284],[-77.90060794,24.66114354],[-77.90058374,24.66264594],[-77.90263176,24.66377473],[-77.90304565,24.66550791],[-77.90466583,24.66614783]],[[-77.90219545,26.83015096],[-77.90608513,26.83805525],[-77.90888095,26.83909154],[-77.90960681,26.83831084],[-77.91023946,26.83713198],[-77.90907907,26.83075964],[-77.90459967,26.82583523],[-77.90285325,26.82217491],[-77.90133238,26.82652855],[-77.90146065,26.82820201],[-77.90219545,26.83015096]],[[-77.90416491,26.81349826],[-77.90381026,26.81704402],[-77.90913475,26.82352936],[-77.91121793,26.82714927],[-77.91304994,26.83358431],[-77.91320014,26.83386385],[-77.91606152,26.83798051],[-77.91669202,26.83829463],[-77.91983604,26.83564866],[-77.92026174,26.83473563],[-77.92052746,26.83050597],[-77.91912627,26.82490694],[-77.91452801,26.81859672],[-77.91536653,26.82587421],[-77.92000544,26.83272803],[-77.92004442,26.83361268],[-77.9167968,26.83365536],[-77.91163051,26.82550812],[-77.91299105,26.82260072],[-77.91229045,26.81512511],[-77.9090662,26.81245995],[-77.90663636,26.81569946],[-77.90503323,26.81423616],[-77.90402925,26.81001735],[-77.90192521,26.80897737],[-77.90416491,26.81349826]],[[-77.90826225,24.67039013],[-77.90775096,24.67036235],[-77.90655458,24.67208767],[-77.90676558,24.67232478],[-77.90848565,24.67205834],[-77.90893733,24.67247081],[-77.90941083,24.67111313],[-77.90930331,24.67085421],[-77.90826225,24.67039013]],[[-77.91542602,24.66122663],[-77.91353321,24.66210163],[-77.91196775,24.66231143],[-77.90847373,24.66156006],[-77.90826762,24.66181195],[-77.90861881,24.66279483],[-77.91078246,24.66580105],[-77.91793334,24.66142321],[-77.91685927,24.65974176],[-77.91542602,24.66122663]],[[-77.91090214,24.90078151],[-77.91215551,24.89788151],[-77.90954435,24.89676344],[-77.90925252,24.89687443],[-77.91044974,24.90049875],[-77.91090214,24.90078151]],[[-77.91528225,24.26243842],[-77.9147017,24.26230323],[-77.90984285,24.26512265],[-77.91005373,24.26548255],[-77.91274214,24.26493704],[-77.91520631,24.26327813],[-77.91528225,24.26243842]],[[-77.91025126,26.80672026],[-77.91416037,26.80760527],[-77.91202462,26.80658591],[-77.91025126,26.80672026]],[[-77.91724431,27.03979206],[-77.91532016,27.04152072],[-77.91144204,27.0413599],[-77.91057873,27.0416671],[-77.91039956,27.04227161],[-77.91222632,27.04349625],[-77.91537035,27.04276228],[-77.91579604,27.04257131],[-77.91873145,27.04029167],[-77.91765106,27.03968465],[-77.91724431,27.03979206]],[[-77.91457915,24.65055621],[-77.91354895,24.65045536],[-77.91146076,24.65184867],[-77.91146255,24.65228295],[-77.91375804,24.65437734],[-77.91520441,24.65123093],[-77.91457915,24.65055621]],[[-77.92015016,24.31126547],[-77.91545844,24.31420314],[-77.91289413,24.31654155],[-77.91231024,24.31791663],[-77.91237474,24.31886721],[-77.91261375,24.31899357],[-77.91585171,24.32000244],[-77.91623855,24.32236993],[-77.91865325,24.32354283],[-77.91919637,24.32550776],[-77.92249012,24.32453275],[-77.92288077,24.32466376],[-77.92386735,24.32558155],[-77.92565656,24.32586014],[-77.92953455,24.32589281],[-77.94064224,24.32240558],[-77.94102895,24.32221723],[-77.94161355,24.31989253],[-77.94144964,24.31902301],[-77.94079375,24.31847775],[-77.93803632,24.31773233],[-77.93691325,24.31533158],[-77.93048716,24.31717861],[-77.92648745,24.31609714],[-77.92641032,24.31033337],[-77.9254868,24.30978632],[-77.92388713,24.31004167],[-77.92015016,24.31126547]],[[-77.91579962,26.78112543],[-77.91394305,26.78109682],[-77.9132266,26.78210664],[-77.91456544,26.78402674],[-77.91597044,26.784343],[-77.91821551,26.78279877],[-77.91648257,26.78125966],[-77.91579962,26.78112543]],[[-77.91689086,26.7962749],[-77.914644,26.79332328],[-77.91416085,26.7930212],[-77.91390777,26.79979455],[-77.91636884,26.80340505],[-77.91689086,26.7962749]],[[-77.91481507,24.93249643],[-77.91571546,24.93335497],[-77.91704977,24.93063867],[-77.91613197,24.92929292],[-77.91544592,24.92923093],[-77.91489351,24.93011487],[-77.91481507,24.93249643]],[[-77.91672087,24.90081084],[-77.91731334,24.90389276],[-77.91870093,24.90120363],[-77.91695786,24.90068436],[-77.91672087,24.90081084]],[[-77.91691267,26.81211984],[-77.91885412,26.81613111],[-77.91929758,26.81852496],[-77.91958487,26.81889284],[-77.92261624,26.82159555],[-77.92503905,26.82340145],[-77.92597652,26.82364082],[-77.92687488,26.82296312],[-77.92687488,26.82156813],[-77.92426193,26.81742704],[-77.92202568,26.8160578],[-77.92020345,26.81572175],[-77.91933584,26.81368363],[-77.91705418,26.81204832],[-77.91691267,26.81211984]],[[-77.97953248,24.20098197],[-77.97926462,24.20576048],[-77.97665441,24.20924711],[-77.97200823,24.21220314],[-77.96870422,24.21268606],[-77.96514416,24.21563387],[-77.96754467,24.20963693],[-77.96068156,24.21014047],[-77.95580626,24.20821321],[-77.95067716,24.20871711],[-77.94812465,24.21185744],[-77.94393253,24.21409857],[-77.93685496,24.21293128],[-77.93444824,24.21674144],[-77.93563473,24.21986485],[-77.93195224,24.22199333],[-77.93063617,24.22442341],[-77.93579555,24.22126985],[-77.9440819,24.22095215],[-77.94927335,24.22630918],[-77.95175385,24.23031974],[-77.95189977,24.23062778],[-77.95200491,24.23299384],[-77.95188391,24.23363662],[-77.95150685,24.2343477],[-77.93974197,24.23867035],[-77.93742454,24.2411679],[-77.93317413,24.24264252],[-77.9360342,24.24579108],[-77.93610382,24.24666131],[-77.93416584,24.25195956],[-77.93305564,24.25274456],[-77.92424667,24.25447571],[-77.92374265,24.25467575],[-77.91970098,24.2578125],[-77.91928434,24.2578125],[-77.91774535,24.25891066],[-77.91734016,24.25965548],[-77.91729295,24.26108325],[-77.91755724,24.26116061],[-77.92210174,24.26033831],[-77.92560101,24.25844467],[-77.92611241,24.25844276],[-77.92829251,24.25901437],[-77.92889786,24.25963151],[-77.92867768,24.26147628],[-77.9284867,24.26182973],[-77.92525351,24.26313496],[-77.92508721,24.26353908],[-77.92545247,24.26481116],[-77.92835426,24.26687133],[-77.93202996,24.26645064],[-77.93424225,24.26485157],[-77.93689525,24.26520956],[-77.93809772,24.26623094],[-77.93812644,24.27087545],[-77.94202626,24.26879931],[-77.94588852,24.26865423],[-77.94541001,24.27108586],[-77.94681156,24.27227771],[-77.95047414,24.26928854],[-77.96379387,24.26304007],[-77.96545351,24.26149774],[-77.96632028,24.25830317],[-77.96609807,24.2578125],[-77.96518016,24.2578125],[-77.96071434,24.26017356],[-77.96036816,24.25991166],[-77.96028471,24.2578125],[-77.9606657,24.2578125],[-77.96221673,24.25437915],[-77.97067857,24.25029254],[-77.97325516,24.24695778],[-77.97942281,24.24441206],[-77.98077667,24.24342954],[-77.98315513,24.23931015],[-77.98522687,24.23853111],[-77.98744035,24.23561776],[-77.99143362,24.23360085],[-77.99287951,24.23413491],[-77.9958353,24.23220921],[-78.00062013,24.23265064],[-78.00164628,24.23345435],[-78.002581,24.2352128],[-78.00224292,24.23870897],[-78.002442,24.23880553],[-78.00629735,24.23615205],[-78.01006305,24.23594701],[-78.01403713,24.23782802],[-78.01626825,24.23760021],[-78.01545846,24.2397176],[-78.01713705,24.23957515],[-78.01783752,24.23997343],[-78.01910782,24.24117315],[-78.0191915,24.24236608],[-78.01814544,24.24332106],[-78.01341581,24.24517131],[-78.01288557,24.24562633],[-78.01257575,24.24738014],[-78.00791776,24.24816573],[-78.00532317,24.25011766],[-78.00502348,24.25154865],[-78.00697553,24.25435591],[-78.00465083,24.2578125],[-78.00423205,24.25826192],[-77.99566507,24.26136374],[-77.9909718,24.26136827],[-77.98244905,24.2591114],[-77.98155201,24.25951993],[-77.97920465,24.26232421],[-77.97968566,24.26618636],[-77.97424936,24.27079523],[-77.96475172,24.27711046],[-77.95880294,24.27807724],[-77.95806324,24.27884471],[-77.95690024,24.27988565],[-77.95653927,24.28177524],[-77.95692277,24.28179431],[-77.96287394,24.27876925],[-77.96617103,24.28141224],[-77.97035134,24.27991045],[-77.9740231,24.28103983],[-77.97589755,24.28078234],[-77.97750378,24.28034794],[-77.98335552,24.27786696],[-77.99345946,24.27069342],[-78.00321126,24.27008414],[-78.00616968,24.26931977],[-78.00847948,24.26646423],[-78.01212287,24.26645422],[-78.01634824,24.26335645],[-78.02086735,24.2578125],[-78.02088988,24.2578125],[-78.02174795,24.25597846],[-78.02177072,24.25578582],[-78.02073014,24.25510156],[-78.02071941,24.25252163],[-78.01605833,24.25024521],[-78.01619244,24.24946427],[-78.02342284,24.24819314],[-78.02392244,24.24788785],[-78.02630091,24.24230397],[-78.02652514,24.24200845],[-78.02864301,24.24075604],[-78.03032792,24.24150395],[-78.03035355,24.24179804],[-78.02878571,24.24373627],[-78.02890694,24.24402452],[-78.03242338,24.24704373],[-78.03159785,24.25144541],[-78.03338623,24.25478554],[-78.03303504,24.25768995],[-78.03311825,24.2578125],[-78.03341222,24.2578125],[-78.037606,24.26061654],[-78.0381875,24.26211667],[-78.03654563,24.26325226],[-78.04068375,24.26811016],[-78.04116786,24.26823592],[-78.0457201,24.26781166],[-78.04590225,24.26757884],[-78.04593992,24.26376843],[-78.046875,24.26199782],[-78.0474869,24.26102126],[-78.0474869,24.2578125],[-78.04748642,24.2578125],[-78.04759753,24.25394416],[-78.046875,24.25362706],[-78.04051316,24.24668932],[-78.03710163,24.24562275],[-78.03660274,24.24221635],[-78.03345776,24.24063206],[-78.03326786,24.23725033],[-78.03136516,24.23558366],[-78.03457785,24.23282146],[-78.03291333,24.23079026],[-78.02988601,24.23028648],[-78.02840137,24.23208368],[-78.02564096,24.23180211],[-78.01600492,24.22291064],[-78.01435661,24.22176504],[-78.01284444,24.22206497],[-78.01050401,24.21964705],[-78.00910938,24.22011864],[-78.00727165,24.21864581],[-78.00432777,24.21561933],[-77.99974406,24.21102536],[-77.99510741,24.21032822],[-77.99493623,24.21019971],[-77.99252105,24.20805871],[-77.98591244,24.19873965],[-77.98315823,24.19869125],[-77.97953248,24.20098197]],[[-77.91950035,26.84251666],[-77.91827071,26.84163594],[-77.91754007,26.8418231],[-77.91754103,26.84227276],[-77.91919076,26.84605765],[-77.91959608,26.84292591],[-77.91950035,26.84251666]],[[-77.91826522,25.40865874],[-77.91855395,25.40891421],[-77.92317331,25.40720165],[-77.92139375,25.40698695],[-77.92043102,25.40720594],[-77.91826522,25.40865874]],[[-77.92230904,24.69786251],[-77.92447615,24.69952631],[-77.92399895,24.70138335],[-77.92158175,24.70006311],[-77.92248094,24.7025696],[-77.92059386,24.70294905],[-77.91911435,24.70511556],[-77.91902006,24.70524657],[-77.92524326,24.7049911],[-77.93110955,24.70330524],[-77.93116546,24.70305598],[-77.92974806,24.70256495],[-77.92954743,24.70222914],[-77.92989326,24.70116687],[-77.92676628,24.70121574],[-77.92432797,24.69805455],[-77.92230904,24.69786251]],[[-77.92482185,26.76347184],[-77.92711163,26.76235855],[-77.92597127,26.75963116],[-77.92618656,26.75928235],[-77.92813945,26.75818515],[-77.92905176,26.75594473],[-77.93186975,26.75454664],[-77.9317373,26.75423408],[-77.92696178,26.75403583],[-77.92523694,26.75589275],[-77.92466843,26.75661361],[-77.92208493,26.76102507],[-77.92168164,26.76461112],[-77.92231464,26.76515007],[-77.92482185,26.76347184]],[[-77.92753446,24.21728396],[-77.93238235,24.21374762],[-77.93460965,24.21398675],[-77.93647301,24.21247446],[-77.93999553,24.20683527],[-77.93964851,24.20626128],[-77.93820071,24.20579541],[-77.93787897,24.20595336],[-77.93147445,24.20901036],[-77.92881143,24.20622635],[-77.92918456,24.20999968],[-77.92897415,24.21056855],[-77.92627156,24.21398067],[-77.92397392,24.21533942],[-77.92171538,24.21924818],[-77.92436075,24.21743906],[-77.92753446,24.21728396]],[[-77.9234699,25.42892444],[-77.92790926,25.43017638],[-77.92968047,25.42979348],[-77.92447794,25.42750812],[-77.9242388,25.42751276],[-77.92318714,25.42849421],[-77.9234699,25.42892444]],[[-77.94233274,26.81224894],[-77.94122541,26.81150961],[-77.93920994,26.8115468],[-77.93481767,26.81308627],[-77.93231082,26.81481981],[-77.92638874,26.81394231],[-77.92566133,26.81459916],[-77.92568564,26.81519186],[-77.92927742,26.81860805],[-77.93115664,26.82656467],[-77.93332374,26.83187091],[-77.93468738,26.83284032],[-77.93665135,26.83317268],[-77.93850768,26.83201945],[-77.93907046,26.83136594],[-77.94068646,26.82915902],[-77.94115973,26.82629621],[-77.94503915,26.82174385],[-77.9427706,26.81320965],[-77.94233274,26.81224894]],[[-77.92933154,26.76376402],[-77.92892945,26.76321864],[-77.92748785,26.76341832],[-77.92683792,26.76393497],[-77.92642546,26.76549327],[-77.92716753,26.76644993],[-77.92757416,26.76651084],[-77.92929006,26.76471913],[-77.92933154,26.76376402]],[[-77.92692316,24.93286645],[-77.92699838,24.93355656],[-77.92809355,24.93617856],[-77.92845964,24.93655646],[-77.92932093,24.93652356],[-77.93066883,24.93499827],[-77.93095565,24.93538642],[-77.93228281,24.93761683],[-77.9327594,24.93784964],[-77.93366683,24.93713295],[-77.93371737,24.93685114],[-77.93293715,24.9342736],[-77.93267024,24.93394744],[-77.92874765,24.93232274],[-77.93007624,24.93075085],[-77.93009675,24.92817807],[-77.9278959,24.92605448],[-77.92750025,24.92615283],[-77.92760825,24.92907751],[-77.92692316,24.93286645]],[[-77.94365144,25.81536174],[-77.94334745,25.81553972],[-77.93619907,25.81538916],[-77.93495154,25.81606245],[-77.93216455,25.8172363],[-77.93208492,25.81742823],[-77.93385255,25.82013535],[-77.92960072,25.82200575],[-77.93992674,25.82002628],[-77.94881105,25.8153162],[-77.94879413,25.81509173],[-77.94730031,25.81364167],[-77.94365144,25.81536174]],[[-77.93218911,24.92227674],[-77.93153393,24.92161477],[-77.93099463,24.92170525],[-77.93019044,24.92368186],[-77.93018067,24.92397606],[-77.93129384,24.92567301],[-77.93196797,24.92584515],[-77.93226576,24.92559063],[-77.93218911,24.92227674]],[[-77.93614614,26.75773907],[-77.93548977,26.75766516],[-77.93472898,26.75802243],[-77.93679166,26.75975454],[-77.93366826,26.75971568],[-77.93249154,26.76066566],[-77.93124664,26.76145673],[-77.93452597,26.76290762],[-77.93535388,26.76073241],[-77.93567264,26.76057136],[-77.93851483,26.76134968],[-77.93981421,26.76056504],[-77.93995154,26.75999057],[-77.93925667,26.75903118],[-77.93796062,26.75813127],[-77.93614614,26.75773907]],[[-77.93964577,24.94206548],[-77.93977332,24.94226825],[-77.94012141,24.94203007],[-77.94034171,24.94194508],[-77.94050574,24.94173455],[-77.94063735,24.94132864],[-77.94080055,24.94076335],[-77.94096756,24.94009674],[-77.9411118,24.9395895],[-77.94108713,24.93927872],[-77.94079876,24.93914175],[-77.94033504,24.93921494],[-77.94000256,24.93957508],[-77.93981993,24.94016826],[-77.93966353,24.94066536],[-77.93952155,24.9410125],[-77.93940031,24.9412924],[-77.93940103,24.94156063],[-77.93951964,24.94182515],[-77.93964577,24.94206548]],[[-77.94107056,24.28794885],[-77.94149935,24.28952801],[-77.94314671,24.29028773],[-77.94552767,24.28863227],[-77.94736075,24.28688252],[-77.94503486,24.28493655],[-77.94425404,24.28504384],[-77.94107056,24.28794885]],[[-77.94255722,26.64272726],[-77.94302487,26.64298534],[-77.94345987,26.64319146],[-77.94388068,26.64335716],[-77.94432056,26.64348936],[-77.94470322,26.64362967],[-77.94502747,26.64376116],[-77.94533157,26.64390576],[-77.94565427,26.64403975],[-77.9460386,26.64418507],[-77.94649506,26.64432025],[-77.94695926,26.64446771],[-77.94743836,26.64460254],[-77.94791245,26.64473867],[-77.9484241,26.64483964],[-77.94890356,26.64433622],[-77.94851434,26.64408922],[-77.94814634,26.64391434],[-77.94774354,26.64374888],[-77.94725597,26.64355135],[-77.94673646,26.64327383],[-77.94615221,26.64299548],[-77.94529295,26.64270616],[-77.94417644,26.64249432],[-77.94320166,26.64235282],[-77.94244182,26.64232564],[-77.94211245,26.64240432],[-77.94220126,26.64253843],[-77.94255722,26.64272726]],[[-77.94508886,26.75548744],[-77.94305158,26.75463522],[-77.94230592,26.75544095],[-77.94315004,26.75593531],[-77.94407833,26.75640094],[-77.94269514,26.75797224],[-77.94543481,26.75953472],[-77.94537437,26.75600624],[-77.94508886,26.75548744]],[[-77.95722365,26.82039285],[-77.95684195,26.81518006],[-77.95568848,26.81228125],[-77.95373285,26.80906522],[-77.95159161,26.8083837],[-77.95112574,26.80849147],[-77.94861436,26.81023705],[-77.94341516,26.81112874],[-77.94503975,26.81740141],[-77.9454987,26.8180505],[-77.95204115,26.82084095],[-77.9567188,26.82087052],[-77.95722365,26.82039285]],[[-77.94719815,24.99932265],[-77.94607616,24.99991643],[-77.94566786,25.00183892],[-77.94591248,25.00234044],[-77.94707978,25.00259435],[-77.94781554,25.00823772],[-77.94975054,25.01301396],[-77.95119047,25.01321328],[-77.95101297,25.01477301],[-77.95126545,25.01493287],[-77.9531852,25.014871],[-77.95507061,25.01772535],[-77.95555556,25.01866865],[-77.95801961,25.01899827],[-77.95877016,25.01862216],[-77.95965075,25.01665056],[-77.95956266,25.01645267],[-77.95717752,25.01759315],[-77.95656967,25.01733816],[-77.95599616,25.01653647],[-77.95384812,25.00768042],[-77.94900084,25.00463533],[-77.94943941,25.00161302],[-77.95005143,25.00145674],[-77.94961584,25.0042479],[-77.95005763,25.00467825],[-77.9534986,25.00527132],[-77.95368695,25.00513577],[-77.95364976,25.00458336],[-77.95182645,25.00404012],[-77.95161486,25.00372624],[-77.95111203,25.00098622],[-77.9475373,24.99922264],[-77.94719815,24.99932265]],[[-77.94751251,24.99605024],[-77.94805503,24.99612784],[-77.94924307,24.99427021],[-77.94718134,24.99204588],[-77.94698572,24.99224913],[-77.94604576,24.99506617],[-77.94751251,24.99605024]],[[-77.95166993,25.02589095],[-77.95401716,25.02770627],[-77.95566046,25.02592111],[-77.95550525,25.02517915],[-77.95510912,25.02516592],[-77.95203364,25.02530825],[-77.95166993,25.02589095]],[[-77.95578778,25.02186215],[-77.95748675,25.02303052],[-77.95798624,25.0232172],[-77.95855963,25.02258766],[-77.95833504,25.02133751],[-77.95809674,25.02099156],[-77.95560884,25.02021062],[-77.95524752,25.02043712],[-77.95578778,25.02186215]],[[-77.96709752,24.97281373],[-77.96667612,24.97271991],[-77.96592915,24.97310698],[-77.96565545,24.97521102],[-77.9657824,24.9753952],[-77.96706975,24.97535336],[-77.96754885,24.97545731],[-77.96770716,24.97384453],[-77.96709752,24.97281373]],[[-78.00087798,27.08793128],[-78.00164342,27.08824325],[-78.00249624,27.08772194],[-78.00358307,27.08572447],[-78.00356424,27.08552432],[-78.0023545,27.08304513],[-78.00050533,27.0826534],[-77.99973452,27.08288741],[-77.99956417,27.08450973],[-78.00190425,27.08542895],[-78.00184667,27.08559215],[-77.99891555,27.08630812],[-77.9897598,27.07977927],[-77.98655784,27.07561386],[-77.98260367,27.07509184],[-77.99393356,27.08596015],[-77.99529111,27.08646143],[-78.00087798,27.08793128]],[[-78.01277781,27.08083332],[-78.00527775,27.08749986],[-78.00611114,27.08833325],[-78.00861096,27.08694434],[-78.01166666,27.08861113],[-78.01846063,27.08928227],[-78.01999986,27.08638895],[-78.02138877,27.08749986],[-78.01999986,27.08777773],[-78.02027774,27.08944428],[-78.03083324,27.09194446],[-78.03222215,27.09194446],[-78.02472222,27.08500004],[-78.02472222,27.07888877],[-78.02083325,27.07583332],[-78.01916671,27.07611096],[-78.01222205,27.07722223],[-78.01333332,27.07944441],[-78.01277781,27.08083332]],[[-78.03158963,24.2578125],[-78.02840245,24.25589407],[-78.0270884,24.25729287],[-78.02730966,24.2578125],[-78.02851665,24.25805664],[-78.03158963,24.2578125]],[[-78.03236425,25.46963656],[-78.03306055,25.46994042],[-78.03364003,25.46934855],[-78.03339124,25.46783435],[-78.03282237,25.46687245],[-78.03237486,25.46697617],[-78.03191173,25.46842182],[-78.03236425,25.46963656]],[[-78.03583336,27.08916664],[-78.03361106,27.09222221],[-78.03638875,27.09277773],[-78.03771973,27.09269953],[-78.03792143,27.09236383],[-78.03750002,27.09027767],[-78.03583336,27.08916664]],[[-78.03679371,25.20653796],[-78.0389595,25.20555258],[-78.03921926,25.20501876],[-78.03913271,25.20424998],[-78.03857493,25.20377886],[-78.03674495,25.20381391],[-78.03578174,25.20412242],[-78.03553152,25.20533228],[-78.03627956,25.20637286],[-78.03679371,25.20653796]],[[-78.0575,27.09861112],[-78.05972207,27.10027766],[-78.06083333,27.09972215],[-78.05777764,27.09638894],[-78.05499995,27.09500003],[-78.05472207,27.09500003],[-78.05250001,27.09638894],[-78.05250001,27.09722221],[-78.05305552,27.09777772],[-78.0575,27.09861112]],[[-78.08388877,27.11111104],[-78.08277774,27.11194444],[-78.08111095,27.11111104],[-78.07583332,27.11305547],[-78.07583332,27.11333334],[-78.0780555,27.12],[-78.0844444,27.12611115],[-78.09000003,27.12611115],[-78.09111094,27.12638891],[-78.10555553,27.13166654],[-78.10583317,27.13194442],[-78.10722208,27.13166654],[-78.09916663,27.12777781],[-78.09611106,27.12444437],[-78.08861113,27.12333333],[-78.08749986,27.12222207],[-78.08805561,27.12083316],[-78.08361113,27.11500001],[-78.08472216,27.11194444],[-78.0844444,27.11138892],[-78.08388877,27.11111104]],[[-78.07865047,25.21131861],[-78.08011377,25.21140373],[-78.08058023,25.21009433],[-78.0822587,25.20748603],[-78.07675326,25.20596683],[-78.07647216,25.20606112],[-78.07621408,25.20668173],[-78.07865047,25.21131861]],[[-78.10039663,25.20490825],[-78.09566724,25.20428646],[-78.09468555,25.20467091],[-78.09416938,25.20578516],[-78.0950433,25.20713866],[-78.09539127,25.20726955],[-78.09847856,25.20692134],[-78.10092771,25.20697165],[-78.10106516,25.20660555],[-78.1007024,25.20513821],[-78.10039663,25.20490825]],[[-78.11541033,25.16730034],[-78.11350918,25.16165841],[-78.10877144,25.15661192],[-78.10308695,25.15550566],[-78.09965765,25.15319896],[-78.09931946,25.15342236],[-78.09685886,25.15711582],[-78.09732163,25.16145158],[-78.09919655,25.16101611],[-78.09867883,25.15815437],[-78.09970462,25.15706146],[-78.10082173,25.15960562],[-78.10451543,25.16194141],[-78.10649991,25.15901792],[-78.10682237,25.15931153],[-78.10883701,25.16223097],[-78.10756755,25.16387558],[-78.11208797,25.16497087],[-78.11203778,25.16858315],[-78.11524761,25.1675384],[-78.11541033,25.16730034]],[[-78.10875654,25.18787611],[-78.10624897,25.18650472],[-78.10458696,25.18703425],[-78.1042701,25.18805897],[-78.10471678,25.18848288],[-78.10542774,25.18872774],[-78.10875654,25.18787611]],[[-78.1119647,25.17177105],[-78.11243761,25.17095327],[-78.11172748,25.16885054],[-78.11162031,25.16903174],[-78.10893917,25.17052186],[-78.11013937,25.17279434],[-78.11059976,25.17297304],[-78.1119647,25.17177105]],[[-78.13370228,25.27638721],[-78.13078904,25.27513146],[-78.12842023,25.27627671],[-78.12493336,25.27380502],[-78.11718166,25.27658033],[-78.11257994,25.28196085],[-78.11558294,25.28971565],[-78.11805105,25.29339385],[-78.118577,25.29400814],[-78.12075353,25.29492545],[-78.12501931,25.30041528],[-78.12552702,25.30057013],[-78.12704265,25.29671597],[-78.13136172,25.29365027],[-78.13225675,25.29483604],[-78.13545895,25.29495168],[-78.13835633,25.29691112],[-78.14259946,25.29660213],[-78.14507866,25.29431641],[-78.14344788,25.29258645],[-78.13790691,25.29251421],[-78.13450384,25.29136336],[-78.1315459,25.29272604],[-78.13167095,25.29001391],[-78.12933338,25.29047453],[-78.12671554,25.28945291],[-78.12497282,25.28542507],[-78.12798548,25.28603113],[-78.12928736,25.28456545],[-78.13422954,25.28497171],[-78.13602912,25.28357863],[-78.13446271,25.28189635],[-78.13174987,25.28232181],[-78.12917244,25.28111684],[-78.12919414,25.27719283],[-78.13259184,25.28007805],[-78.13400006,25.27913916],[-78.13370228,25.27638721]],[[-78.11377454,22.74907196],[-78.11437321,22.75045717],[-78.1149435,22.75074017],[-78.11698496,22.75039482],[-78.11704535,22.74898223],[-78.11704695,22.74894476],[-78.11688391,22.74889672],[-78.11508775,22.74836755],[-78.11402452,22.74870133],[-78.11377454,22.74907196]],[[-78.11806536,25.19460297],[-78.11711633,25.19409716],[-78.11514235,25.19425356],[-78.11726367,25.19571686],[-78.11788845,25.19592035],[-78.11860955,25.19533885],[-78.11806536,25.19460297]],[[-78.12075746,25.25632453],[-78.12036216,25.25619471],[-78.11631453,25.25798166],[-78.11602402,25.25814557],[-78.11604714,25.25893736],[-78.11663985,25.25934482],[-78.12106407,25.25991857],[-78.12269938,25.26419771],[-78.12468934,25.26588952],[-78.12498331,25.26601684],[-78.12804675,25.26545346],[-78.12711191,25.26767731],[-78.12744772,25.26799035],[-78.12876678,25.26808608],[-78.13018656,25.26844335],[-78.13290918,25.26748264],[-78.13335466,25.26716805],[-78.13417316,25.26519585],[-78.13393354,25.26395166],[-78.13232362,25.26233506],[-78.13024461,25.26139927],[-78.13124621,25.25932646],[-78.12075746,25.25632453]],[[-78.12166977,25.17110741],[-78.12084663,25.17101681],[-78.11890876,25.17284381],[-78.11969137,25.1748085],[-78.12198043,25.17524695],[-78.12324297,25.17465007],[-78.12323535,25.17408836],[-78.12251401,25.17130542],[-78.12166977,25.17110741]],[[-78.1200788,25.16693103],[-78.12087846,25.16721785],[-78.12227845,25.16645956],[-78.12262726,25.16568863],[-78.12224543,25.16496468],[-78.12068641,25.16480982],[-78.11899495,25.16564274],[-78.11897731,25.16586995],[-78.1200788,25.16693103]],[[-78.12728941,26.70838237],[-78.12746954,26.70720267],[-78.12505901,26.70757556],[-78.12261212,26.7041043],[-78.12177813,26.70398307],[-78.12079012,26.70443046],[-78.12036681,26.70612621],[-78.12257087,26.70748115],[-78.12278163,26.70791244],[-78.12301135,26.71020854],[-78.12960005,26.71242177],[-78.13022614,26.71188593],[-78.12907517,26.7101897],[-78.12728941,26.70838237]],[[-78.13623297,25.29777753],[-78.12777865,25.30076015],[-78.12639141,25.30220616],[-78.12886703,25.30960465],[-78.13129926,25.3125],[-78.13144755,25.3125],[-78.13209736,25.31344736],[-78.13246405,25.31357694],[-78.13345242,25.31283271],[-78.13404334,25.31307721],[-78.13482738,25.31569254],[-78.1327064,25.3152343],[-78.13262713,25.3155992],[-78.13335145,25.31891513],[-78.13591218,25.32363784],[-78.13838315,25.33099115],[-78.14119863,25.32777333],[-78.13806474,25.32330215],[-78.13967085,25.32428801],[-78.14154124,25.32242894],[-78.13739491,25.31682706],[-78.13823795,25.3125],[-78.13838601,25.3125],[-78.13846803,25.31187105],[-78.13694334,25.31024682],[-78.13796794,25.30749345],[-78.13530326,25.30388713],[-78.13983285,25.30085707],[-78.13900554,25.29872417],[-78.13681436,25.29777884],[-78.13623297,25.29777753]],[[-78.13371015,25.18324757],[-78.13405335,25.18166137],[-78.13354695,25.18030787],[-78.13204718,25.18039775],[-78.12951183,25.18150866],[-78.12949371,25.18208826],[-78.13204753,25.18492901],[-78.13226771,25.18496895],[-78.13371015,25.18324757]],[[-78.13230157,25.24485672],[-78.13583291,25.24529195],[-78.14189315,25.24269295],[-78.14186013,25.24123025],[-78.13986552,25.23899245],[-78.13894534,25.23840201],[-78.13574862,25.23807394],[-78.13352501,25.23819864],[-78.13235283,25.23859203],[-78.13071692,25.24007595],[-78.13029516,25.24110222],[-78.13058186,25.24313486],[-78.13230157,25.24485672]],[[-78.14408863,25.28032541],[-78.14447117,25.28041995],[-78.14639056,25.27945352],[-78.14665592,25.27891648],[-78.14557087,25.27756465],[-78.13792992,25.27596045],[-78.13720655,25.27605367],[-78.13680995,25.27658725],[-78.13690555,25.27745175],[-78.14023411,25.27960706],[-78.14096284,25.28016925],[-78.14408863,25.28032541]],[[-78.14405155,25.24877596],[-78.14357173,25.24786401],[-78.14252913,25.2479279],[-78.14094746,25.24942517],[-78.14232683,25.25012136],[-78.14405155,25.24877596]],[[-78.14344537,25.31491125],[-78.14686048,25.31505275],[-78.14595437,25.3125],[-78.14286792,25.3125],[-78.14344537,25.31491125]],[[-78.14338815,25.20963156],[-78.14525974,25.20963681],[-78.14716184,25.20932221],[-78.14467788,25.20847833],[-78.14313042,25.20887613],[-78.14297605,25.20925808],[-78.14338815,25.20963156]],[[-78.16499984,27.04250002],[-78.16666663,27.04361105],[-78.17499995,27.04583335],[-78.17555547,27.04555547],[-78.17527783,27.04499996],[-78.17138875,27.04277766],[-78.17055547,27.04250002],[-78.16555548,27.04166663],[-78.16499984,27.04222214],[-78.16499984,27.04250002]],[[-78.16555142,25.31992435],[-78.1668241,25.32034636],[-78.16802394,25.31979346],[-78.16860783,25.31918931],[-78.16867292,25.3181169],[-78.16837025,25.3179388],[-78.16749513,25.31786442],[-78.16612053,25.31828153],[-78.16567195,25.31856334],[-78.16523135,25.31954706],[-78.16555142,25.31992435]],[[-78.16976786,25.24778581],[-78.1683917,25.24861658],[-78.16950226,25.25008535],[-78.17197776,25.25058317],[-78.17394197,25.24952734],[-78.17367113,25.24811256],[-78.17035317,25.24767685],[-78.16976786,25.24778581]],[[-78.21633637,26.94466567],[-78.21413994,26.95343864],[-78.20975733,26.98236513],[-78.20944452,26.9838773],[-78.20729697,26.99148643],[-78.20678437,26.99288428],[-78.20334423,26.99956143],[-78.20314264,26.99991703],[-78.20073175,27.00163245],[-78.19966948,27.00230503],[-78.19149888,27.00548375],[-78.18538547,27.01215243],[-78.18072784,27.01535642],[-78.17860115,27.01548433],[-78.17793226,27.01064146],[-78.17589593,27.01227665],[-78.17255414,27.00998271],[-78.17154145,27.00972772],[-78.17062914,27.01062393],[-78.17086315,27.01138544],[-78.17313325,27.01301515],[-78.17407727,27.01545894],[-78.17440712,27.01946056],[-78.17349362,27.02351463],[-78.17183006,27.03053594],[-78.17325664,27.03329027],[-78.17371821,27.03356743],[-78.17638254,27.03216183],[-78.17821908,27.02725565],[-78.1826421,27.02358246],[-78.18219185,27.02250004],[-78.17971003,27.02229905],[-78.18305802,27.01914704],[-78.18554294,27.02034664],[-78.19215214,27.01431954],[-78.21594882,27.00190806],[-78.22794044,26.989205],[-78.23004365,26.98275804],[-78.22811484,26.98299694],[-78.22581506,26.98502255],[-78.22470987,26.98895705],[-78.2206887,26.99405181],[-78.21844387,26.99421954],[-78.21447027,26.9911164],[-78.21268034,26.98581421],[-78.21299136,26.97337842],[-78.21616423,26.95491946],[-78.21864843,26.94794762],[-78.22070396,26.94624853],[-78.21869493,26.94092417],[-78.21633637,26.94466567]],[[-78.18164456,26.72005034],[-78.18156254,26.71875],[-78.18163526,26.71875],[-78.18154442,26.71802235],[-78.180058,26.71531665],[-78.17858291,26.71500731],[-78.17783546,26.71081316],[-78.17745984,26.71083891],[-78.17523694,26.71171916],[-78.17295527,26.71505821],[-78.17570841,26.71875],[-78.17556667,26.71890521],[-78.17717874,26.71899331],[-78.17758012,26.71875],[-78.17754197,26.71776974],[-78.17884481,26.71739733],[-78.17919362,26.71744645],[-78.17913985,26.71875],[-78.17937505,26.71875],[-78.17941356,26.71888745],[-78.18107665,26.72012234],[-78.18164456,26.72005034]],[[-78.17583334,27.00694442],[-78.17638874,27.00805545],[-78.17666662,27.00805545],[-78.17777765,27.0063889],[-78.17777765,27.00583327],[-78.17694437,27.00388885],[-78.17444444,27.00194442],[-78.17361104,27.00277782],[-78.17361104,27.00499988],[-78.17583334,27.00694442]],[[-78.18499994,27.14861095],[-78.18611097,27.14999986],[-78.18666661,27.14944434],[-78.18666661,27.14861095],[-78.18444443,27.14611113],[-78.18055546,27.14305556],[-78.17555547,27.13944435],[-78.17499995,27.13944435],[-78.17444444,27.1405555],[-78.17527783,27.14138877],[-78.18222225,27.14583325],[-78.18499994,27.14861095]],[[-78.18027282,25.26617014],[-78.18019044,25.26579821],[-78.17546594,25.26580024],[-78.17820084,25.26694715],[-78.17911661,25.26704836],[-78.18027282,25.26617014]],[[-78.17857897,25.25618112],[-78.17643905,25.25743806],[-78.17672181,25.25857294],[-78.17954707,25.25819492],[-78.17857897,25.25618112]],[[-78.18292963,25.23375285],[-78.18423104,25.23402441],[-78.18597913,25.2339046],[-78.18686593,25.23327124],[-78.18813086,25.22979784],[-78.18754625,25.22875714],[-78.18692768,25.22843111],[-78.18495512,25.2282896],[-78.18403995,25.22842038],[-78.17962456,25.22938764],[-78.1781497,25.23069406],[-78.17798376,25.2314676],[-78.17832422,25.23184085],[-78.18292963,25.23375285]],[[-78.18005335,25.25023627],[-78.18008995,25.25113857],[-78.18171978,25.25213242],[-78.18181467,25.24942636],[-78.18164575,25.24916685],[-78.18093503,25.24928176],[-78.18005335,25.25023627]],[[-78.18619931,25.29556668],[-78.18692327,25.29563606],[-78.18787467,25.29389226],[-78.18763626,25.29338121],[-78.18587422,25.29272652],[-78.18538487,25.29283667],[-78.18497336,25.29395187],[-78.18525934,25.29482424],[-78.18619931,25.29556668]],[[-78.18747926,25.30429625],[-78.18783092,25.30446851],[-78.19028866,25.30299675],[-78.19047821,25.30270457],[-78.19012201,25.30198586],[-78.18818176,25.301898],[-78.18737805,25.30245042],[-78.18684316,25.30343807],[-78.18747926,25.30429625]],[[-78.20833325,27.17305553],[-78.21444428,27.17583334],[-78.21527767,27.17555547],[-78.21416664,27.17416656],[-78.20749986,27.16999996],[-78.20583332,27.16916657],[-78.2052778,27.16944444],[-78.20500004,27.16999996],[-78.20833325,27.17305553]],[[-78.21503556,25.20615602],[-78.21329105,25.20761144],[-78.21261013,25.21050227],[-78.21030796,25.21154273],[-78.21018743,25.21188128],[-78.21102846,25.21291947],[-78.21318865,25.21307755],[-78.21598387,25.21376765],[-78.21992564,25.21021712],[-78.22017336,25.20792723],[-78.21503556,25.20615602]],[[-78.22439122,25.14606166],[-78.22466588,25.14747608],[-78.22689128,25.14940155],[-78.22917545,25.14691377],[-78.2273159,25.14725876],[-78.22510326,25.14548934],[-78.22439122,25.14606166]],[[-78.2319262,25.21667635],[-78.23163521,25.21870804],[-78.23453391,25.21800303],[-78.23492205,25.21760952],[-78.23486555,25.21668673],[-78.23468661,25.21652102],[-78.23262155,25.21636605],[-78.2319262,25.21667635]],[[-78.23764515,24.66978085],[-78.2357558,24.67110431],[-78.23628461,24.67207825],[-78.23807478,24.67168724],[-78.23923826,24.67378533],[-78.23681974,24.67427135],[-78.23779845,24.67753375],[-78.24043143,24.67586195],[-78.24158824,24.67273295],[-78.24212027,24.67248094],[-78.24552524,24.67360795],[-78.24565995,24.67410123],[-78.24544895,24.67596543],[-78.24144673,24.67678297],[-78.24116206,24.67715895],[-78.23965788,24.67983913],[-78.23959816,24.68011844],[-78.24029052,24.68152404],[-78.24112725,24.68198371],[-78.24303794,24.67958558],[-78.24645901,24.68144762],[-78.24914396,24.68137324],[-78.24932146,24.68118525],[-78.24755156,24.67849076],[-78.24967742,24.67765462],[-78.24984336,24.67450345],[-78.24783373,24.67564964],[-78.24717557,24.67165101],[-78.24699485,24.67138195],[-78.24502265,24.67203927],[-78.24461007,24.67165506],[-78.24388421,24.66855681],[-78.23869777,24.66801774],[-78.23764515,24.66978085]],[[-78.23852432,25.13671875],[-78.23738444,25.13763678],[-78.23702371,25.13849688],[-78.23789155,25.14009261],[-78.23860431,25.14040387],[-78.23935735,25.14039016],[-78.24406946,25.13744676],[-78.24407041,25.13671875],[-78.24420547,25.13671875],[-78.2477746,25.13108802],[-78.24620903,25.12919772],[-78.24590015,25.12921381],[-78.24238527,25.13131225],[-78.23866427,25.13671875],[-78.23852432,25.13671875]],[[-78.23777735,24.69408083],[-78.23811746,24.69425917],[-78.2419126,24.69089437],[-78.23992443,24.69192982],[-78.23769772,24.6921283],[-78.23760128,24.69236135],[-78.23777735,24.69408083]],[[-78.24246466,26.71875],[-78.24275923,26.71887696],[-78.24527216,26.71875],[-78.24567854,26.71668005],[-78.24404955,26.71602452],[-78.24424005,26.71568894],[-78.24475455,26.71533561],[-78.24628747,26.71594822],[-78.24775505,26.71490514],[-78.24920917,26.71714067],[-78.24943531,26.71703255],[-78.25081897,26.71409798],[-78.25065827,26.71371555],[-78.24932384,26.71332645],[-78.24265456,26.71459365],[-78.24090505,26.71582031],[-78.24090505,26.71721542],[-78.24246466,26.71875]],[[-78.24555063,27.19162595],[-78.24491644,27.19154656],[-78.24462497,27.19208312],[-78.24914014,27.19506943],[-78.24946022,27.19402027],[-78.24555063,27.19162595]],[[-78.2582792,24.64876592],[-78.25653696,24.64767647],[-78.25614476,24.64771926],[-78.25539136,24.64820755],[-78.25414896,24.65157974],[-78.25079918,24.65498114],[-78.25071216,24.65836716],[-78.24863398,24.65864134],[-78.24844682,24.65850174],[-78.24845374,24.65564334],[-78.2473551,24.65530205],[-78.24660683,24.65577424],[-78.2457236,24.65991414],[-78.24610055,24.66009724],[-78.24773026,24.66008604],[-78.25478852,24.65686405],[-78.25961268,24.65840411],[-78.26312637,24.65805101],[-78.26390576,24.65762091],[-78.26417685,24.65581727],[-78.26343727,24.65456283],[-78.2615844,24.65690637],[-78.26141715,24.65698266],[-78.26026773,24.65648437],[-78.25866592,24.65431964],[-78.25825191,24.65327144],[-78.25827324,24.65050244],[-78.25931346,24.64979184],[-78.25923705,24.64959133],[-78.2582792,24.64876592]],[[-78.25140881,24.70188296],[-78.25220966,24.70207405],[-78.25243986,24.70186245],[-78.24954462,24.69871187],[-78.24951875,24.70079637],[-78.25140881,24.70188296]],[[-78.25504887,24.66602766],[-78.25497067,24.66719472],[-78.25792563,24.66528797],[-78.25789893,24.66511297],[-78.25595915,24.66380143],[-78.25543904,24.66387725],[-78.25494838,24.66485858],[-78.25504887,24.66602766]],[[-78.26613975,27.18922901],[-78.26504707,27.18995321],[-78.26571107,27.19100654],[-78.26529181,27.19137645],[-78.25919366,27.18925881],[-78.25911355,27.19169104],[-78.25641894,27.19366908],[-78.26821351,27.19524181],[-78.27170205,27.19705331],[-78.27965665,27.19868982],[-78.27581501,27.19479966],[-78.27029884,27.19288623],[-78.26969194,27.19220793],[-78.27084541,27.19090962],[-78.28075635,27.19637716],[-78.28673327,27.1991893],[-78.28654027,27.1977272],[-78.28416753,27.19643962],[-78.29043043,27.19462407],[-78.28481364,27.19210756],[-78.2857753,27.1940732],[-78.28298724,27.19601464],[-78.27160156,27.19004071],[-78.26090896,27.18670237],[-78.26009476,27.18675387],[-78.26190555,27.18803108],[-78.26584733,27.18882501],[-78.26613975,27.18922901]],[[-78.27462745,24.64273655],[-78.2735852,24.64268517],[-78.27308893,24.64303768],[-78.27179277,24.64496803],[-78.27116036,24.64636493],[-78.27187502,24.64757431],[-78.27160776,24.64769566],[-78.26176214,24.64575016],[-78.26075745,24.64847863],[-78.26240516,24.64864445],[-78.26517165,24.64986193],[-78.27459657,24.64767385],[-78.27644026,24.6483705],[-78.27665222,24.64829326],[-78.27776122,24.64496934],[-78.27462745,24.64273655]],[[-78.29427195,26.75044894],[-78.30341291,26.74911416],[-78.30397415,26.74900126],[-78.30503321,26.74676895],[-78.30177391,26.74296486],[-78.30214095,26.7382673],[-78.30046582,26.73774898],[-78.29858828,26.73486638],[-78.29892635,26.72969902],[-78.29866755,26.72921968],[-78.29112804,26.72289598],[-78.28994834,26.72222495],[-78.28720117,26.72157061],[-78.28539181,26.72228217],[-78.28366625,26.71996427],[-78.28328872,26.71975505],[-78.28027725,26.71985436],[-78.27994776,26.71973264],[-78.27999985,26.71875],[-78.27927434,26.71875],[-78.27839041,26.71794188],[-78.27879691,26.71606636],[-78.27729416,26.71487558],[-78.27673495,26.71463275],[-78.27027392,26.7157011],[-78.26866806,26.71875],[-78.2684375,26.71875],[-78.26707017,26.72081244],[-78.26674688,26.72107816],[-78.26247394,26.72272825],[-78.26419091,26.72498381],[-78.26775861,26.72593546],[-78.26565826,26.72835171],[-78.26727521,26.72974348],[-78.26744711,26.73014605],[-78.26714611,26.73186564],[-78.26771081,26.73266137],[-78.26996064,26.73388612],[-78.26997912,26.73594666],[-78.27168345,26.73766196],[-78.27390826,26.73892546],[-78.27512026,26.73869026],[-78.27566373,26.74167812],[-78.27902186,26.73859155],[-78.27970934,26.74198413],[-78.28336096,26.74464262],[-78.28654444,26.74258125],[-78.28583753,26.74104786],[-78.28207195,26.7394706],[-78.28400183,26.73800707],[-78.28480315,26.74020553],[-78.29354394,26.73962665],[-78.2965399,26.74089921],[-78.28892314,26.74057972],[-78.28705454,26.74164736],[-78.28690565,26.74204147],[-78.28713357,26.74344647],[-78.29149485,26.74542713],[-78.29205406,26.74598503],[-78.29320085,26.74907422],[-78.29427195,26.75044894]],[[-78.27026784,24.64576995],[-78.27069235,24.64597595],[-78.27063072,24.64232552],[-78.27038026,24.64234805],[-78.26872528,24.64428985],[-78.26870072,24.64474952],[-78.27026784,24.64576995]],[[-78.28269982,24.63792622],[-78.28265691,24.63761234],[-78.28134537,24.63911486],[-78.27911735,24.63953054],[-78.27990854,24.62647891],[-78.28193963,24.62401485],[-78.28051186,24.62372625],[-78.27832985,24.62651396],[-78.27825284,24.63243961],[-78.27670717,24.6345154],[-78.27554405,24.63433194],[-78.27423334,24.63700426],[-78.27739024,24.63532412],[-78.27614641,24.63899243],[-78.27879155,24.64026046],[-78.27894163,24.64062095],[-78.28178895,24.63960612],[-78.28269982,24.63792622]],[[-78.29348278,24.69204676],[-78.28924894,24.68807507],[-78.28877187,24.68711734],[-78.28809476,24.6852473],[-78.28885651,24.68198395],[-78.28874683,24.68169093],[-78.28683448,24.68055177],[-78.28599525,24.68043566],[-78.28564191,24.68064415],[-78.28499472,24.68266845],[-78.28729033,24.68893623],[-78.28791428,24.69609547],[-78.28966594,24.69807005],[-78.29348278,24.69204676]],[[-78.29169857,26.69367838],[-78.29145157,26.69008017],[-78.29087281,26.69011974],[-78.29026127,26.69296324],[-78.29169857,26.69367838]],[[-78.31229281,27.22207761],[-78.31299865,27.22700202],[-78.31536353,27.22662211],[-78.31867862,27.22768581],[-78.31935382,27.22634673],[-78.32305074,27.22616768],[-78.32277536,27.22391963],[-78.32481837,27.22378957],[-78.32521915,27.22342217],[-78.32524824,27.22235048],[-78.3247056,27.22138655],[-78.32027364,27.21922731],[-78.32086051,27.21720696],[-78.32580924,27.22022533],[-78.33067024,27.22127426],[-78.32377422,27.21598637],[-78.31682014,27.21543956],[-78.31908452,27.21884334],[-78.31272995,27.21490264],[-78.30766463,27.21351922],[-78.31773853,27.21909785],[-78.31918395,27.22043622],[-78.31874466,27.22206795],[-78.31085408,27.21682906],[-78.30580735,27.21657944],[-78.30086005,27.21318305],[-78.30227315,27.21735013],[-78.31173205,27.22148716],[-78.31229281,27.22207761]],[[-78.31367707,24.69134212],[-78.31048775,24.68956292],[-78.30902886,24.69035256],[-78.30747914,24.68968594],[-78.30289185,24.68838835],[-78.30272233,24.68844271],[-78.30249524,24.68938816],[-78.3036381,24.69626415],[-78.30502105,24.69775856],[-78.30747914,24.69762504],[-78.30872953,24.69762135],[-78.31250834,24.69831336],[-78.31391621,24.69193542],[-78.31367707,24.69134212]],[[-78.31297445,24.65461326],[-78.30887306,24.65162945],[-78.31128895,24.65428996],[-78.31285512,24.65567315],[-78.3132261,24.65574062],[-78.31403983,24.65520811],[-78.31297445,24.65461326]],[[-78.31588745,24.65338445],[-78.31686544,24.65360177],[-78.31608641,24.65173721],[-78.31569493,24.65136504],[-78.31483448,24.65157592],[-78.31292725,24.6519798],[-78.31419945,24.65324426],[-78.31588745,24.65338445]],[[-78.31539834,24.6546241],[-78.31519306,24.65456653],[-78.31501985,24.65471196],[-78.31490028,24.65496826],[-78.31484055,24.65525925],[-78.31491375,24.65554905],[-78.31504834,24.65583122],[-78.31521296,24.65610754],[-78.31536245,24.65638316],[-78.31553113,24.65666866],[-78.31572866,24.65698445],[-78.31600785,24.65734005],[-78.31625438,24.65717876],[-78.31614244,24.6567651],[-78.31599236,24.65641463],[-78.31584716,24.65605354],[-78.31569612,24.65556133],[-78.31556428,24.65497494],[-78.31539834,24.6546241]],[[-78.32704616,24.71080208],[-78.3284831,24.7046262],[-78.32684934,24.70468187],[-78.32491398,24.70261431],[-78.3181622,24.70162845],[-78.31772447,24.70175076],[-78.31787097,24.7049365],[-78.31993723,24.71215022],[-78.32673144,24.71601844],[-78.32757235,24.71532178],[-78.32704616,24.71080208]],[[-78.33213055,27.22027242],[-78.33242178,27.22144151],[-78.33381546,27.22309041],[-78.33314383,27.22411454],[-78.33553481,27.22647154],[-78.33169425,27.22553122],[-78.32790637,27.22295654],[-78.32749236,27.22304237],[-78.32645583,27.22670233],[-78.32586944,27.22765517],[-78.32173908,27.22943163],[-78.32158101,27.23015392],[-78.32273304,27.23317373],[-78.32301712,27.23351645],[-78.32800567,27.23423767],[-78.33436513,27.23747957],[-78.3361088,27.23282504],[-78.34257436,27.22573996],[-78.34829807,27.22624433],[-78.33925974,27.22169852],[-78.33213055,27.22027242]],[[-78.34166658,27.24609375],[-78.34222221,27.24722207],[-78.34277773,27.24722207],[-78.34333324,27.24609375],[-78.34277773,27.24388886],[-78.33972216,27.24027765],[-78.33916664,27.24111116],[-78.34166658,27.24609375]],[[-78.34845531,24.72249687],[-78.35036755,24.72468102],[-78.35042524,24.72365785],[-78.34928572,24.72262144],[-78.34845531,24.72249687]],[[-78.35704696,27.25962234],[-78.35542727,27.25928438],[-78.35197902,27.25995934],[-78.35141087,27.26027775],[-78.35092044,27.26087213],[-78.35095644,27.26194346],[-78.3513751,27.26212502],[-78.35704696,27.25962234]],[[-78.37724447,27.2570343],[-78.36991227,27.25649011],[-78.36543655,27.25804627],[-78.37205303,27.25800586],[-78.37349117,27.25862145],[-78.37724447,27.2570343]],[[-78.39194441,27.25611114],[-78.3905555,27.25722206],[-78.3984375,27.26023436],[-78.40222216,27.26194441],[-78.40250003,27.26194441],[-78.40499985,27.25833333],[-78.40499985,27.25805545],[-78.40388894,27.25694442],[-78.40361094,27.25694442],[-78.40250003,27.25861096],[-78.40027773,27.25944436],[-78.3984375,27.25899303],[-78.39805555,27.25888884],[-78.39611113,27.2563889],[-78.39194441,27.25611114]],[[-78.4105556,27.26666665],[-78.41388893,27.26861095],[-78.41222215,27.26583326],[-78.40972221,27.26472223],[-78.40944445,27.26611114],[-78.4105556,27.26666665]],[[-78.41750264,27.27142823],[-78.41802645,27.27151632],[-78.41790605,27.26997316],[-78.41770983,27.26979887],[-78.41545343,27.26949394],[-78.41750264,27.27142823]],[[-78.43854773,24.64375174],[-78.4313333,24.64807141],[-78.42988801,24.64699698],[-78.42730713,24.64939392],[-78.42643344,24.65266061],[-78.43057632,24.66348195],[-78.42915225,24.66943216],[-78.43187475,24.66806805],[-78.43417943,24.66879904],[-78.43523622,24.66722345],[-78.44078624,24.6673429],[-78.44288731,24.66595006],[-78.44378173,24.66652477],[-78.44514751,24.66697586],[-78.44935501,24.67090738],[-78.45076954,24.67983747],[-78.45181954,24.68028653],[-78.45305908,24.67923045],[-78.45449901,24.66841221],[-78.45741868,24.66325533],[-78.46242177,24.66299701],[-78.46916294,24.65838194],[-78.47257543,24.65761554],[-78.47730351,24.66164434],[-78.47908366,24.66058874],[-78.48368156,24.64726305],[-78.48136306,24.64453745],[-78.48148417,24.64270127],[-78.47232628,24.63627481],[-78.46244133,24.63286591],[-78.45339418,24.63643706],[-78.45216191,24.63852012],[-78.45248723,24.64079845],[-78.43854773,24.64375174]],[[-78.44460535,26.71875],[-78.44646895,26.71802962],[-78.44671726,26.71740997],[-78.44639134,26.71663356],[-78.44534326,26.71615815],[-78.44495153,26.71621966],[-78.44304574,26.71875],[-78.44312501,26.71875],[-78.44321203,26.7191658],[-78.44351423,26.72042596],[-78.44399178,26.7203933],[-78.44406235,26.71875],[-78.44460535,26.71875]],[[-78.45178545,26.74155593],[-78.45303106,26.74313843],[-78.45114934,26.74389076],[-78.44681025,26.74169493],[-78.44775403,26.74393797],[-78.44497132,26.74511373],[-78.44414675,26.74725795],[-78.44532764,26.74980354],[-78.44691706,26.74892521],[-78.44943917,26.75044835],[-78.45100784,26.75019646],[-78.45401871,26.74697041],[-78.45647025,26.74237967],[-78.45406425,26.73976338],[-78.45521236,26.73478365],[-78.45399523,26.73220718],[-78.45544362,26.72961557],[-78.45642471,26.73243225],[-78.46108556,26.73368025],[-78.46033502,26.73148727],[-78.46276498,26.73040605],[-78.46070814,26.72724402],[-78.45610607,26.72817636],[-78.45365894,26.72682774],[-78.45076287,26.72943366],[-78.44975483,26.73478162],[-78.45118547,26.7367171],[-78.44923902,26.73747778],[-78.44883525,26.73968744],[-78.44948173,26.74117327],[-78.45178545,26.74155593]],[[-78.45192206,26.72610712],[-78.45238674,26.72625112],[-78.45401883,26.72577512],[-78.45418584,26.72408176],[-78.45389903,26.72409523],[-78.45263886,26.72470784],[-78.45192206,26.72610712]],[[-78.45472121,26.73924935],[-78.45673835,26.74137998],[-78.46096504,26.73641431],[-78.45986593,26.73527062],[-78.45673788,26.73733234],[-78.45584357,26.73755157],[-78.45472121,26.73924935]],[[-78.46458542,26.73318994],[-78.46512115,26.73328233],[-78.46575677,26.73288822],[-78.46589136,26.73229432],[-78.46540844,26.73024881],[-78.46515393,26.73035252],[-78.4634757,26.73254466],[-78.46347117,26.73281836],[-78.46458542,26.73318994]],[[-78.46827447,26.75450838],[-78.4669435,26.75650096],[-78.46728134,26.75668395],[-78.46886241,26.75637567],[-78.46904695,26.75608611],[-78.4693042,26.75507724],[-78.46923995,26.75460005],[-78.46859252,26.75427437],[-78.46827447,26.75450838]],[[-78.47299767,26.77644336],[-78.47208095,26.77522755],[-78.47426796,26.77020895],[-78.47635412,26.77173615],[-78.47728252,26.76994765],[-78.47740507,26.76960611],[-78.47757804,26.76509321],[-78.47629571,26.76301217],[-78.47701585,26.76120126],[-78.47833645,26.7609266],[-78.48701346,26.76713145],[-78.48915911,26.77121413],[-78.48958457,26.77163243],[-78.49151325,26.77164865],[-78.49546766,26.77594626],[-78.49667001,26.77592576],[-78.49753284,26.77345181],[-78.49647391,26.76934791],[-78.49618065,26.76906288],[-78.49144006,26.76854146],[-78.49131501,26.76819217],[-78.49234772,26.76796508],[-78.49333954,26.76421225],[-78.49328291,26.76160073],[-78.49192345,26.7586683],[-78.49134123,26.75806797],[-78.49006486,26.75737095],[-78.48609495,26.75762284],[-78.48205864,26.75432265],[-78.47950625,26.75588024],[-78.47521424,26.75644731],[-78.47463906,26.75931621],[-78.47255278,26.75739324],[-78.4724586,26.75502622],[-78.46968925,26.75743794],[-78.46954095,26.76047611],[-78.47118866,26.76251554],[-78.46794355,26.76555192],[-78.46820104,26.77088678],[-78.47134924,26.77379966],[-78.47292984,26.77908087],[-78.47349668,26.77698052],[-78.47299767,26.77644336]],[[-78.50682187,26.81478775],[-78.4989537,26.81152225],[-78.49673653,26.81083727],[-78.49596035,26.81034195],[-78.49568725,26.80991328],[-78.49586475,26.80739725],[-78.49133468,26.80548751],[-78.48914242,26.81308055],[-78.49064386,26.81765616],[-78.49928045,26.81914031],[-78.50345123,26.81636894],[-78.50403428,26.81643593],[-78.50433898,26.81656766],[-78.50387645,26.81748962],[-78.50417912,26.81961441],[-78.50536895,26.81739962],[-78.50689578,26.81697905],[-78.50682187,26.81478775]],[[-78.50480676,26.78045344],[-78.50522161,26.77160406],[-78.50651622,26.77115774],[-78.50858092,26.77603853],[-78.51085091,26.76995528],[-78.51402736,26.76602495],[-78.51429677,26.76165891],[-78.51323545,26.75797534],[-78.51273572,26.75765681],[-78.51153636,26.75696981],[-78.5130825,26.75562656],[-78.51043928,26.7512238],[-78.510167,26.75091255],[-78.50656664,26.75097501],[-78.50464451,26.74664593],[-78.50224304,26.74854696],[-78.50327146,26.75119364],[-78.50208735,26.75348461],[-78.49939251,26.75267911],[-78.49795473,26.75355935],[-78.49585235,26.75178731],[-78.49407065,26.75218666],[-78.49406254,26.75599885],[-78.4984045,26.76494944],[-78.50007546,26.77133405],[-78.50188804,26.77694726],[-78.50457942,26.78039694],[-78.50480676,26.78045344]],[[-78.51516533,26.83110237],[-78.51631141,26.82932067],[-78.51710296,26.82574761],[-78.51693678,26.82320964],[-78.51655912,26.82245505],[-78.51569021,26.82200217],[-78.51480854,26.82188535],[-78.51139927,26.82473624],[-78.50311315,26.8271265],[-78.50296175,26.82741833],[-78.50404668,26.83085811],[-78.50546718,26.83165443],[-78.50670111,26.83294916],[-78.51149285,26.83172274],[-78.51471865,26.8313781],[-78.51516533,26.83110237]],[[-78.50831437,26.7341305],[-78.51494575,26.73295283],[-78.51527131,26.73283947],[-78.5162636,26.73101544],[-78.51679015,26.73295546],[-78.52045548,26.73296416],[-78.52127326,26.73267734],[-78.52401686,26.73057282],[-78.52535593,26.72711456],[-78.52011156,26.72760987],[-78.51917076,26.72664452],[-78.51795805,26.72787023],[-78.51641357,26.72565186],[-78.51453245,26.72563791],[-78.51323795,26.72802222],[-78.50751674,26.73121762],[-78.50706315,26.73166704],[-78.50668836,26.73329341],[-78.50831437,26.7341305]],[[-78.5114609,26.74121702],[-78.51074553,26.74259865],[-78.51224935,26.74395597],[-78.51256192,26.74410486],[-78.51523495,26.74492741],[-78.51612771,26.7441107],[-78.52137446,26.74473011],[-78.52020621,26.74654985],[-78.51765382,26.74613225],[-78.51721001,26.74690187],[-78.51235366,26.74514401],[-78.51013803,26.74507415],[-78.5092355,26.74534512],[-78.50799274,26.74681926],[-78.50784075,26.74744642],[-78.50837314,26.74873126],[-78.5107969,26.74838078],[-78.51240897,26.74994993],[-78.51288295,26.74994516],[-78.51577091,26.74863064],[-78.51732433,26.75052464],[-78.52217972,26.74978232],[-78.52581477,26.75145531],[-78.52700257,26.74995816],[-78.52667224,26.74832153],[-78.52885246,26.74717152],[-78.52924383,26.74474335],[-78.53111196,26.74372673],[-78.53000522,26.74217594],[-78.53245294,26.74120426],[-78.532902,26.74047422],[-78.53281474,26.7393049],[-78.53022254,26.73470891],[-78.52702832,26.7339946],[-78.52290523,26.73542106],[-78.51998746,26.73500347],[-78.51952815,26.73511064],[-78.51607764,26.73810196],[-78.51297426,26.73790717],[-78.51268852,26.73804235],[-78.5114609,26.74121702]],[[-78.51263535,24.66111755],[-78.51278222,24.66325045],[-78.51288855,24.66341984],[-78.51501966,24.66483057],[-78.51881731,24.67162764],[-78.51976502,24.67215073],[-78.52011037,24.67220223],[-78.52291632,24.66797566],[-78.52706277,24.66452634],[-78.52287805,24.66060472],[-78.51775444,24.64919245],[-78.51148772,24.64626133],[-78.50984573,24.64753032],[-78.51339841,24.65621436],[-78.51263535,24.66111755]],[[-78.51281023,26.81219125],[-78.51214814,26.81165731],[-78.51105428,26.8117038],[-78.51039052,26.81294847],[-78.51088965,26.81370735],[-78.51281154,26.81421685],[-78.51349652,26.81375182],[-78.51340306,26.81327414],[-78.51281023,26.81219125]],[[-78.51774228,26.75155365],[-78.51602638,26.75065875],[-78.51446772,26.75087023],[-78.51344705,26.75488031],[-78.51444685,26.75622761],[-78.51656592,26.75645936],[-78.51753736,26.75594592],[-78.51774228,26.75155365]],[[-78.51639187,26.83257961],[-78.51784587,26.83381736],[-78.51899791,26.83241606],[-78.51894343,26.83183026],[-78.51795185,26.83066714],[-78.51685131,26.83049715],[-78.51627052,26.83183205],[-78.51639187,26.83257961]],[[-78.51696956,26.80722034],[-78.51878583,26.81075442],[-78.5215044,26.81010592],[-78.52288568,26.80820787],[-78.52306151,26.80789065],[-78.52261376,26.80639708],[-78.52205324,26.8061378],[-78.52131844,26.80627274],[-78.51699054,26.80638647],[-78.51663733,26.80652595],[-78.51696956,26.80722034]],[[-78.52509534,26.82949388],[-78.52389288,26.82849956],[-78.52229547,26.82907152],[-78.51968336,26.83770072],[-78.52420783,26.84013104],[-78.53132737,26.84036195],[-78.53303671,26.84101582],[-78.53354478,26.84052587],[-78.53251481,26.83872724],[-78.52873278,26.83399308],[-78.52810383,26.83576405],[-78.52566075,26.83753347],[-78.52520466,26.83702505],[-78.52402985,26.83496118],[-78.52509534,26.82949388]],[[-78.52158284,26.75625944],[-78.52166402,26.75759637],[-78.52499795,26.75508583],[-78.52614296,26.75249696],[-78.52585435,26.75208354],[-78.52295554,26.75155938],[-78.52266693,26.75169683],[-78.52359915,26.75405598],[-78.52353692,26.75433195],[-78.52158284,26.75625944]],[[-78.52545631,26.76460814],[-78.52584887,26.76472616],[-78.52698171,26.76447618],[-78.52793837,26.76294935],[-78.52803981,26.76223695],[-78.52664995,26.7621479],[-78.52495444,26.76389623],[-78.52545631,26.76460814]],[[-78.52836406,26.75758624],[-78.52793765,26.75626445],[-78.52724051,26.75632417],[-78.52659965,26.75812113],[-78.52660894,26.75859845],[-78.52748525,26.75901425],[-78.52836406,26.75758624]],[[-78.52941346,26.72631443],[-78.53136325,26.72721291],[-78.53533137,26.72517848],[-78.53219151,26.72381377],[-78.53186917,26.72380912],[-78.53036463,26.72503197],[-78.52885985,26.72576344],[-78.52890778,26.72598815],[-78.52941346,26.72631443]],[[-78.52892673,26.73152125],[-78.53256214,26.73338067],[-78.53377235,26.7339046],[-78.5348196,26.73577285],[-78.53749835,26.73346794],[-78.54044175,26.73410904],[-78.54055762,26.73398471],[-78.54037762,26.73111224],[-78.53958035,26.73011935],[-78.53457487,26.72843814],[-78.53054023,26.72958577],[-78.52908444,26.72978055],[-78.52892673,26.73152125]],[[-78.53451002,26.82689917],[-78.53357577,26.82606125],[-78.53176451,26.82639051],[-78.53076136,26.82769012],[-78.53076553,26.82804728],[-78.53262377,26.82961416],[-78.53451002,26.82689917]],[[-78.53712595,26.72588027],[-78.53782737,26.72608972],[-78.53894246,26.72526216],[-78.53950715,26.72386146],[-78.53843427,26.72387874],[-78.53759277,26.72411335],[-78.53669405,26.72474945],[-78.53656316,26.72512555],[-78.53712595,26.72588027]],[[-78.54123592,26.75462592],[-78.53923345,26.75657737],[-78.54040515,26.75880075],[-78.54415917,26.75307965],[-78.5435549,26.75206196],[-78.54255784,26.75210822],[-78.54167128,26.7526015],[-78.54123592,26.75462592]],[[-78.54149318,26.76769686],[-78.54121018,26.76753533],[-78.54081476,26.76782083],[-78.54055095,26.76822305],[-78.54049885,26.76858485],[-78.54071295,26.76886702],[-78.54104567,26.76904356],[-78.54164135,26.76829386],[-78.54149318,26.76769686]],[[-78.54351461,26.73397934],[-78.54482281,26.73601365],[-78.54586792,26.73311234],[-78.54416871,26.72998214],[-78.54387653,26.73009241],[-78.54255724,26.73152566],[-78.54256642,26.73194218],[-78.54351461,26.73397934]],[[-78.54515386,26.76740956],[-78.54345906,26.77340508],[-78.54540813,26.77138376],[-78.54515386,26.76740956]],[[-78.54502165,26.84583712],[-78.54489994,26.84613454],[-78.54424155,26.85180771],[-78.54447687,26.85197234],[-78.54700255,26.84646368],[-78.54720831,26.84615827],[-78.54953015,26.84480441],[-78.54957116,26.84402823],[-78.54912484,26.84361947],[-78.54842412,26.84336782],[-78.54642594,26.84510171],[-78.54502165,26.84583712]],[[-78.55516064,26.77750981],[-78.55323803,26.77722704],[-78.55272317,26.77737892],[-78.54799616,26.7794255],[-78.54752576,26.78033185],[-78.54757154,26.78076565],[-78.55109358,26.78069186],[-78.55497515,26.77856743],[-78.55516064,26.77750981]],[[-78.54864252,26.83494735],[-78.54826856,26.83485615],[-78.54792714,26.83510447],[-78.54770255,26.83550155],[-78.54756582,26.83603168],[-78.54757524,26.83666885],[-78.54771245,26.83716357],[-78.54787028,26.83752441],[-78.54803133,26.83786345],[-78.54816461,26.83819544],[-78.54833186,26.83840644],[-78.54855645,26.83850944],[-78.54873884,26.83827341],[-78.54887211,26.83735943],[-78.54898715,26.83646154],[-78.54892766,26.83552468],[-78.54864252,26.83494735]],[[-78.57486343,26.80084503],[-78.57322764,26.80068982],[-78.57279944,26.80085373],[-78.57220507,26.80190158],[-78.57495081,26.80445051],[-78.57516515,26.80519354],[-78.57685125,26.81185746],[-78.57871735,26.81188011],[-78.57886243,26.80584025],[-78.57654631,26.80420482],[-78.57486343,26.80084503]],[[-78.58171463,26.72834396],[-78.58154905,26.72746503],[-78.57878077,26.72574306],[-78.57753873,26.72587073],[-78.57735348,26.72613728],[-78.57903397,26.72804225],[-78.57692814,26.72870493],[-78.57705057,26.72922373],[-78.57807934,26.72953653],[-78.57953572,26.73050463],[-78.58015621,26.73018956],[-78.58171463,26.72834396]],[[-78.58096576,26.8450129],[-78.58195925,26.84538221],[-78.58317542,26.84520471],[-78.58308435,26.84485614],[-78.58102036,26.84360981],[-78.58096576,26.8450129]],[[-78.58965123,26.69548845],[-78.58391762,26.69506025],[-78.5843997,26.69945395],[-78.58491993,26.69946921],[-78.58573937,26.70031357],[-78.58940172,26.69811082],[-78.58965123,26.69548845]],[[-78.5866698,26.82127786],[-78.58662915,26.82205415],[-78.58766103,26.82533395],[-78.59183896,26.82633471],[-78.59241808,26.82443011],[-78.59143853,26.82244825],[-78.59113646,26.82210624],[-78.58857417,26.82034481],[-78.58735466,26.82044518],[-78.5866698,26.82127786]],[[-78.59018505,26.83388245],[-78.59034836,26.83790195],[-78.59742367,26.84238875],[-78.59793317,26.83272493],[-78.59309793,26.83021712],[-78.59645951,26.82892418],[-78.59268963,26.82679308],[-78.59090471,26.82862353],[-78.59101856,26.82924342],[-78.59117103,26.82974875],[-78.59212256,26.83133101],[-78.59018505,26.83388245]],[[-78.60307324,26.67611253],[-78.59793043,26.67219365],[-78.5984621,26.67714715],[-78.59858835,26.67744303],[-78.59996295,26.67825484],[-78.60103714,26.67833567],[-78.60307324,26.67611253]],[[-78.60419846,26.75711393],[-78.60715318,26.75783742],[-78.60653245,26.75608051],[-78.60554898,26.75596595],[-78.60419846,26.75711393]],[[-78.60805273,26.91296566],[-78.60895968,26.91638672],[-78.61277068,26.91944873],[-78.61673057,26.92097032],[-78.61746538,26.92106342],[-78.61802101,26.92044985],[-78.61734652,26.91473877],[-78.61383224,26.91177654],[-78.61339855,26.91158688],[-78.610098,26.91112637],[-78.60893786,26.91170466],[-78.60805273,26.91296566]],[[-78.60951126,26.80690205],[-78.61025906,26.8069607],[-78.61152375,26.80541587],[-78.61137557,26.80507314],[-78.61043417,26.80335581],[-78.60901475,26.80302298],[-78.60860348,26.80315626],[-78.60890603,26.80650711],[-78.60951126,26.80690205]],[[-78.66310334,26.62217057],[-78.66781616,26.62038791],[-78.66951466,26.61867785],[-78.66988862,26.61818325],[-78.67286861,26.60879874],[-78.67273796,26.60785425],[-78.67120886,26.60494936],[-78.66556454,26.60415471],[-78.66509688,26.60446632],[-78.66270328,26.60662007],[-78.6641525,26.61091053],[-78.66267395,26.6107341],[-78.66231894,26.61324036],[-78.65967381,26.60721636],[-78.65784812,26.60833335],[-78.65552557,26.60617924],[-78.65515935,26.60117698],[-78.65273345,26.60064375],[-78.65229702,26.60076606],[-78.65039456,26.60191965],[-78.65035307,26.60933912],[-78.65827215,26.61179721],[-78.65949953,26.61369777],[-78.65939403,26.61704803],[-78.66188991,26.62075365],[-78.66310334,26.62217057]],[[-78.66795826,26.60170186],[-78.66583025,26.59992182],[-78.66548455,26.60007131],[-78.66521323,26.6008147],[-78.66627097,26.60152364],[-78.66795826,26.60170186]],[[-78.68122613,26.58244097],[-78.68223667,26.58076656],[-78.68193746,26.5804038],[-78.68087816,26.58189893],[-78.67869651,26.58191812],[-78.67873645,26.58214283],[-78.68063748,26.58349621],[-78.68122613,26.58244097]],[[-78.68590617,26.58052731],[-78.68643403,26.58072341],[-78.68710732,26.57791531],[-78.68674636,26.57800186],[-78.68585515,26.57864988],[-78.68546247,26.57973564],[-78.68590617,26.58052731]],[[-78.69068384,26.59244704],[-78.69745708,26.58808112],[-78.69768655,26.58780444],[-78.69869161,26.58454144],[-78.70101297,26.58244574],[-78.70100987,26.57855022],[-78.70030355,26.57764936],[-78.69947863,26.57734501],[-78.69845736,26.57785261],[-78.69864202,26.57873833],[-78.69818902,26.58243072],[-78.69481504,26.58281445],[-78.69252586,26.58579552],[-78.69262922,26.58647716],[-78.69540524,26.58406806],[-78.69615626,26.58678031],[-78.69309676,26.58776975],[-78.69301248,26.58917224],[-78.69266927,26.58955145],[-78.69090354,26.59035587],[-78.69053543,26.59035325],[-78.68960047,26.58974814],[-78.69057894,26.58721006],[-78.68915761,26.58664536],[-78.68850148,26.58736742],[-78.68894517,26.59065843],[-78.68995321,26.59234512],[-78.69068384,26.59244704]],[[-78.6923871,26.5805428],[-78.69280684,26.58081114],[-78.69492865,26.58082366],[-78.69530416,26.58092523],[-78.69662762,26.57941926],[-78.69353473,26.57915998],[-78.69457364,26.57788563],[-78.69371164,26.57733095],[-78.69342887,26.57730746],[-78.69282711,26.57880461],[-78.69267666,26.57882762],[-78.69125521,26.57731593],[-78.69105816,26.57743692],[-78.69107616,26.57853246],[-78.6923871,26.5805428]],[[-78.72272217,26.58555853],[-78.7255342,26.58361268],[-78.72206581,26.58295524],[-78.72081554,26.58281803],[-78.71724558,26.58607686],[-78.71862936,26.58817184],[-78.72061515,26.58835495],[-78.72144127,26.58906674],[-78.72220981,26.58836877],[-78.72272217,26.58555853]],[[-78.74136221,26.56642437],[-78.73881066,26.56547976],[-78.7383579,26.56653905],[-78.73879814,26.56702912],[-78.74058068,26.56775856],[-78.74134624,26.56822371],[-78.74164116,26.56794465],[-78.74136221,26.56642437]],[[-78.73877001,26.58189166],[-78.74017358,26.58314717],[-78.74087906,26.58307648],[-78.74342287,26.57884586],[-78.74301052,26.57887423],[-78.73877001,26.58161271],[-78.73877001,26.58189166]],[[-78.75584841,26.57582796],[-78.75563598,26.57871938],[-78.75,26.58091521],[-78.74855256,26.58159435],[-78.74824774,26.58200121],[-78.7466979,26.58631575],[-78.74407935,26.58595812],[-78.74236858,26.58427703],[-78.74077761,26.58638632],[-78.74102533,26.58693981],[-78.74394321,26.58930635],[-78.75,26.58844864],[-78.75071955,26.58834147],[-78.75142491,26.58697534],[-78.75046575,26.58404601],[-78.75572085,26.58230114],[-78.75656223,26.57946622],[-78.75866187,26.57860875],[-78.76171422,26.57908547],[-78.76379311,26.57787764],[-78.76316297,26.58061457],[-78.76419568,26.58068395],[-78.76536071,26.57950521],[-78.76618493,26.57770085],[-78.76621294,26.57692444],[-78.76548636,26.57395875],[-78.76809275,26.56961501],[-78.76811075,26.56716681],[-78.76567638,26.56298327],[-78.76581001,26.56186688],[-78.76614273,26.56018674],[-78.76929927,26.555269],[-78.76940048,26.55420327],[-78.76808548,26.55036616],[-78.76788044,26.55018175],[-78.76193035,26.54833806],[-78.75475824,26.54505742],[-78.75155973,26.54296875],[-78.74877298,26.54105222],[-78.74652207,26.54230046],[-78.74656844,26.54296875],[-78.7471925,26.54366624],[-78.74633801,26.54965198],[-78.74662757,26.55157757],[-78.7477293,26.55562115],[-78.74923992,26.55839086],[-78.75,26.55859375],[-78.75275505,26.55928051],[-78.75603604,26.56168318],[-78.75860035,26.56465542],[-78.75927281,26.56875026],[-78.75584841,26.57582796]],[[-78.75041723,26.57352245],[-78.74919784,26.57745242],[-78.75,26.57815194],[-78.75122917,26.57833242],[-78.75290084,26.57775211],[-78.7532866,26.57747674],[-78.75439525,26.57607007],[-78.75570083,26.57410991],[-78.75801575,26.5694406],[-78.75807762,26.5668689],[-78.75642896,26.56343997],[-78.75,26.55970967],[-78.74826574,26.55877674],[-78.74788272,26.55894506],[-78.74357176,26.56535614],[-78.74734127,26.57042694],[-78.75,26.57059145],[-78.75053573,26.57201302],[-78.75041723,26.57352245]],[[-78.7663995,26.57351303],[-78.76655281,26.58063233],[-78.7699337,26.57865667],[-78.77113283,26.57793307],[-78.77231991,26.57339871],[-78.77351475,26.57380795],[-78.77459896,26.57718146],[-78.77641177,26.57660055],[-78.77718055,26.57413375],[-78.78198385,26.57169998],[-78.78377426,26.57276857],[-78.78294778,26.57426345],[-78.78306794,26.57521272],[-78.78407931,26.57687306],[-78.78474593,26.57719386],[-78.78562951,26.57710075],[-78.78775084,26.57597494],[-78.78817701,26.57553625],[-78.78862345,26.5744189],[-78.78688383,26.55957258],[-78.78673363,26.55924368],[-78.78103852,26.55329227],[-78.77831376,26.55211008],[-78.77787936,26.55208385],[-78.77695525,26.55290151],[-78.77877676,26.55644405],[-78.77932274,26.56124425],[-78.77704835,26.57183003],[-78.77688384,26.57171977],[-78.77863765,26.55708325],[-78.77617216,26.55349147],[-78.77569282,26.55313086],[-78.77163684,26.55110955],[-78.77022135,26.55147624],[-78.7695204,26.55721653],[-78.76660562,26.56113887],[-78.76895726,26.56884205],[-78.7663995,26.57351303]],[[-78.76975524,26.49958026],[-78.77231073,26.50220084],[-78.77445662,26.50209427],[-78.77431154,26.50022316],[-78.77387536,26.49990976],[-78.77196658,26.49910355],[-78.77024806,26.49916244],[-78.76975524,26.49958026]],[[-78.77429795,26.50677073],[-78.77834046,26.50897062],[-78.77868783,26.50864625],[-78.77736843,26.50662482],[-78.77446854,26.50493085],[-78.77367342,26.50487375],[-78.77355671,26.50513816],[-78.77429795,26.50677073]],[[-78.78124356,26.61586964],[-78.7830348,26.61277962],[-78.78282797,26.61196196],[-78.78190315,26.61205125],[-78.78077531,26.61250496],[-78.77940226,26.61452544],[-78.77981186,26.61624587],[-78.78074408,26.61655056],[-78.78124356,26.61586964]],[[-78.79409206,26.5971266],[-78.79454243,26.59578907],[-78.79488993,26.59412956],[-78.79369426,26.59312057],[-78.79197621,26.59327805],[-78.79068661,26.59381211],[-78.79054797,26.59403884],[-78.79202127,26.59413373],[-78.79116583,26.59536874],[-78.78885984,26.59469724],[-78.78789544,26.59307373],[-78.78458095,26.59393823],[-78.78651536,26.59378505],[-78.78675771,26.59391522],[-78.78844655,26.59507155],[-78.78739727,26.59554923],[-78.78687215,26.59589803],[-78.78750718,26.59650028],[-78.79409206,26.5971266]],[[-78.79145408,26.58800435],[-78.79102015,26.58762383],[-78.79033816,26.58771837],[-78.78821981,26.59092104],[-78.79076028,26.59058535],[-78.79145408,26.58800435]],[[-78.79220355,26.61941612],[-78.78962135,26.61925411],[-78.78862751,26.61980104],[-78.78915942,26.62050867],[-78.79112208,26.62117934],[-78.79191518,26.62075746],[-78.79235315,26.61962962],[-78.79220355,26.61941612]],[[-78.79561853,26.60603785],[-78.79699075,26.60612035],[-78.79820824,26.60416102],[-78.80002832,26.60663712],[-78.80282235,26.60651016],[-78.80322921,26.60733235],[-78.80452895,26.60805535],[-78.8067044,26.60830271],[-78.80757093,26.60688973],[-78.81167614,26.60726321],[-78.81203854,26.60673904],[-78.81198311,26.60565305],[-78.81053436,26.60497105],[-78.80924726,26.6049813],[-78.80645466,26.60584188],[-78.80587745,26.60281634],[-78.80370712,26.60298514],[-78.80318296,26.60119152],[-78.80664456,26.59927917],[-78.80630934,26.597],[-78.80267274,26.5981425],[-78.79963911,26.59740496],[-78.79914772,26.59950125],[-78.79772401,26.59986925],[-78.79641354,26.59965515],[-78.79702651,26.59797311],[-78.79481316,26.59741783],[-78.79325771,26.59890425],[-78.78878236,26.5988512],[-78.78871584,26.59910476],[-78.79025054,26.60016942],[-78.79091811,26.60384512],[-78.79117775,26.60399222],[-78.79284954,26.60374653],[-78.79550135,26.60104287],[-78.79469025,26.60450304],[-78.79528606,26.60585904],[-78.79561853,26.60603785]],[[-78.80478191,26.6526823],[-78.80492473,26.65037572],[-78.80248261,26.64596224],[-78.80338943,26.64285982],[-78.80429745,26.64234507],[-78.80602658,26.64442456],[-78.80859995,26.64374661],[-78.80787885,26.64591455],[-78.80942464,26.6470232],[-78.81045461,26.64297605],[-78.80700338,26.64044726],[-78.80735827,26.63496971],[-78.80397952,26.63581741],[-78.80199933,26.63523245],[-78.80009091,26.62996805],[-78.79850841,26.63079572],[-78.79655182,26.63017118],[-78.79992855,26.62709224],[-78.79701436,26.62591696],[-78.79400051,26.62821603],[-78.79388177,26.63014901],[-78.79465985,26.63130724],[-78.79869294,26.63233793],[-78.79952657,26.63409185],[-78.7964226,26.63913107],[-78.79586268,26.64335954],[-78.79762685,26.64732885],[-78.80071664,26.64855003],[-78.80242145,26.65133393],[-78.80478191,26.6526823]],[[-78.79558766,26.58747005],[-78.79461455,26.58965278],[-78.7949481,26.59033811],[-78.79553294,26.5904814],[-78.79666924,26.58851194],[-78.79626155,26.58743191],[-78.79558766,26.58747005]],[[-78.80539453,26.58383715],[-78.80516624,26.58359742],[-78.8014667,26.58372152],[-78.80192327,26.57983387],[-78.80027032,26.58014452],[-78.79699564,26.57857215],[-78.79566586,26.57896554],[-78.79473722,26.58014464],[-78.79475391,26.58062756],[-78.79926121,26.58223152],[-78.80007756,26.58373642],[-78.80326915,26.58530796],[-78.80375242,26.58540904],[-78.80539453,26.58383715]],[[-78.80034327,26.61516893],[-78.80085361,26.6153146],[-78.80203164,26.61371517],[-78.80203104,26.61340296],[-78.80059814,26.61075473],[-78.79939353,26.61035275],[-78.79662335,26.61138058],[-78.79659903,26.61237335],[-78.79726064,26.61382794],[-78.80034327,26.61516893]],[[-78.79773176,26.59269035],[-78.80033922,26.59547436],[-78.80167675,26.59151697],[-78.7981441,26.58976364],[-78.79773176,26.59269035]],[[-78.81059361,26.61711085],[-78.81110275,26.61563516],[-78.8104974,26.61503541],[-78.80902135,26.61514926],[-78.80714202,26.61666691],[-78.80597854,26.61417711],[-78.80289292,26.61369216],[-78.80238926,26.61413705],[-78.80231833,26.61683702],[-78.80275047,26.61703277],[-78.81004953,26.61830354],[-78.81059361,26.61711085]],[[-78.8038063,26.57926154],[-78.80279481,26.57908761],[-78.80262208,26.58040214],[-78.8029834,26.58122456],[-78.80455887,26.58211565],[-78.80456531,26.57992053],[-78.8038063,26.57926154]],[[-78.80306315,26.59514356],[-78.80337894,26.59601724],[-78.80400145,26.59624064],[-78.80772078,26.59656465],[-78.80832076,26.59596574],[-78.80852437,26.59365284],[-78.80816162,26.59333551],[-78.80628264,26.59349418],[-78.80508733,26.59239423],[-78.80456436,26.59243691],[-78.80356514,26.59359884],[-78.80306315,26.59514356]],[[-78.80399311,26.62624001],[-78.80407262,26.62674916],[-78.80755377,26.62667406],[-78.80826044,26.62504125],[-78.80440342,26.62515414],[-78.8041501,26.62531984],[-78.80399311,26.62624001]],[[-78.81014752,26.57511926],[-78.80960023,26.57237816],[-78.80714953,26.57270646],[-78.80489802,26.57411325],[-78.80476975,26.57438993],[-78.80492711,26.5764991],[-78.80535185,26.5767107],[-78.81014752,26.57511926]],[[-78.80735695,26.57749295],[-78.80624437,26.57723665],[-78.80531228,26.578933],[-78.80681753,26.57926595],[-78.80735695,26.57749295]],[[-78.81316614,26.62895715],[-78.81227195,26.62789571],[-78.80969942,26.62828076],[-78.80993664,26.62553954],[-78.80708301,26.62798905],[-78.80758035,26.62850606],[-78.80926204,26.63064957],[-78.81218421,26.63201332],[-78.81323922,26.62931037],[-78.81316614,26.62895715]],[[-78.81221354,26.60467613],[-78.81220353,26.59803236],[-78.81053364,26.5986706],[-78.81032705,26.60071003],[-78.8085227,26.60026383],[-78.80808294,26.60084724],[-78.80819106,26.60114825],[-78.81221354,26.60467613]],[[-78.8085674,26.58167374],[-78.80993605,26.58430636],[-78.80843401,26.58605194],[-78.80870128,26.58617163],[-78.81207705,26.58542585],[-78.81258285,26.58185565],[-78.8123219,26.58096457],[-78.81174195,26.58070445],[-78.80937338,26.58072233],[-78.80883121,26.58092606],[-78.8085674,26.58167374]],[[-78.81181407,26.5895015],[-78.81330764,26.59155893],[-78.81385398,26.58929205],[-78.81361115,26.5886451],[-78.81242502,26.58791554],[-78.81209242,26.58808267],[-78.81181407,26.5895015]],[[-78.81824195,26.64632118],[-78.81621778,26.64045882],[-78.81976068,26.63632214],[-78.81681585,26.63307393],[-78.81356776,26.63260472],[-78.81288624,26.63281667],[-78.81247008,26.63360822],[-78.81344235,26.63480616],[-78.81452715,26.63629794],[-78.8128643,26.63819122],[-78.81259704,26.64329708],[-78.81275821,26.64379954],[-78.81374085,26.64579952],[-78.81734622,26.64822066],[-78.81824195,26.64632118]],[[-78.81407666,26.62536895],[-78.81554294,26.62618613],[-78.81907487,26.62381875],[-78.81920123,26.62345135],[-78.81806517,26.62001622],[-78.81544375,26.61993837],[-78.81506276,26.62035096],[-78.81308365,26.62405121],[-78.81407666,26.62536895]],[[-78.81313932,26.59774995],[-78.81343853,26.59867275],[-78.81391144,26.59894264],[-78.81711352,26.5995146],[-78.81644082,26.59786403],[-78.81604028,26.59764314],[-78.81395626,26.59727335],[-78.81313932,26.59774995]],[[-78.81569302,26.61033523],[-78.81508756,26.61026275],[-78.81467426,26.61366594],[-78.81629384,26.61185205],[-78.81569302,26.61033523]],[[-78.81508672,26.57214057],[-78.81495357,26.57312703],[-78.81563175,26.5737586],[-78.81781936,26.57397521],[-78.81905556,26.57312334],[-78.81676495,26.57060814],[-78.81635761,26.57067883],[-78.81508672,26.57214057]],[[-78.81600177,26.60717952],[-78.81772876,26.61199355],[-78.81928897,26.61246836],[-78.81891012,26.60864162],[-78.81600177,26.60717952]],[[-78.81691265,26.57632172],[-78.81755865,26.57764626],[-78.82012415,26.57553422],[-78.81722414,26.57430756],[-78.81712043,26.57439065],[-78.81691265,26.57632172]],[[-78.82142317,26.61335242],[-78.82104897,26.61420882],[-78.82087207,26.61421895],[-78.81828535,26.61344087],[-78.81782055,26.61380672],[-78.81778371,26.61477816],[-78.8180443,26.61505604],[-78.82072926,26.61585975],[-78.82472336,26.61570573],[-78.82643294,26.61667526],[-78.82740307,26.61589146],[-78.82647121,26.61430085],[-78.82585645,26.61397815],[-78.82248521,26.61310685],[-78.82142317,26.61335242]],[[-78.81899285,26.63092256],[-78.81808925,26.63071871],[-78.81784081,26.63191736],[-78.81832755,26.63314462],[-78.82063913,26.63603234],[-78.82031643,26.64074695],[-78.82144487,26.64161372],[-78.82388866,26.63638353],[-78.82386732,26.63589275],[-78.82330954,26.63389194],[-78.82315314,26.63369012],[-78.81899285,26.63092256]],[[-78.82187736,26.62873542],[-78.82191932,26.62593663],[-78.81823027,26.62599432],[-78.81802321,26.62623906],[-78.82187736,26.62873542]],[[-78.82257474,26.63040125],[-78.82209027,26.63239813],[-78.82340276,26.63311851],[-78.82418203,26.63126135],[-78.82272935,26.63014615],[-78.82257474,26.63040125]],[[-78.82749605,26.61917925],[-78.82768548,26.62080514],[-78.82908475,26.62218463],[-78.83164167,26.62374032],[-78.83322203,26.62348044],[-78.83322072,26.62233317],[-78.82776415,26.61895466],[-78.82749605,26.61917925]],[[-78.83663607,26.64703393],[-78.83513725,26.63729644],[-78.83128774,26.63939726],[-78.83078277,26.64246535],[-78.82870865,26.64413035],[-78.8310889,26.64538181],[-78.83467233,26.65119982],[-78.83663607,26.64703393]],[[-78.83536303,26.6025238],[-78.83395922,26.60225844],[-78.83353531,26.60241008],[-78.83418584,26.60595477],[-78.83457851,26.60615611],[-78.83570826,26.60444915],[-78.83572245,26.60367954],[-78.83536303,26.6025238]],[[-78.84029365,26.66774702],[-78.8414278,26.66407144],[-78.83908832,26.65939474],[-78.8371098,26.65740073],[-78.83655608,26.65751958],[-78.83556235,26.65919983],[-78.83738303,26.66583574],[-78.84029365,26.66774702]],[[-78.84097886,26.62219906],[-78.84121025,26.62225246],[-78.84255207,26.62132084],[-78.84293735,26.61993694],[-78.84242964,26.61898005],[-78.84176338,26.61908436],[-78.84067881,26.62008822],[-78.8405019,26.62065744],[-78.84097886,26.62219906]],[[-78.84409714,26.65119314],[-78.84489226,26.65184736],[-78.84545517,26.65136707],[-78.84535956,26.64582038],[-78.84467936,26.64431775],[-78.84427285,26.64428651],[-78.8438158,26.64468527],[-78.84303582,26.64671516],[-78.84304035,26.64711726],[-78.84409714,26.65119314]],[[-78.84363306,26.62205994],[-78.84476471,26.62526572],[-78.84779501,26.62670386],[-78.84731781,26.62403834],[-78.84363306,26.62205994]],[[-78.85252595,26.66779804],[-78.84961605,26.66623914],[-78.84465981,26.66640723],[-78.84755266,26.66886354],[-78.85018075,26.66805351],[-78.85099947,26.66825962],[-78.8528496,26.66916657],[-78.85301375,26.66883004],[-78.85252595,26.66779804]],[[-78.84468865,26.65669966],[-78.84707344,26.65828812],[-78.84754038,26.65805626],[-78.8478477,26.65670228],[-78.84744346,26.65611541],[-78.84559286,26.65501106],[-78.84476638,26.65493751],[-78.84468865,26.65669966]],[[-78.84824443,26.63695371],[-78.84898424,26.63703251],[-78.84955442,26.63628626],[-78.84931886,26.63480353],[-78.84730434,26.63432038],[-78.84651244,26.63618827],[-78.84824443,26.63695371]],[[-78.84754026,26.64757228],[-78.84866774,26.64824331],[-78.85122478,26.64698315],[-78.85139441,26.64669144],[-78.85065615,26.64579523],[-78.848827,26.64575994],[-78.84812283,26.64600575],[-78.84739053,26.64720702],[-78.84754026,26.64757228]],[[-78.85084617,26.63684726],[-78.85275626,26.63805103],[-78.85314226,26.63797796],[-78.85376108,26.63717616],[-78.85319006,26.63582432],[-78.85120511,26.63515544],[-78.85087073,26.63520372],[-78.85084617,26.63684726]],[[-78.85636175,26.61637723],[-78.85650218,26.61752832],[-78.85964882,26.61746645],[-78.86010146,26.61624706],[-78.85995352,26.61606932],[-78.85826325,26.61557436],[-78.85755861,26.61569226],[-78.85636175,26.61637723]],[[-78.86578917,26.57785594],[-78.86713028,26.57898545],[-78.86688995,26.57612276],[-78.86606967,26.5757364],[-78.86544454,26.57601225],[-78.86578917,26.57785594]],[[-78.87177885,26.65381396],[-78.87536705,26.65602875],[-78.87542832,26.65387583],[-78.87645304,26.65493894],[-78.87793064,26.653602],[-78.87610817,26.648826],[-78.87590325,26.64853454],[-78.87277806,26.64673865],[-78.87208581,26.64494026],[-78.87157345,26.64492345],[-78.87103558,26.64510894],[-78.87072885,26.64824677],[-78.87294984,26.64788675],[-78.87236822,26.64933336],[-78.87522674,26.65188313],[-78.87205493,26.65252066],[-78.87137568,26.65345395],[-78.87177885,26.65381396]],[[-78.88281012,26.66953754],[-78.88214016,26.66528451],[-78.88408184,26.66443813],[-78.88434565,26.66269708],[-78.88629568,26.66146672],[-78.88637495,26.66114962],[-78.88462162,26.65999365],[-78.88449812,26.65965903],[-78.88532436,26.65862393],[-78.88319385,26.65902793],[-78.88310945,26.66252601],[-78.88299477,26.66256583],[-78.88021576,26.66573393],[-78.87925363,26.66597223],[-78.87795925,26.66588235],[-78.87773991,26.66558611],[-78.87712288,26.66264045],[-78.87587094,26.66301763],[-78.87668598,26.66619813],[-78.87701166,26.66669917],[-78.87942648,26.66785324],[-78.8802855,26.66991305],[-78.88169265,26.67056668],[-78.88255417,26.67002416],[-78.88281012,26.66953754]],[[-78.88127315,26.64481092],[-78.88110375,26.64522791],[-78.88258314,26.64690304],[-78.88317585,26.64712322],[-78.88416958,26.64635086],[-78.88297856,26.64225745],[-78.88270426,26.64239645],[-78.88127315,26.64481092]],[[-78.88794577,26.64989984],[-78.88835633,26.65045476],[-78.88906693,26.64845312],[-78.88888335,26.64793563],[-78.88756263,26.64740574],[-78.88703263,26.64761484],[-78.88684678,26.64798784],[-78.88794577,26.64989984]],[[-78.99649835,26.70928013],[-78.99621511,26.71146727],[-78.99635065,26.71191025],[-78.99744356,26.71314716],[-78.99800932,26.71321774],[-78.99844432,26.71192026],[-78.99649835,26.70928013]],[[-79.01520276,26.80033433],[-79.01531541,26.80086386],[-79.0166347,26.80186105],[-79.01872396,26.80136526],[-79.01740301,26.79916406],[-79.01664841,26.79924881],[-79.01520276,26.80033433]],[[-79.01614881,26.73888946],[-79.01568306,26.74308884],[-79.01765645,26.74508715],[-79.01820266,26.74520803],[-79.01940811,26.74524808],[-79.01820743,26.74011827],[-79.01614881,26.73888946]],[[-79.08049917,26.03084695],[-79.07986975,26.03305638],[-79.08132625,26.03309894],[-79.08301425,26.03086603],[-79.09461856,26.02695775],[-79.09314656,26.02707291],[-79.08641231,26.02815103],[-79.08294785,26.029217],[-79.08049917,26.03084695]],[[-79.13760257,24.94657242],[-79.13794982,24.94681334],[-79.13843918,24.94628775],[-79.13834977,24.94601226],[-79.138291,24.94573855],[-79.13836026,24.94546282],[-79.13849998,24.94516635],[-79.13868546,24.94481623],[-79.13885796,24.94440973],[-79.13898385,24.94402587],[-79.13892496,24.94368196],[-79.13864315,24.94344354],[-79.13827956,24.94348586],[-79.13795435,24.94386244],[-79.13773656,24.94440115],[-79.13755417,24.94484687],[-79.1373986,24.94521618],[-79.13728094,24.94564545],[-79.13733625,24.94616473],[-79.13760257,24.94657242]],[[-79.13805401,24.94240367],[-79.13837683,24.94306326],[-79.13902175,24.94250584],[-79.14051926,24.93872941],[-79.14019322,24.93818653],[-79.13983905,24.93819964],[-79.13805401,24.94240367]],[[-79.14845204,25.26199818],[-79.14935243,25.26962388],[-79.15127456,25.27555335],[-79.15162146,25.27573192],[-79.15234697,25.27371335],[-79.15045762,25.26525664],[-79.15033984,25.26484632],[-79.14845204,25.26199818]],[[-79.15242767,25.23393536],[-79.15252554,25.23415673],[-79.15252554,25.23431885],[-79.15237892,25.23437786],[-79.15228105,25.23454022],[-79.15250933,25.23499751],[-79.15268874,25.23524833],[-79.15270495,25.23539591],[-79.15257454,25.23552847],[-79.15237892,25.23569095],[-79.15228105,25.23586786],[-79.15234625,25.23611856],[-79.15237892,25.23642838],[-79.15262353,25.23682666],[-79.15278661,25.23690045],[-79.15288436,25.23679733],[-79.15281916,25.23656118],[-79.15280294,25.23632514],[-79.15278661,25.23616302],[-79.15281916,25.23588264],[-79.15288436,25.23569095],[-79.15291703,25.23546946],[-79.15306377,25.23527777],[-79.15309644,25.23514497],[-79.15298223,25.23474681],[-79.15290058,25.23454022],[-79.15291703,25.23434842],[-79.15293336,25.23411226],[-79.15294957,25.23374355],[-79.15290058,25.23361075],[-79.15288436,25.23336005],[-79.15285182,25.23313868],[-79.15277016,25.23306501],[-79.15250933,25.23307967],[-79.15239513,25.23321247],[-79.15237892,25.23344862],[-79.15241134,25.23374355],[-79.15242767,25.23393536]],[[-79.19094753,25.37589502],[-79.19174194,25.37626922],[-79.19206405,25.37580383],[-79.19013214,25.37088418],[-79.18743491,25.36780131],[-79.19035006,25.37528825],[-79.19094753,25.37589502]],[[-79.19829285,25.39463615],[-79.19885993,25.39760411],[-79.19912887,25.39830577],[-79.2003417,25.39954925],[-79.20108354,25.39993811],[-79.20161021,25.39953625],[-79.20110035,25.39748585],[-79.20081842,25.39674616],[-79.19859791,25.39435625],[-79.19829285,25.39463615]],[[-79.20664525,25.41639745],[-79.20588613,25.41710901],[-79.20360816,25.41686881],[-79.20343733,25.41702402],[-79.20252633,25.41987097],[-79.20267951,25.42278087],[-79.20328414,25.42384458],[-79.20352745,25.42395175],[-79.20753634,25.42373395],[-79.20987952,25.42517745],[-79.21026695,25.42525947],[-79.21118855,25.42454076],[-79.20832562,25.41976166],[-79.20832252,25.41641498],[-79.20783496,25.4157747],[-79.20664525,25.41639745]],[[-79.30154276,25.71907985],[-79.29991734,25.72080731],[-79.29729152,25.72561383],[-79.29617786,25.72572804],[-79.29174805,25.73286104],[-79.28945541,25.73909461],[-79.28903854,25.73962033],[-79.28598297,25.74133635],[-79.28279781,25.74723244],[-79.28087378,25.74683476],[-79.28027236,25.74761856],[-79.28132057,25.74830532],[-79.2802248,25.74954975],[-79.28027236,25.74847686],[-79.27874768,25.74813366],[-79.27727056,25.75143814],[-79.27998662,25.74997902],[-79.27750885,25.75242507],[-79.27679408,25.75555801],[-79.27617466,25.75611591],[-79.27080524,25.75337434],[-79.27026474,25.76102388],[-79.26753676,25.76747584],[-79.26476765,25.77117801],[-79.26203096,25.77281952],[-79.25667691,25.77302825],[-79.25798452,25.75936341],[-79.26062262,25.75261152],[-79.26298106,25.75099182],[-79.26252937,25.74752724],[-79.26598525,25.74439704],[-79.26721621,25.74125552],[-79.26772463,25.73890805],[-79.26532793,25.73564696],[-79.26592958,25.73329532],[-79.26820397,25.73240995],[-79.26887107,25.73544955],[-79.27000773,25.73522496],[-79.27239811,25.73081946],[-79.27233017,25.72805977],[-79.26611412,25.72720063],[-79.25892365,25.72826993],[-79.25826454,25.73014414],[-79.25540161,25.73149133],[-79.25323462,25.73564351],[-79.24911237,25.73717988],[-79.24795234,25.73901534],[-79.24847925,25.74383521],[-79.24660385,25.74258292],[-79.24692166,25.73995447],[-79.24513364,25.73812604],[-79.24651611,25.73114598],[-79.24447823,25.73025012],[-79.24239242,25.73123252],[-79.24024022,25.73423457],[-79.24007285,25.73956585],[-79.24383438,25.7546823],[-79.24712682,25.76300752],[-79.24652123,25.76626706],[-79.24932885,25.77336097],[-79.25190926,25.77787995],[-79.25584555,25.77909005],[-79.25663745,25.77903271],[-79.26287651,25.77592814],[-79.27198172,25.76426983],[-79.27830052,25.75962961],[-79.28020513,25.75381112],[-79.29941738,25.72689045],[-79.30241811,25.71896732],[-79.30154276,25.71907985]],[[-79.25212145,25.68777895],[-79.24556601,25.69350302],[-79.24509788,25.69517386],[-79.24654508,25.69666946],[-79.26192164,25.70393085],[-79.26978076,25.70672274],[-79.27158701,25.70738006],[-79.27901375,25.70680535],[-79.27938998,25.70695901],[-79.28433275,25.70995331],[-79.28856111,25.71592343],[-79.29225075,25.71715295],[-79.29310393,25.71690202],[-79.29239535,25.71539986],[-79.29285383,25.71517456],[-79.29327047,25.71543753],[-79.29552126,25.71851671],[-79.29760516,25.71956813],[-79.29948068,25.71892965],[-79.30043936,25.71772814],[-79.30269015,25.70255744],[-79.30584037,25.69826603],[-79.30500686,25.69099176],[-79.30474496,25.69069135],[-79.30353045,25.69283724],[-79.30264938,25.69247246],[-79.30424488,25.69350243],[-79.30281615,25.69352376],[-79.30264938,25.69648504],[-79.29449093,25.69972014],[-79.29304576,25.69808877],[-79.28778172,25.69717026],[-79.27284658,25.69662523],[-79.26670885,25.6936233],[-79.26083851,25.68850756],[-79.25801682,25.68762636],[-79.25212145,25.68777895]],[[-79.24846017,25.49115765],[-79.24872828,25.49132645],[-79.24974287,25.49099195],[-79.24883986,25.48948157],[-79.24732232,25.48898065],[-79.24703264,25.48912227],[-79.24846017,25.49115765]],[[-79.25373244,25.4961915],[-79.25621152,25.49781966],[-79.25693142,25.49812651],[-79.25680244,25.49723756],[-79.25479817,25.49505556],[-79.25382543,25.4948498],[-79.25355732,25.49499798],[-79.25373244,25.4961915]],[[-79.25764442,25.52229357],[-79.25991297,25.52898025],[-79.26012182,25.52944756],[-79.26739025,25.53917003],[-79.26896167,25.54314888],[-79.26942515,25.54341066],[-79.27129078,25.54319143],[-79.27124155,25.54121232],[-79.27101457,25.54072464],[-79.26298761,25.52979434],[-79.26260698,25.52905321],[-79.25990653,25.52242243],[-79.25990653,25.51851475],[-79.25923014,25.51841235],[-79.25899231,25.51854014],[-79.25764442,25.52229357]],[[-79.27668726,25.55438151],[-79.27668321,25.55438244],[-79.27646971,25.55653465],[-79.27668726,25.55438151]],[[-79.27668726,25.55438151],[-79.27731895,25.55423546],[-79.2772243,25.55508435],[-79.27873063,25.55476582],[-79.27899206,25.55492342],[-79.28212345,25.55778325],[-79.28461003,25.56012833],[-79.28945541,25.56775045],[-79.29206264,25.56926394],[-79.29236197,25.56749237],[-79.28206694,25.55420828],[-79.28126216,25.54973066],[-79.28216076,25.54821718],[-79.28372252,25.54840791],[-79.28362966,25.54556215],[-79.27899516,25.54680264],[-79.2730062,25.54415035],[-79.27273512,25.54611003],[-79.27525425,25.55064416],[-79.27300644,25.55490577],[-79.27515495,25.55570734],[-79.27566695,25.55269086],[-79.27654696,25.55257535],[-79.27685225,25.55274856],[-79.27668726,25.55438151]],[[-79.27433133,25.73363733],[-79.27477455,25.73546386],[-79.27529538,25.73610985],[-79.27807725,25.7337805],[-79.27815306,25.73361111],[-79.27677941,25.73135304],[-79.27599251,25.73128915],[-79.27461267,25.73280191],[-79.27433133,25.73363733]],[[-79.28050935,25.7269901],[-79.28151834,25.72980726],[-79.2851001,25.72648835],[-79.28516686,25.72556567],[-79.28371215,25.72524774],[-79.28341055,25.72526705],[-79.28050935,25.7269901]],[[-79.29635513,25.57204306],[-79.29546475,25.57659042],[-79.30171692,25.58683467],[-79.30234325,25.58718336],[-79.30324686,25.58576071],[-79.29927516,25.57966161],[-79.29635513,25.57204306]],[[-79.30642736,25.66372395],[-79.30666494,25.66388965],[-79.30839658,25.66216135],[-79.30923796,25.65440166],[-79.30890346,25.6544286],[-79.30681646,25.6572932],[-79.30642736,25.66372395]],[[-79.31059384,25.60251606],[-79.31004214,25.60521233],[-79.31016016,25.60590887],[-79.31163621,25.60805845],[-79.31200325,25.60827684],[-79.31171262,25.60295057],[-79.31078815,25.60242534],[-79.31059384,25.60251606]],[[-79.31320441,25.62485874],[-79.31427026,25.62804973],[-79.31494236,25.62804401],[-79.31439972,25.62536657],[-79.31421614,25.62491167],[-79.31343651,25.62470138],[-79.31320441,25.62485874]],[[-79.48785973,23.48704565],[-79.4899857,23.48766565],[-79.49157226,23.48740935],[-79.4910264,23.48626351],[-79.49049473,23.48598325],[-79.48702443,23.48525751],[-79.4865967,23.48555315],[-79.48785973,23.48704565]],[[-79.49770606,23.48763013],[-79.50341547,23.4911381],[-79.51381767,23.49521422],[-79.51675916,23.49538696],[-79.52523315,23.50085115],[-79.52762747,23.50250542],[-79.53326786,23.50874925],[-79.53492165,23.51100814],[-79.53600848,23.51459026],[-79.53732657,23.51435244],[-79.53734505,23.51074266],[-79.53483045,23.50491488],[-79.52534866,23.49570692],[-79.52067316,23.49281311],[-79.51862943,23.49300754],[-79.51813722,23.49065363],[-79.51492095,23.48874283],[-79.50823367,23.48810804],[-79.50485623,23.48605943],[-79.49675596,23.48552084],[-79.49485397,23.48643637],[-79.49770606,23.48763013]],[[-79.54229677,23.52361405],[-79.54258037,23.52368855],[-79.54392457,23.52349508],[-79.54420805,23.52278984],[-79.54359233,23.51754415],[-79.53671241,23.51615477],[-79.54131985,23.51872516],[-79.54229677,23.52361405]],[[-79.54341447,23.52498102],[-79.54479158,23.52835536],[-79.54520822,23.52880931],[-79.54900646,23.53079176],[-79.54977775,23.53273177],[-79.5620085,23.54542851],[-79.56544232,23.54697633],[-79.5713253,23.5546875],[-79.57152987,23.5546875],[-79.57152987,23.55482686],[-79.58085346,23.56318605],[-79.58448815,23.56907451],[-79.58702016,23.57021618],[-79.58785975,23.57464421],[-79.59063303,23.57670057],[-79.59699881,23.58556914],[-79.59660363,23.58185971],[-79.59382606,23.57872474],[-79.59488332,23.57571137],[-79.59464657,23.57461906],[-79.59344566,23.57324207],[-79.57579136,23.5546875],[-79.57588315,23.5546875],[-79.57137024,23.55085444],[-79.56932521,23.54636276],[-79.56232226,23.54284191],[-79.55869365,23.53751636],[-79.55629766,23.53645015],[-79.55534244,23.53437507],[-79.55191064,23.53188705],[-79.55085123,23.52937031],[-79.54799056,23.52802825],[-79.54557872,23.52426875],[-79.54513752,23.52401352],[-79.54370594,23.52461541],[-79.54341447,23.52498102]],[[-79.59755433,23.58687544],[-79.59987485,23.58966684],[-79.60011756,23.58981085],[-79.60110426,23.58939552],[-79.60022485,23.58751237],[-79.59979463,23.58682227],[-79.5980705,23.58604765],[-79.59753752,23.58634543],[-79.59755433,23.58687544]],[[-79.60584855,23.59614873],[-79.60680676,23.59617436],[-79.60589361,23.59358704],[-79.60298586,23.59074867],[-79.60121357,23.59055042],[-79.60487616,23.59538066],[-79.60584855,23.59614873]],[[-79.66381454,23.68290341],[-79.67310703,23.69306028],[-79.67547691,23.69447541],[-79.67565703,23.69422817],[-79.67529082,23.69294953],[-79.66736364,23.68424082],[-79.66389108,23.68277705],[-79.66381454,23.68290341]],[[-79.75855315,23.84364414],[-79.75905287,23.84385204],[-79.75988054,23.84309602],[-79.75689685,23.84000003],[-79.75662887,23.84019434],[-79.75855315,23.84364414]],[[-79.7654947,23.85865355],[-79.77084255,23.86592352],[-79.77124107,23.87149823],[-79.77157521,23.87180305],[-79.77204883,23.87122965],[-79.77238011,23.86535144],[-79.76934207,23.86100185],[-79.7654947,23.85865355]],[[-79.77531767,23.87686396],[-79.779778,23.88350832],[-79.77989376,23.88378775],[-79.78041661,23.8877511],[-79.78064012,23.88780677],[-79.78143096,23.88670611],[-79.78120935,23.88267302],[-79.7780776,23.87742257],[-79.77771664,23.87701094],[-79.77573085,23.87590015],[-79.77542806,23.87618887],[-79.77531767,23.87686396]],[[-79.78225183,23.90704977],[-79.78490651,23.90929151],[-79.78363025,23.90625],[-79.78364861,23.90625],[-79.78211558,23.90315175],[-79.78178477,23.90321708],[-79.78212404,23.90625],[-79.78210437,23.90625],[-79.78225183,23.90704977]],[[-79.83025324,24.02897906],[-79.83072555,24.02904904],[-79.83121431,24.02794087],[-79.82850957,24.02495933],[-79.82843113,24.02465391],[-79.82896447,24.02214515],[-79.82757854,24.02196825],[-79.82741714,24.02498364],[-79.83025324,24.02897906]],[[-79.83226883,24.02881146],[-79.83279562,24.03390014],[-79.83440566,24.03626871],[-79.83405316,24.02972353],[-79.83226883,24.02881146]],[[-79.85579336,24.05143237],[-79.85733032,24.05273426],[-79.85877371,24.05225253],[-79.85521245,24.05005145],[-79.85487652,24.05031335],[-79.85579336,24.05143237]],[[-79.86448717,24.05583358],[-79.86615145,24.05670071],[-79.86771858,24.05656338],[-79.86861134,24.05673873],[-79.86495006,24.05461562],[-79.86283362,24.05426085],[-79.86260247,24.05451941],[-79.86448717,24.05583358]],[[-79.87667811,24.0640887],[-79.87868965,24.06733751],[-79.87790597,24.0635035],[-79.87760866,24.06309712],[-79.87454891,24.05998647],[-79.87415934,24.06005836],[-79.87357152,24.06134462],[-79.87667811,24.0640887]],[[-80.31026661,24.00600874],[-80.30939436,24.005409],[-80.30744803,24.00544846],[-80.30620074,24.00679541],[-80.30635655,24.00694442],[-80.31026661,24.00600874]],[[-80.31432295,24.00406265],[-80.31386685,24.00396121],[-80.31237864,24.00450325],[-80.31219792,24.00472522],[-80.31223965,24.00612187],[-80.31438065,24.00527215],[-80.31460536,24.00502312],[-80.31432295,24.00406265]],[[-80.31883705,24.00378025],[-80.3195343,24.00396323],[-80.32197893,24.00249803],[-80.32192147,24.00218892],[-80.32080448,24.00207853],[-80.31852555,24.00309956],[-80.31838727,24.00352538],[-80.31883705,24.00378025]],[[-80.34268355,23.98979235],[-80.34108806,23.99089801],[-80.34017098,23.98998475],[-80.33621287,23.99118757],[-80.33329165,23.992769],[-80.32535231,23.99860811],[-80.33463764,23.99408257],[-80.34284568,23.99233806],[-80.35274947,23.98546326],[-80.34268355,23.98979235]],[[-80.36361957,23.97746432],[-80.36379933,23.97845077],[-80.36770368,23.97637987],[-80.36797404,23.97541583],[-80.36696553,23.97521663],[-80.36598694,23.97546434],[-80.36361957,23.97746432]],[[-80.37948942,23.69050491],[-80.38982785,23.70134163],[-80.39015186,23.70151186],[-80.39238024,23.69755936],[-80.39147472,23.69061625],[-80.38922226,23.68936193],[-80.38727713,23.68609774],[-80.3842926,23.68562663],[-80.38037825,23.68790925],[-80.37948942,23.69050491]],[[-80.38975513,23.96123326],[-80.39278316,23.95992756],[-80.39531577,23.96092224],[-80.3974905,23.95967901],[-80.4031136,23.96031082],[-80.39865506,23.95805836],[-80.39362597,23.95795643],[-80.38470626,23.96272445],[-80.3842262,23.96346545],[-80.38486576,23.96379304],[-80.38975513,23.96123326]],[[-80.40472126,23.95986152],[-80.40604663,23.96059227],[-80.40702367,23.96068156],[-80.40819848,23.95942175],[-80.40641975,23.95975387],[-80.40488935,23.95871127],[-80.40446854,23.95894504],[-80.40472126,23.95986152]],[[-80.42410982,23.95892406],[-80.42129624,23.95855475],[-80.4101932,23.95926154],[-80.40965903,23.95978844],[-80.40962875,23.96047103],[-80.41023135,23.96085072],[-80.41229033,23.96086037],[-80.41368306,23.96152341],[-80.41855884,23.95962322],[-80.42504072,23.96023536],[-80.42522681,23.96006346],[-80.42410982,23.95892406]],[[-80.43764913,23.95727015],[-80.43706274,23.95787895],[-80.43156028,23.95747626],[-80.43264854,23.95867145],[-80.43365371,23.95994604],[-80.43484485,23.95846093],[-80.43501234,23.95944774],[-80.43735063,23.95924377],[-80.44170582,23.95701015],[-80.44256425,23.95515275],[-80.45074916,23.95108712],[-80.44898784,23.95073652],[-80.44324374,23.95277846],[-80.43764913,23.95727015]],[[-80.47534764,23.91810656],[-80.46350634,23.93798375],[-80.45517373,23.94621694],[-80.45527101,23.94720101],[-80.45703232,23.94661117],[-80.46335971,23.93995881],[-80.47545075,23.92028713],[-80.47613084,23.91802335],[-80.47534764,23.91810656]]]]},"geometry_name":"the_geom","properties":{"mrgid":8404,"geoname":"Bahamian Exclusive Economic Zone","mrgid_ter1":2144,"pol_type":"200NM","mrgid_sov1":2144,"territory1":"Bahamas","iso_ter1":"BHS","sovereign1":"Bahamas","mrgid_ter2":null,"mrgid_sov2":null,"territory2":null,"iso_ter2":null,"sovereign2":null,"mrgid_ter3":null,"mrgid_sov3":null,"territory3":null,"iso_ter3":null,"sovereign3":null,"x_1":-75.57785,"y_1":25.11716,"mrgid_eez":8404,"area_km2":619785,"iso_sov1":"BHS","iso_sov2":null,"iso_sov3":null,"un_sov1":44,"un_sov2":null,"un_sov3":null,"un_ter1":44,"un_ter2":null,"un_ter3":null}}],"totalFeatures":1,"numberMatched":1,"numberReturned":1,"timeStamp":"2026-08-17T17:06:09.997Z","crs":{"type":"name","properties":{"name":"urn:ogc:def:crs:EPSG::4326"}}}